:040000006F70A02A53
:100004000000000000000000E06F0000E26F00004C
:1000140000000000A87200000000000000000000C2
:10002400A8720000A8720000000000000000000098
:10003400A872000000000000A87200000000000088
:10004400A8720000A8720000A8720000A872000044
:10005400A8720000A8720000F26F0000FC6F00009C
:1000640006700000107000001A700000A8720000F2
:10007400A8720000A8720000A8720000A872000014
:10008400A8720000A8720000A8720000A872000004
:10009400A8720000A8720000A8720000247000007A
:1000A400A8720000A8720000A8720000A8720000E4
:1000B400A8720000A8720000A8720000A8720000D4
:1000C400A8720000A8720000A8720000A8720000C4
:1000D400A8720000A8720000A8720000A8720000B4
:1000E40050700000A8720000A872000040100000C8
:0C00F400A8720000A8720000A8720000B2
:10010000397101436EC619A0397141536AC866CA74
:1001100062CC5ECE19A0397101535AD056D252D456
:100120004ED64AD826DA22DC06DE330161408282CE
:1001300041114AC026C222C406C68282B24D410184
:10014000024D924C224CB24B4101024B924A224A40
:10015000B2494101024992442244B24041018280A5
:100160003D432A876373C3029377F700BDEFADE584
:10017000937606FF3D8ABA960CC34CC30CC74CC796
:100180004107E36BD7FE11E28280B306C3408A06C3
:100190009702000096966780A6002307B700A30683
:1001A000B7002306B700A305B7002305B700A304D3
:1001B000B7002304B700A303B7002303B700A302CB
:1001C000B7002302B700A301B7002301B700A300C3
:1001D000B7002300B700828093F5F50F9396850052
:1001E000D58D93960501D58D61B79396270097021B
:1001F000000096968682E78086FA9680C1171D8F4A
:100200003E96E374C3F8A5B7EFF2FFF0130101DAED
:10021000EF10405513079009630DE55E6362A71662
:10022000130770076304E54C636DA7065947630025
:10023000E53A6369A7020947630EE53A636AA700D6
:100240006308054C05476303E53413010126F5BD3A
:1002500051476308E5365547E319E5FEEF10805036
:10026000D1459DA67947630DE536636DA7005D47CF
:100270006303E5366147E31AE5FCEF10A04E9305F2
:10028000800299A67D476302E53613070002E31E4C
:10029000E5FAEF10204DEF1030422320A1168545DE
:1002A00029AE1307D008630DE546636BA704130757
:1002B000A007630BE544636EA70013078007630B79
:1002C000E54213079007E312E5F8EF10A0498145D6
:1002D000E5AC1307B0076300E5441307C008E31655
:1002E000E5F6EF102048AA84EF10C0472A84D145D4
:1002F0002685EF109036D1452285EF101036B1B724
:10030000130700096305E54A636FA7041307E008B4
:100310006309E5441307F008E319E5F2EF108044A0
:100320002A89EF102044AA89EF10C0432A84B70419
:100330000020EF10204D9385440E2AD0EF1060432B
:10034000EF1040422ACEEF10E04BF247025713164F
:1003500014002A889386440E1376E60FCE854A85CC
:10036000EF10705EDDB5130770096300E54C1307ED
:100370008009E31CE5ECEF10E03EEF20A024F1B58E
:100380001307B00E6309E55A6366A7101307600BE5
:100390006307E54E6365A7061307A00A630FE548E8
:1003A000636DA7021307A0096304E5481307000A59
:1003B000E31DE5E8EF10003B2A84EF10A044AA8477
:1003C000EF10404437060020AA861306460E93F528
:1003D000F40F2285EF2020268DBD1307400B630606
:1003E000E5481307500BE312E5E6EF10A037854709
:1003F0003395A70042054181EF107079B9B5130715
:10040000F00B6303E54A6368A7021307700B6303ED
:10041000E5481307E00BE31AE5E2EF10A0342A8465
:10042000EF1040342ACEEF10E033F2452A862285C1
:10043000EF20205119BD1307000C630AE54A13078A
:10044000100CE314E5E0EF10E031AA89EF108031E1
:100450002A8AEF1020312AD2EF10C0302AD0EF10B4
:10046000603A371900202ACEEF10C039930549AE03
:10047000AA84EF10003072478256125637040020CB
:10048000A6881308440E930749AED2854E85EF2007
:10049000805401AE1307200F6304E5506369A7067B
:1004A0001307F00E6309E54C6368A7021307C00E3B
:1004B000630FE5481307E00EE319E5D83704002081
:1004C0001305440EEF108036EF10C033AA851305D4
:1004D000440EEF10A0742DAC1307000F6303E54A20
:1004E0001307100FE313E5D6EF10C031AA843704C9
:1004F0000020EF1020319305440E2ACEEF10602724
:1005000072469305440E2685EF10807A3DBB130793
:10051000500F6301E54C6365A7021307300F6300BA
:10052000E54A1307400FE312E5D237040020130514
:10053000440EEF10A02F1305440EEF10207F31B3AF
:100540001307600F6303E54A1307700FE31FE5CE3F
:10055000EF10402BEF10900537340020034544B8CE
:10056000130444B8EF106037484037340020EF10D0
:10057000C0361305C4B8EF809017AA84EF10E03599
:1005800093950401C1811305C4B80DA8B7A5000057
:100590009385058B25468812EF70D06F37F4FF1FC7
:1005A0000325847EEF1060330325C47EEF10E03214
:1005B0000325047FEF106032A1458812EF10802FD1
:1005C00069B1EF10201AC145EF10D00DBDB9EF1081
:1005D00060199145D5BFEF10E01893058004EDB781
:1005E000EF104018EF1070128DB1EF10A017EF1040
:1005F0005015A1B93704002002DC02DEEF10802084
:100600009305440EAA84EF10C016A6851305440E68
:10061000EF00807E19C98147130700029400BE963F
:10062000238006008507E39BE7FEA6851305440E9D
:10063000EF00C07911C58C0013050002EF106013A4
:10064000A6851305440EEF00E07D09C9EF10801B5D
:100650002ADC8C1013050010EF10A011A6851305DD
:10066000440EEF00807E19C98147130700109412D1
:10067000BE96238006008507E39BE7FE1308C103AF
:100680003C189812941026868C001305440EA5265B
:10069000A6851305440EEF0020763339A000A68509
:1006A0001305440E1609EF00407A19C113094910C9
:1006B0004A85EF1080220945EF102022A6851305F8
:1006C000440EEF00607311C5930500028800EF101F
:1006D000601EA6851305440EEF002077E30705B6DC
:1006E0007255EF10801F93050010C1BDEF108007F9
:1006F000E145D9BDEF1000072A84EF10A006AA85B6
:100700002285EF20200591B6EF10C005EF102030B4
:10071000EF10A01C1DBEEF10E004EF200030CDBF95
:10072000EF104004AA89EF10E0032A8AEF10800D31
:10073000AA8A0544130900089374F40FD686268606
:10074000D2854E85EF10F01C19C58545881223000F
:100750009116EF1020160504E31024FF2300011664
:100760003DBEEF1020002A89EF00D07F2AD0EF0095
:10077000707F2A84EF100009AA84EF00B07E2ACE91
:10078000EF104008F247825513161400370400207A
:100790002A8826879306440E1376E60F4A85EF10C3
:1007A000B01F93950401C1811305440E01BDEF00F4
:1007B000707BAA89EF00107B2A8AEF00B07A2A8426
:1007C00037090020EF1000049305490E2AD0EF00EE
:1007D000507AEF102003AA84EF00D0782ACEEF10D1
:1007E0006002F248025713161400371400202AC082
:1007F000D2854E852688930744AE9306490E13761C
:10080000E60FEF10F01E93950401C181130544AE6D
:1008100075B3EF0030752A84EF00D07E9315050183
:10082000C1812285EF1070540DB4EF10105831BC07
:10083000EF00507DEF10105A09BCEF00B072AA848F
:1008400037040020EF00107C9305440E2ACEEF0001
:100850005072054533159500724642059305440EC6
:100860004181EF10102A6FF05F9EEF00B06F854757
:100870003395A70042054181EF10502D51BDEF0087
:10088000706E85473395A70042054181EF10B03265
:100890006FF0BF9BEF00106D85473395A7004205B1
:1008A0004181EF10D033ADB5EF00D06B2A89EF0056
:1008B000706B2AD6EF00106B2AD4EF00B06A2AD2F0
:1008C000EF00506A2AD0EF00F0732ACEEF00907349
:1008D000F247025792562256B25537040020AA8496
:1008E000AA881308440E4A85EF2020085DBDEF005A
:1008F0007067AA84EF0010672A89EF00B0662AD4D7
:10090000EF0050662AD2EF00F06F370400202AD0A3
:10091000EF00506F9305440E2ACEEF0090657248A9
:100920000257925622569307440ECA852685EF2019
:1009300080076FF09F91370400201305440EEF00ED
:10094000F06E1305440EEF10802A6FF01F903704ED
:1009500000201305440EEF00706DB71400201385BE
:1009600044AEEF00B06C938544AE1305440EEF1017
:1009700060296FF09F8DEF00F068EF10002E6FF090
:10098000DF8CEF0030682A8937040020EF00906781
:10099000AA842A869305440E4A85EF10C02E11B50D
:1009A000EF0050662A84EF00F0652ACEEF009065D4
:1009B000F2452A862285EF1040326FF01F89EF0042
:1009C00070642A84EF001064AA852285EF108033BA
:1009D0006FF0BF87370400201305440EEF00106549
:1009E0001305440EEF10E03525B3EF00B061EF10B2
:1009F00020396FF09F85EFF2AFF05D712AC42E842D
:100A0000B68A3A8BBE8942898144014DDD4B130C75
:100A10001002930C3002930D4002A2473D4613058D
:100A2000F00F3387A7011423FD4561486380C62A70
:100A30006366D60A1D466385C6146360D6060D46F6
:100A4000638DC61E636FD600054693074D00638213
:100A5000C6126375D612362337170140232AD78072
:100A600031AA15466385C61A637BD61E3423283304
:100A7000054A36C6EF70803CB246331ADA00B71624
:100A8000014003A786803377470163110712EF7097
:100A9000003CB716014075D511AA2D466389C626BC
:100AA000636BD60025466380C6266370D6122A2360
:100AB000EF70802C6DA837160140B54593074D00A7
:100AC000130606806382B61C63F0D51E3823544695
:100AD00022971823C19A558F58C64DA06386762158
:100AE00063E4DB044D466380C6086361D602454675
:100AF000110D930580026387C60091456374D6008B
:100B0000930580042823EF10403501BF55466384C8
:100B1000C620D145637AD604FD1493972400980823
:100B2000BA9703AD07FCD5BD638786216362DC02FB
:100B3000638FB61E63EDD522E39A06EFB716014028
:100B40009386068094463823A182229714A305A099
:100B50006389962363EF96256380B61BE398A6EC22
:100B600061616FF0AFDDC1452823EF10002F110D3B
:100B70006DB53623371701402328D7803E8D71BDD0
:100B80002833034A2700EF70602B0547331A4701CB
:100B9000B716014003A786803377470119EBB716D4
:100BA000014003A786803377EA0011CBEF70C02A9B
:100BB0007DBFEF70C029B716014069DDCDB7EF707A
:100BC0000029B716014071DDD5B72833034A270045
:100BD000EF70C0260547331A4701B716014003A737
:100BE00086803377470111CFB716014003A786806F
:100BF0003377EA0045DFEF708025B71601407DD5D9
:100C000075B7EF70C024B716014071D9F1BF342316
:100C10002833054A36C6EF706022B246331ADA002E
:100C2000B716014003A786803377470141D3EF70A1
:100C30000022B71601407DD595BFB716014003A627
:100C400086802C23343305473317B700A296718F63
:100C500090223337E0000606518F98A209BF303347
:100C60002C23229618229356170014A28546137639
:100C7000170037170140B396B6001307078019C253
:100C800014CBF5B554CBE5B534332C2310460547CA
:100C9000A2963317B700718F90223337E0001E07FA
:100CA0000582518F98A2D9BD2C332823A295942177
:100CB00013971600E20698A1E18605473317A700AF
:100CC00063D4060018CA5DBD58CA4DBD3823B71697
:100CD000014003A6C680229718231376F6F0220758
:100CE000518F23A6E68061B5B71601409386068032
:100CF00094463823229799BD36230147E359D7E616
:100D000001000507E5BF2A23EF70C00D8DB52A232A
:100D1000EF70E009A9BD939624009C08BE96930746
:100D20004D0023A0F6FC035D27008504FDB134339C
:100D3000A29694227DBF83260900371601403823EE
:100D400003288680854513F676003396C5008D828C
:100D5000B395E500DA96B3F50501882299CD498E61
:100D600090A20327090005072320E90009B50326FF
:100D700009009306F07F918EC9B71346F6FF698E7E
:100D8000C5B7302303A709007D1723A0E9009355B9
:100D90003700D6958C2185461D8B3397E600339618
:100DA000C6006D8FB71601409386068011CF90CA9A
:100DB0007DBB302303A709009306F7FF1307F07FDD
:100DC00023A0D900158FE1B7D0CA55B3B7168081DB
:100DD00001477D46C1066364B70001458280B307C1
:100DE000E5009C236366F600B3D7F600858B99E394
:100DF0000D07D5B705458280B7E6008001477D46DF
:100E0000A1066364B70001458280B307E5009C2317
:100E10006366F600B3D7F600858B99E31107D5B763
:100E200005458280014785466364B700014582809D
:100E3000B307E5009C239387E7FD93F7F70F63F46F
:100E4000F6000D07D5B705458280014785466364E6
:100E5000B70001458280B307E5009C23811793F713
:100E6000F70F63F4F6000D07DDB705458280EFF25A
:100E70002FAC0945EF60D01A85450565EF60F02875
:100E80006FF04FADB707005013070004D8A7130742
:100E90008004D8B7371700201307474E98CB371771
:100EA000002013074752D8CB3717002013074756A7
:100EB00098CF371700201307475AD8CFA3890702C6
:100EC000A38D0702239A0702239E0702094723895D
:100ED000E702238BE702238FE70293874182238077
:100EE0000700A380070023810700A3810700238256
:100EF0000700A382070023830700A38307008280E3
:100F0000EFF20FA33704005099471CA01DC52945D7
:100F1000EF6090669D47230004003CA09307900279
:100F20001CA08D37930710F81CB037070008B7E7EF
:100F300000E023A2E7106FF0EFA12945EF60D06336
:100F4000B7E700E0230004003707000823A2E718F2
:100F50000F100000CDB79307F5FF93F7F70F19486F
:100F6000636DF80CEFF22F9B93874182AA979C2325
:100F700093844182054793F7F70FCDEB85476305CF
:100F8000F5001147631CE500B7070050DC27054753
:100F900093F7F70F631EE50291831DA81307E5FF82
:100FA0001377F70F63E9E700B7070050DC370D4709
:100FB00093F7F70FC5B71307B5FF1377F70F63E084
:100FC000E704B7070050FC2793F7F70FE30605FD8A
:100FD00013F847000147630B080437040014110499
:100FE0002A94A18BB2892A890A0485C30840B707CD
:100FF0000020938707043E95EF70C04919A8B707F2
:101000000050FC3793F7F70FE1B785E6C205C181C1
:101010000CC0231034038347240233852401014785
:1010200093F7C70F2301F40285471CA13A856FF09F
:10103000CF910840B70700207DBF05473A858280E1
:10104000011122CE26CC4ACA4EC852C656C4370415
:10105000005078207C301377F70F93762700638950
:10106000065893F7F70F13F7070393050002630081
:10107000B704930600036300D71A6DE313F7F70371
:10108000630B07128947631BF70C8347B40393C7AD
:101090004700A30DF402084442054181EF003005EA
:1010A0008347B40393F7C70FA30DF40245A893F742
:1010B000F703930610026388D70A9306300263870A
:1010C000D70C639DE708938701839E239384018354
:1010D000C207C18381E79147A309F40283C7218333
:1010E00093F70706A5EF83C7C182154793F7F70F5C
:1010F000638DE70419476393E7069E201307F00307
:10110000130400046365F7008220420441801389C0
:10111000818383290900371500202286CE85130597
:10112000454EEF7020379E20A29923203901818FF0
:10113000C207C1839EA0B707005082BB03C7270325
:10114000134747002389E70211A8370700503C33B3
:1011500083C6018293F70708D58F3CB3B7070050C9
:101160000947F8A379A98347640393C74700230B72
:10117000F4028347640393F7C70F93E72700230B19
:10118000F40293874182A3800700C9BF8347E40329
:1011900093C74700230FF4028347E40393F7C70F75
:1011A00093E72700230FF40293874182A38107006E
:1011B000EF00007B65B7184493F70704C5D383C7D6
:1011C00021831387018393F7070685CF2310070038
:1011D00083C7C1826397F50237160020B706002047
:1011E00081471306464E938606089D453305F60053
:1011F000034805003385F600850723000501E397C2
:10120000B7FE1E23C207C183B1FBB7070050239866
:101210000702114705BF99472309F402371500203B
:10122000A309F4029306454E9C22138621831CA237
:101230009C3203D866001387C1821CA383D8260082
:10124000938701832390070113884183231018019A
:1012500083D846001388E182231018010348060052
:101260001389018393892183137808061306454E59
:10127000938741839386E1826304080A83C7090048
:101280009384818393F70702C9C31C2313071002B9
:1012900093F7F70F6385E706636BF70401446384F4
:1012A000B7001304F00F835709001307F003130A64
:1012B00000046367F700035A0900420A135A0A013F
:1012C00083AA040052861305454ED685569AEF70C0
:1012D000601C23A044019307F00F6315F410B707B7
:1012E00000501D472389E702A389E70285BD130744
:1012F00030021304F00FE368F7FA01446DB7B70743
:101300000020938707089CC0CDBF03C40900198043
:10131000134414000588330480401374F40F61B73C
:101320001823AD451377F70FE3EBE5FAA9650A0734
:101330009385C58B2E97184302879A23894621836C
:10134000938481836306D7020D46630EC7028547E7
:101350006316F704A9671387079383C7079398C099
:10136000014403570900E3F0E7F42310F90025BF17
:1013700029671307C78E3C3398C03823A207BA9752
:10138000C207C183F1BF9E23054693F7F70F638120
:10139000C70289CB6385D702638AE70281471304BA
:1013A000F00FC1B71387818198C083C781814DBF7A
:1013B000A9671387479498C083C7479455B7A9670F
:1013C0001387479598C083C7479559BFA967138767
:1013D000C79698C083C7C79661B79E2393F7F70F48
:1013E0002380F18283C70900E207E18763D8071EE3
:1013F000035709009307000463E6E70083570900D9
:10140000C207C183035709001D8F42074183231080
:10141000E900370700501EBB91472309F7023DBB87
:1014200083C711821CA2035709008547E3FCE7FA32
:101430002310F90045BF9E2393F7F70FA380F18295
:1014400005472381E18279BF03C709007D8B11EF36
:101450009E23054793F7F70FE396E7F893873182CA
:1014600098231377E70F98A3B5BF03C70900094670
:101470007D8BE316C7E69E2393F7F70FE39107E60C
:101480009E229306100893F7F70F638DD7009306FB
:101490003008638ED700E394E7E4B7070050A38DCC
:1014A000070289B7B7070050238BE70225BFB707AC
:1014B0000050238FE7023DB703C709007D8B05E786
:1014C0009E23054793F7F70FE39BE7E0A96783C7E0
:1014D000378F93F70702E38407E0938731829823DD
:1014E0001367170049B703C7090009467D8BE31846
:1014F000C7DE9E2393F7F70FE39307DE9E22930642
:10150000100893F7F70F6381D702930630086386BC
:10151000D702E396E7DC370700508347B70393E72A
:101520003700A30DF7027DBD3707005083476703DF
:1015300093E73700230BF70275B537070050834751
:10154000E70393E73700230FF70269BD2300060086
:10155000D9BD83C7090023100600FD8B85E383C72F
:1015600031820144858B99C389471CA20357090026
:101570008947E3F2E7D62310F900B1BB03C709009E
:1015800089471304F00F7D8BE312F7FE9E2293062A
:10159000100893F7F70F6381D70293063008638A28
:1015A000D702E395E7FCB707005083C7B7038D8BDD
:1015B0000D47639EE70011A8B707005083C7670374
:1015C0000D4701448D8BE393E7FA85471CA2014444
:1015D00071BFB707005083C7E703D1BF8357090026
:1015E000C207C183E38307C2B70700501147EDB9B3
:1015F0009377170085C3A3010400EFF0BF888547E8
:101600007CA07244E2445249C249324AA24A05616E
:10161000730020309377470085C758309387318215
:10162000118B11CB98231367270098A39C23B7072E
:10163000005011473DB698231377D70F98A3C5BF25
:1016400078A0C1B7EFE2DFAEEFF07F820545EFF0A3
:101650003F8B239F0182239E01822392018423904A
:1016600001846FE03FAF83C72182054701456318BE
:10167000F70003C511821375F50F3335A000828082
:10168000EFE21FAB3971C53725CD93874182BC335B
:1016900093F7F70FB5E79386418483D701849622A9
:1016A00013874184C207C206C183C18263EDD70498
:1016B000958FC207C183A9C7930600043E8663F4D1
:1016C000F600130600044206B72500204182814639
:1016D000938545DE1E233305D1008506AE979C23F6
:1016E0001CA11E23850793F7F77F1EA3939706017E
:1016F000C183E3E1C7FE85468A850D45EFF0BF85CE
:1017000021616FE03FA5056613060680B2974DB7CD
:1017100003D5C18383D7E18342054181C207C183D9
:101720006366F5001D8D42054181828005671307C0
:1017300007803A95C5BF83D6C1839387E1839A23F7
:10174000014542074183630ED700962337170020D7
:101750001307475E369708239A2305071377F77F09
:101760009AA38280EFE2DF9C65377DDDE9376FE089
:101770007F9EEFE2FF9B2E84B304B50063149400B8
:101780006FE05F9D71377DDD7D3708A00504FDB7F3
:10179000EFE21F9A0566372800208146130606806F
:1017A000930EF07F130848DE1394060141806366B0
:1017B000B400F93522856FE0FF9993870184138780
:1017C00041849E231A2393880184C2074207C18360
:1017D000418363E7E702998FC207C183E38BD7FD9B
:1017E00083D708003307D5001823C297850698A32E
:1017F00083D70800850793F7F77F2390F8006DB72C
:10180000B297D1BFEFE2DF92B13F2A89A13F2A848C
:10181000913FAA84813F9317840013970401D98FC5
:10182000B3E7270162055D8D6FE0DF92EFE25F9025
:101830002A84C93FAA84A2852694253F2300040058
:101840006FE05F91EFE2DF8E253D6FE0BF9003D543
:10185000018483D7418442054181C207C183636605
:10186000F5001D8D420541818280056713070780C1
:101870003A95C5BFEFE2DF8B3164130414359384CE
:101880004182BC3093F7F70F99C37D1405E0BC305B
:1018900093F7F70F91EBB715002085460146938526
:1018A000455A0D45EFF02FEB6FE0DF8A2945EF60D9
:1018B000A04CC1BFEFE2DF872E84D93D493F01E94B
:1018C00009C41374F40311E075376FE0BF884D3B12
:1018D00013054006EF60404AD5B7EFE27F8541111E
:1018E0002AC691456800F93741016FE0BF86056659
:1018F000B715002037180020814613060680930E86
:10190000F07F9385455E1308485693970601C1837F
:1019100063E3A70082809387C1831387E1839E23BB
:101920001A239388C183C2074207C183418363E7B7
:10193000E702998FC207C183E38ED7FD83D70800E2
:10194000338706011823AE97850698A383D708002E
:10195000850793F7F77F2390F80045BFB297D1BF73
:1019600005472381E1848280EFE28FFC0111130699
:10197000000281450A85EFE0AFFE31653724014062
:10198000EF50B06B13050440EF50D01AB7070E00AC
:101990003EC68A85854713050440230AF10002C02C
:1019A00002C202C402C8EF50F01C81451305044076
:1019B000EF507032814513050440EF5010338545D8
:1019C00013050440EF507020814513050440EF508B
:1019D000303413050440EF50502093040440268512
:1019E000EF5050206DFD1305044037240140EF50A7
:1019F000F01F930404402685EF50F01F6DFD8545D0
:101A000013050440EF50D03005616FE0AFF4EFE212
:101A10002FF29D47AA8563F6A700930585FF93F5EE
:101A2000F50F372401409546054613050440EF5055
:101A3000901E854513050440EF50701C930404402C
:101A400089452685EF50B02B65DD13050440EF5026
:101A50001028AA84894513050440EF50F02A2685F2
:101A60006FE04FEF0145828013077002A957636052
:101A7000B704EFE2EFEB41112E84EF501034130561
:101A80001003EF501036A165C105A2951395C5004E
:101A9000EF5070392AC6EF50F03332451147814775
:101AA0006303E500ED573E8541016FE0AFEA3E85F7
:101AB0008280B2871306700229556365B6023386A9
:101AC000E70005686360C802EFE28FE63A862167A7
:101AD0004107BA95B2053685BE95EF60B01B01454A
:101AE0006FE04FE7828093077002295563E4B706E1
:101AF000B307E6000568636FF804B367E600858BFB
:101B0000B1EBEFE24FE1216441042E9432043A89B3
:101B1000B6843294EF50702A13051003EF50702CE6
:101B20008149114A63E62901EF50D02A014539A8BD
:101B30009C308C2033053401A207DD8DEF507032CC
:101B4000890463074501EF50F0286D556FE0EFDF22
:101B50008909C9BF8280B7370020138747810145B3
:101B600093874781A946704B09EA1307800533071D
:101B7000E502BA970547F8CB82800505130787056C
:101B8000E313D5FE7D558280B72700201387475E7B
:101B900001459387475EA946505B09EA1307800316
:101BA0003307E502BA970547D8DB8280050513079E
:101BB0008703E313D5FE7D558280EFE26FD7A964DA
:101BC00037340020938544981305C4C8EF4000784B
:101BD00009CD938544981305C4C8EF4000679385E9
:101BE00044981305C4C8EF4060766FE0AFD6EFE2CB
:101BF0002FD4AA85373500201305C5C8EF40701FC4
:101C00006FE04FD5EFE2CFD22E86AA853735002080
:101C10001305C5C8EF40902E6FE0CFD3EFE24FD150
:101C200041112AC62EC4053FFD572A846303F502DD
:101C300093078005B307F502B7350020A246324668
:101C400093854581373500201305C5C8BE95EF4003
:101C5000B055228541016FE0EFCFEFE26FCD130465
:101C600080053305850237340020130444812A940B
:101C700037350020A2851305C5C8EF40D057232A69
:101C800004046FE02FCDEFE2AFCA93078005330560
:101C9000F502B2862E86B735002093854581AA9538
:101CA000373500201305C5C8EF40B0586FE08FCA24
:101CB000EFE20FC8930780053305F502B2862E8642
:101CC000B735002093854581AA9537350020130547
:101CD000C5C8EF40305E6FE0EFC7EFE26FC5930716
:101CE00080053305F502B2862E86B7350020938530
:101CF0004581AA95373500201305C5C8EF4010600F
:101D00006FE04FC5EFE2CFC2930780053305F502C0
:101D10002E86B735002093854581AA95373500205A
:101D20001305C5C8EF4010626FE0CFC2EFE24FC0AD
:101D3000AA85373500201305C5C8EF4070756FE0E0
:101D40006FC1EFE2EFBE41112AC63D3DFD5763076B
:101D5000F50293078003B307F5023246B72500204A
:101D60002A849385455E373500201305C5C8BE9586
:101D7000EF502007228541016FE0CFBD7D55E5BFC3
:101D8000EFE20FBB130480033305850237240020E4
:101D90001304445E2A9437350020A2851305C5C874
:101DA000EF500010232A04026FE0CFBAEFE24FB8E1
:101DB000930580033305B502B72500209385455E62
:101DC00037360020130646B8AA953735002013058C
:101DD000C5C8EF50800E6FE0EFB7EFE26FB541116D
:101DE0009147371401403EC68D473EC44C00FD5715
:101DF000130504807C82EF50500AF1778D074C0068
:101E0000130504C07C82EF50500941016FE08FB48C
:101E10008546B396B600C2069377F600418AC18222
:101E200019C293E737001307F00F6374D7025041CC
:101E3000E1158A053D473317B7001347F7FFB39500
:101E4000B700718F9307F00FD98D63F6D7004CC19F
:101E500082801041F9BF0CC18280EFE26FAD2E8607
:101E6000AA8537150140130505805D376FE08FAEF9
:101E7000BD4763F8A702C54763E0A7024115137584
:101E8000F50FEFE2EFAA2E86AA853715014013055C
:101E900005C0BD3F6FE00FACCD4763E4A7007115EF
:101EA000F9BF8280EFE2CFA8BD4763E5A700753791
:101EB0006FE04FAA753FEDBFBD472A8763EDA700CE
:101EC000B717014083A6878085473395A700758D96
:101ED0003335A0008280C54763EEA700B7170140E5
:101EE000938707C09C47130705FF05453315E50099
:101EF0007D8DF9BFCD470145E3EEE7FCB717014003
:101F0000938707C09C477117CDB7BD4763EAA70009
:101F100085473395A700B717014023A8A780828083
:101F2000C54763EBA700411585473395A700B71751
:101F3000014023A8A7C08280CD47E3EEA7FE71151C
:101F4000E5B7BD4763EAA70085473395A700B717F4
:101F5000014023AAA7808280C54763EBA7004115F3
:101F600085473395A700B717014023AAA7C08280F1
:101F7000CD47E3EEA7FE7115E5B7FD577D15631359
:101F8000F50082800100DDBFEFE2EF98411185444A
:101F9000B399A400371401402EC63285232834811A
:101FA0003289E13FB2454A8513040480B394B400FA
:101FB00004C8E1374A85232A3401C1374A8544C819
:101FC0006D3F41016FE06F98EFE20F9485443399C4
:101FD000A4004111B68AB394B4009D49854B371AC9
:101FE00001407D5BB3973B01F18F13070A80B9CBAA
:101FF00023282701568532C64937568523289A80DB
:10200000AD3F5685232A9A808D3FFD1913040A801F
:102010003246E39969FD568523282A81B93F5685C2
:1020200023289A80993F83298A805685232A9A807B
:10203000A93733F5290123282A81133515004101D9
:102040006FE00F90232A270175B7EFE2EF8B8549E8
:10205000339BA9004111AA8B368A3A8923000600D6
:10206000B399B9009D4AB71C01407D5C32C64A85D0
:1020700023A86C8119374A8523A83C81FD3D4A85F8
:1020800083A48C8023AA3C81CD3D3246B3749B004F
:10209000B33490001C22B3945401FD1ADD8C04A2C9
:1020A00013840C80E3948AFD4A8523A86C81F13562
:1020B000331A7A014A8523AA4C81C1354A8523A85F
:1020C0003C81EFF09FEB4A8523AA3C81EFF0FFEAC9
:1020D00023A84C8141016FE0AF86EFE26F85854414
:1020E000B395B4003714014041112328B4802A89E4
:1020F000328532C6EFF07FE83246B39424012328BC
:102100009480328513040480EFF03FE741016FE0D3
:102110006F84EFE24F80B284368636842A89AE8996
:10212000EFF09FE613961400A286CE851376E60F95
:102130004A85EFF07FE9AA8422864A85CE85713FE1
:1021400026856FE08F80EFD21FFD4111328A4286D3
:1021500036843AC6C2842A89AE89BE8AEFF0DFE2AD
:102160005286A686CE854A85EFF01FE63247330AAF
:10217000E400631B440163860A002686CE854A85F7
:10218000A93F41016FD07FFC1020A686CE854A85ED
:10219000EFF09FE30504F1BFEFD21FF732844286D0
:1021A0003A8AC2842A89AE89368BBE8AEFF0DFDD97
:1021B00013661400A686CE854A85EFF0FFE0014441
:1021C000930BFAFF631B440163870A002686CE85C2
:1021D0004A85EFF09FF06FD0BFF6B3367401330637
:1021E0008B002687CE854A85EFF03FE60504D9BFF0
:1021F000EFD29FF14254328BB68422863A8A2A89E2
:10220000AE893E8CC28AC68BEFF01FD8A2865A8652
:10221000CE854A85EFF05FDB269A639C44032286D5
:10222000CE854A85EFF05FD6A28613661B00CE8569
:102230004A85EFF07FD98144138AFAFF63935403F0
:1022400063870B002286CE854A85EFF01FE96FD0A9
:102250003FEF9020A286CE854A85EFF0FFD6850419
:102260006DBFB3B6440133069C002287CE854A85F4
:10227000EFF0BFDD8504D9B7B7170140938707801A
:1022800088CB91CDE1470100FD17F5FFB71701405D
:1022900023AAA780C9470100FD17F5FF8280AD473B
:1022A0000100FD17F5FFB717014023AAA780FD47DE
:1022B0000100FD17F5FF8280EFD29FE72E8493F592
:1022C0000508AA84553F93750404268575379375D0
:1022D000040226855537937504012685713F937551
:1022E00084002685513F9375440026857137937588
:1022F000240026855137937514002685B53F6FD08D
:102300007FE5EFD25FE14111AA842E892E84B307C5
:10231000244163E5C70041016FD03FE30C20034A2D
:102320001400268532C683492400EFF0FFF8D285D9
:102330002685EFF07FF8CE852685EFF0FFF71305B1
:10234000800CEF5070230D043246D1B7EFD25FDE20
:102350002A840145EF505022B714014023AA8480FB
:102360001305001EEF5050211305600423A884803C
:1023700093840480EF50502084441305A019EF503B
:10238000B01F33759400133515006FD0BFDCEFD24A
:102390003FDA37140140232AA480AA841305C0031E
:1023A000EF50901D294523289480EF50F01C130412
:1023B00004806FD03FDAEFD2BFD737140140232A11
:1023C000A480AA841945EF50301B1305000423286C
:1023D0009480EF50701A130404806FD0BFD7EFD2EF
:1023E0003FD5B71401402A8423AAA4801945EF5091
:1023F000B018254523A8848093840480EF50D0171B
:10240000844413057003EF5030173375940033354F
:10241000A0006FD03FD4EFD2BFD101119375F50F5B
:102420002A84014502C802CA02CC02CE02C402C6F6
:10243000EF50C0358547B3948700414708083ECE2A
:102440003ACC26C802CAEF50200E2685EF5040161F
:10245000914763E18702930764015C848547DC84CC
:1024600089475C85280085473EC6EF5040350561A9
:102470006FD05FCE254793077002E37087FE930706
:102480008003E1BFEFD2DFCA411105443314A40039
:10249000C1470A853EC422C002C202C6EF50C0082E
:1024A0002285EF50E01041016FD0DFCAEFD25FC844
:1024B0000111FD5702C268007C8202C02314010092
:1024C000EF50C038371702405843D2472183118B51
:1024D00011C3860737470F0013070724B3D7E70256
:1024E000371400408A85130504802313010023114B
:1024F000010023040100FD177C80EF508048130584
:1025000004808545EF50E070130504808145EF504D
:10251000606DFD4513050480EF50007605616FD0B6
:102520007FC3EFD2FFC037140040130504808145FC
:10253000EF50407413050480FD45EF50E07385456E
:1025400013050480EF50006A6FD0DFC0EFD25FBE8A
:10255000371500401305058042318145EF508068F2
:102560004204418022856FD0FFBEEFD2DFBA2A89B4
:1025700095C1AE898544D145EFF03F8E37140140B7
:10258000B3942401232A94804E85EF50E07E1304F7
:10259000048004C891454A85EFF03F8C4A85EFF0EE
:1025A0009FE7EFF01FF86FD05FBA9307800873B012
:1025B00007800F10000023A6018423A4018473A0C8
:1025C00007808280EFD2DFB6EFF0DFEBEFF01FF88D
:1025D0006FD05FB8EFD23FB49307800873B0078025
:1025E0000F10000003A4C18473A0078003A9818495
:1025F000637325012A894A85EFF02FAE856793879B
:1026000087BB3E94330424413374F402373A0020EC
:102610008149BE84130ACAD0631439016FD0FFB256
:10262000B3878900B3F7970285098607D2978A2373
:10263000EFF0AFAAD5B7EFD21FAE93991600AA84D8
:10264000AE8A3289368A3284B299631A34010144DF
:10265000631C440181452685F5286FD01FAFEFF03C
:102660006F9A0AA00904D5B793771400814591E3C6
:10267000D6852685C52093171400CA978A2305049A
:10268000EF50806FF1B7EFD2BFAA01119307F00F9F
:102690007C844C00B9472A847C8202C802CA02CCDE
:1026A00002CE231301002315010023160100EF5071
:1026B000402DC167938707060C0822853EC8231B5F
:1026C0000100231C0100EF50E03181452285EF50CD
:1026D000E0550C082285EF50803781452285EF5068
:1026E000C0550C082285EF50E03F81452285EF5010
:1026F00020560C082285EF50204881452285EF5056
:10270000005685452285EF50C050B737014093876A
:1027100007C06316F40085452285EF50204E85459D
:102720002285EF50204C05616FD0DFA2EFD25FA071
:1027300037350140130505C0EFF0FFF437050040C1
:10274000EFF07FF43705004013050540EFF0BFF3CD
:102750006FD05FA009E5B7070040CEBB82808547F8
:102760006316F500B70700408EBF82808947631665
:10277000F500B7070040CEBF82808D476317F50094
:10278000B70700402390B704828099476317F5008C
:10279000B7070040239AB74282809D476317F50030
:1027A000B7070040239CB7428280C1476317F500FA
:1027B000B7070040239EB7428280C5476317F500E4
:1027C000B70700402390B7448280A1476317F50004
:1027D000B7370140239AB7C28280A5476317F50037
:1027E000B7370140239CB7C28280A9476317F50021
:1027F000B7370140239EB7C28280AD476316F5000C
:10280000B73701402390B7C48280FD577D1563130D
:10281000F50082800100DDBFEFD21F8F0544B319A0
:10282000B400B31BC4003314A4003E8A9374170091
:102830004204B7170140058336894180938707809A
:1028400025CF80CB854A5285EFF03FFCA14CBDECF3
:10285000416B7D1BB3F96901371D0140054C93574E
:10286000790013070D80A1CF2328370106091379BA
:10287000F90F93070D8063878A0580CB5285EFF0AF
:10288000DFF813070D801C478604B3F7FB00B3F78E
:102890006701B337F000DD8C93F4F40F63860A020E
:1028A00000CBFD1C528593FCFC0FEFF01FF6E39864
:1028B0000CFA26856FD0DF88C0CB814A69B7232AFE
:1028C00037016DB7C0CB5DBF40CBE1BF416B7D1B16
:1028D0008144054C371D0140B3F9690193070D8010
:1028E000638A8A0580CB5285EFF03FF293577900D7
:1028F00013070D80B1C32328370106091379F90F97
:1029000093070D80638D0A0280CB5285EFF0FFEFB5
:1029100083278D808604FD1CB3F7FB00B3F76701A6
:10292000B337F000DD8C93FCFC0F93F4F40FE397C6
:102930000CFA41B7C0CB45BF232A37017DBFC0CBBE
:10294000E9B7EFD2EFFE41112E84C14532C6EFF058
:10295000CFD02285C145EFF04FD032469145328528
:10296000EFF0AFCF41016FD0EFFEEFD2CFFA4111C0
:10297000AA842E89B289368ABA8A3E8B330418011A
:102980006315880041016FD04FFCDA875287D686E5
:102990004E86CA85268542C6EFF01FE832482300DE
:1029A000A8000508F1BFEFD20FF72A89AE89328A55
:1029B000B68A3A8B3E84B3840701631494006FD0C7
:1029C000CFF81420DA8756875286CE854A85EFF0F5
:1029D000BFE40504DDB7EFD20FF44111AA842E89BC
:1029E000B289368ABA8A3E8B0144631514014101CB
:1029F0006FD0AFF5B3068B009422D68752874E86F0
:102A0000CA85268542C646C4EFF01FE13248A24877
:102A1000B307880088A30504C9BF9D47AA8563FA48
:102A2000A700C1476300F506C5470145639EF5044D
:102A3000A545EFD2EFEF37240140130404405C407A
:102A4000370700058546D98F5CC005462285EF40D3
:102A5000901CC1475CDCA1477CC489452285EF40BE
:102A6000102A65DDB727014003A5C74403A74740E7
:102A7000B70600FBFD16758F4205418123A2E74092
:102A80006FD04FEDA14575B782801841FD576307A0
:102A9000F700484105051335150082800545828001
:102AA00010419C41630EF6005841D4410145630A30
:102AB000D7006308D6003385E7403335A000828015
:102AC0000145828093176501D987850793B7170061
:102AD0003E951375F53F1105828098411C41B98FD1
:102AE0001CC1D8415C41B98F5CC198451C45B98F68
:102AF0001CC582801C4181EB584101E71C4593B7FE
:102B000017003E8582808147EDBF1C41D18393F73A
:102B1000077091CBEFD2CFE11105EFF07FF81335BD
:102B200015006FD02FE30145828011E1828063049C
:102B3000B5000841DDBF054582807C557849BE95CA
:102B4000998DB3F5F5023C4D63FDF500785193D7AF
:102B500035009D893E978547B395B7001C23DD8DD1
:102B60000CA301458280939735002A8663C407042D
:102B700037071070130707C01442B3C7B6007D8F24
:102B800015C793976601D9877D576381E702370799
:102B90001000B7070080130707C093C707C0758FE1
:102BA0003705F04FED8F498F639BE7002320060028
:102BB0000545828037070080134707C075BF93D74C
:102BC000450113F807701307004001456310E80240
:102BD00013D7A600A9811377F73F93F5F53F6367F5
:102BE000B700E207E187AA07B6971CC28280EFD23E
:102BF0002FD42A842E85EFF0FFEC1C403E9508C0B0
:102C000001456FD02FD51C4185071CC1014582802D
:102C1000EFD20FCF3A8C3E84338717013C55DC4FFF
:102C200063EDE7007C552A8AAE8CB28BB68A428D62
:102C30004689638B07166369FC161305C0FA9DA2CB
:102C400063890C0483A70C00CA846395870583A459
:102C50004C0083A98C00A699637D340363689402B9
:102C6000B389894063733901CA8983A5CC00B30451
:102C700094404E86A6956A85EF50D0014E9D4E94A5
:102C800033093941E31E09FA014529AA818C63738E
:102C90009900CA8483A70B00639B870383A54B001D
:102CA00083A98B00AE9963743403636EB400B38957
:102CB000894063F33401A68983A7CB00B305B440F0
:102CC0004E86BE954DBF818D63F39500AE84636CD7
:102CD000590503258A065C493377F40229E76364C2
:102CE000F904B3F9F4025C41EA862286E285B38DE9
:102CF00034416E8782976351A002B7A6000029660F
:102D0000938606C61306869D9305000637A5000028
:102D10001305C5C6EF50806E51E5B38499406E9D92
:102D20006E94269985B78327CA0689CF636CFC0009
:102D3000B7A600002966938646C81306869D9305AC
:102D4000C006E9B703258A0623A08B015C494C4DD8
:102D50003307FB00B376F4022297B377F70233060A
:102D6000D44023A2CB001D8F63F3E5002E871C55B2
:102D7000818E369763F3E7003E875C4183A6CB00E4
:102D800023A4EB00E2858297635CA000B7A6000055
:102D90002966938606C61306869D93057007BDB700
:102DA000E30205EE6FD08FB9138BFAFFE1BDEFD2CE
:102DB0002FB53E8D9C490111B28C2A891305C5039C
:102DC0002E8AB68A3AC4C28BC4453ECE93D9AC0093
:102DD000EFF0BFD393F9F93F630905146387091432
:102DE0008327C90313D7AA001377F73FA98393F763
:102DF000F73F6396E700795505616FD02FB4014422
:102E000063F4E700130400C0B707008093C7F7FF1F
:102E1000370C10003EC6130C0CC0B70D1040724B9F
:102E20005A85EFF03FCA93074500E3E6F4FC032719
:102E30000A00898C91481308C101A68791464A86E9
:102E400081454A85EFF0DFDC6351A002B7A60000A0
:102E50002966938606C61306C6A19305702E37A56C
:102E600000001305C5C6EF50605959F57245EF5083
:102E7000801DB2473345AB007D8D2ACE63800904A7
:102E800093574B0113F70770930600406318D7025E
:102E900033878A401356A7009356AB001376F63F4C
:102EA00093F6F63F636CD600337787013367B7013B
:102EB000E30367F5E207E187AA073E94B3878A40F8
:102EC000B3C76701B3F79701B9FB93176B01D987B4
:102ED0007D57E382E7F29379FB3F63F33B01DE89A1
:102EE000A24703270A00CE8891076A88A697CE8654
:102EF0004A8681454A85EFF0BFD1635CA000B7A642
:102F000000002966938606C61306C6A193054030C5
:102F1000B9B7E31305EE33863B41814533053D01E7
:102F2000EFD00FA433056401C1BD0144F1BDEFD260
:102F30002FA0BA8713F8F63F0147EFF05FE76FD095
:102F40006FA1EFD2EF9E4111B706F07F3284580097
:102F5000B1063706F07FEFF09FFD63580500F95783
:102F60006309F50041016FD0EF9E4C002285EFF020
:102F7000DFB60145C5BFEFD2AF9B328710415C433E
:102F80001843345641112A84D44EA14813088100B5
:102F9000930506013285EFF0BFC701E993054400B0
:102FA0002800EFF0FFAF3335A00041016FD08F9ABA
:102FB000EFD20F983C552A84DC5B81E74845EF50FF
:102FC000804A3C549C5F81E7484CEF50C0493C54D8
:102FD000DC5F81E76850EF50004901456FD08F9763
:102FE000EFD26F939307F03F411136841387860029
:102FF000631FF600B7A50000938505D53A85EF500D
:10300000306C89471CA0014541016FD00F943459A1
:103010009314A600370610788506C58E130606C0E1
:103020002A89AE89EFF0BFF0E34005FEB706002025
:103030005181A1063706107008A03800C58E13060E
:1030400006C0CE854A85EFF09FEEE34F05FA935711
:103050004501130720206395E700B2475CC065B7C0
:1030600013071020E391E7FA1375F53F48C061BFDD
:10307000EFD20F8C7C5563E1F502B7A600002966FC
:10308000938646BC1306C6A09305501137A50000D1
:103090001305C5C6EF50803628555C458297635CA2
:1030A000A000B7A600002966938606C61306C6A030
:1030B00093057011E1BF6FD0EF89EFD26F871C418C
:1030C00013F7F73F1DE363D30504B7A60000296695
:1030D0008565938646151306C6AE9385F53137A5EB
:1030E00000001305C5C6EF5060319306E01F63FF73
:1030F000E600635DB000B7A600002966856593868B
:10310000C6181306C6AE93850532D1BFBE9593F798
:10311000F53FB337F0008605FE078581DD8D0CC1D4
:1031200001456FD02F83EFD2AF802E8410554844D5
:103130009305F00FEFD0CF82FD571CC06FD08F8169
:10314000EFC21FFF9C512CD52A847CD5DC418DE336
:10315000B7A60000296685659386461C130646AD12
:103160009385B50737A500001305C5C6EF500029A4
:103170009C45AE8481EFB7A60000296685659386DD
:10318000461E130646AD9385D507E9BFDC4581EFA2
:10319000B7A600002966856593864620130646ADCE
:1031A0009385E507C1B79C4981EFB7A60000296662
:1031B000856593864622130646AD9385F5075DB770
:1031C000D44981EEB7A6000029668565938646241A
:1031D000130646AD9385450871B7984D01EFB7A624
:1031E00000002966856593860626130646AD9385FD
:1031F00055088DBF03A98502631D0900B7A600000D
:10320000296685659386C627130646AD93856508AE
:1032100091BFB377D90281CFB7A600002966856533
:1032200093868629130646AD9385A50825BFB377F7
:10323000E90281CFB7A60000296685659386862CB2
:10324000130646AD9385B50831BFDC4D33F6270331
:1032500001CEB7A60000296685659386862F1306E2
:1032600046AD9385C508FDBD1306F007636DF600F6
:10327000B7A60000296685659386C632130646AD5B
:103280009385F508C5B5D05101EEB7A600002966B3
:10329000856593868634130646AD9385B509D9B501
:1032A000905921C293D51700637DB600B7A60000E0
:1032B0002966856593864636130646AD9385250AAD
:1032C00055B5FD55630FB60063FDC700B7A60000F6
:1032D000296685659386863B130646AD9385450A28
:1032E00051B5F04439CAB376D60281CEB7A60000F4
:1032F0002966856593868641130646AD9385950AB2
:1033000095B53377E60201CFB7A60000296685653B
:1033100093868646130646AD9385B50AA1B5B3F7E5
:10332000C70281CFB7A60000296685659386864BC4
:10333000130646AD9385D50A35B5DC5885CF5CC4F8
:103340009C5CB9C35CCC2685A285EFF0DFDD2854F8
:1033500093050401EFF03FDD2454C85405EDB7A6F2
:1033600000002966856593868650130646AD9385D1
:10337000B50CCDBB4A85EF50600E48C471F1228573
:10338000EFF01FC35155A9AA4A85EF50200D48CC34
:103390005DF9F5B7DC5C95C37CD0BC401307F00F3A
:1033A0006372F702B7A60000296685659386865288
:1033B000130646AD9385750D75B3EF50200A68D09E
:1033C00069FD75BF85C33CD8FC4063DF0700B7A625
:1033D00000002966856593864654130646AD93859D
:1033E000D50D49B338D8CDB795C37CD8BC441307A5
:1033F000E03F6372F702B7A60000296685659386F1
:103400008656130646AD9385350EA9BBB7070080D7
:1034100093C7F7FFD9BF8DC33CDCF444D84C637F1E
:10342000D700B7A60000296685659386465813061F
:1034300046AD9385950E3DB338DCC5B7BC487D5687
:103440006380C7069054637DF600B7A60000296626
:1034500085659386465B130646AD9385C50E19B305
:10346000305C637DF600B7A600002966856593860B
:10347000C660130646AD9385E50EEDB113563700D1
:1034800099C213D63600637DF600B7A60000296600
:1034900085659386C665130646AD9385250FD9B11C
:1034A0007CDC7D566390C704232E0406FD571CD098
:1034B0005CD02324040223260402232E04022320AA
:1034C00004042322040423280402232A0402232CB4
:1034D00004022324040423260404232804040145AD
:1034E0006FC05FC7E1F79C54305C0D8399C213D75E
:1034F00036006373F600B2876373F700BA877CDC2B
:1035000075B7EFC25FC10329C50184410145611947
:1035100063EB240333D52403AE897D15EF40902E51
:10352000130425000A0433848440335424033309EC
:1035300089022285EF40102D0A05898C2285B384EB
:10354000244123A099006FC05FC0EFC2FFBBAA89CE
:10355000285541117D172E8B4C00B28BB68C3E8ABC
:10356000C28A3AC2EFF0FFF9AA84094CE685568573
:10357000029A29E5A1C413F9140033042C419318CD
:1035800024001308810081476687C6865E86DA8537
:103590004E85EFF0EFE71DE17D14634A85000A04D4
:1035A0001C083E947919832C84FFCA94C1B7A245A4
:1035B0005685029AAA870545EDD33E8541016FC025
:1035C0003FB8EFC27FB4011132C63AC489EA7D57D1
:1035D00098C323200800014505616FC07FB62A8982
:1035E0002855FD16AE8A6C08C2893E8A36CEEFF0A9
:1035F0005FF1AA84032589062C00930B0002EFF0EB
:103600005FF02A8B054C324763689B00A24723205A
:10361000EA0023A0F900C1B7338564413AC2EF4004
:10362000F0102A8433848B402685EF4010177D14D8
:103630001247637385002A8491481308C1009317C9
:1036400024009146568681454A85EFF06FDC49F5A6
:1036500033148C00818C45BFEFC21FAB3709F8FFD4
:10366000AA89AE8A328C3A8BBE84428DC68C795A36
:10367000938BF6FF130909C063940C00014549A020
:1036800003270C008327CC00631C470303274C004F
:1036900003248C003A9463F5840263E3E402058C0E
:1036A00063F38C0066843387E4406A852286B385A1
:1036B000E700EF40305E229DA294B38C8C406DBF3A
:1036C00003A6890623204C01544A10563388DB0098
:1036D00033F7D4022698B376D8023387E440232206
:1036E000EC003308D84063730601328823240C01B0
:1036F000DA864A86D6854E85EFF06FEBE35E05F6F7
:103700006FC01FA4EFC2DF9F3E8BB73700007171FF
:10371000938767B63EC6835C010FB70710608314BA
:10372000410F7E5C938707C02AC4AE8B36843A8AE9
:10373000C289468902D802DA814A014D3EC82285F3
:1037400032CAEFF02FB8524683A7CB00B30DC500A5
:1037500063F0FD08224603A70B0091481308C1023D
:10376000EE87914681453285EFF08FCA631E0524AE
:103770003255EF40500DB7070080298C5D8C83A730
:103780000B0022D614183ED893874D003EDA3256ED
:103790003707F07FB347A601B3F73701F98FCDEBB9
:1037A00093D7A90093F7F73F63810716894763FC16
:1037B0005703B7A60000296637A500009386C6ED1B
:1037C000130606A39305203C1305C5C6EF4010431E
:1037D000635A601F83270A0083264A007D1B3ED65A
:1037E000210AB28D6DB79307C0033387FA021C1903
:1037F000EE55850ABA9723ACD7FAC25623AE37F9ED
:1038000023A0A7FB23AED7FAD256239227FB2393FC
:1038100097FB239497FA23A887FB23A477F923A681
:10382000B7F923A887F823AA47F923AC67F923A699
:10383000B7FA23AAC7FA23A0D7FC130CC7023C1877
:103840003E9CB247014D8149BEDD8144814C014916
:103850006E86F5B5130620106392C7040147B25770
:1038600013F6F73FE376C7FEA9838C4693F7F73F3D
:10387000A697AA07CD8F8C22D0426285938505300A
:10388000D205DD8DEE573ACC36CA8297634E0512CB
:10389000D246B10655FD62470507D1B7EE5793955D
:1038A000A4003686BA9562858297634F05104DD184
:1038B000638C0A10FD1A9307C003B387FA02181924
:1038C000BA9703A7C7FA83AB87F883ADC7F8BADD09
:1038D00003A747FB03A407F903AA47F903AB87F93A
:1038E00083A9C7F903AD07FA03D947FA83DC67FA5E
:1038F000839487FA03AC07FB3AD683A687FB03A71A
:10390000C7FB83A707FC3AD83EDA93D7A90093F701
:10391000F73F325789CB9357A70093F7F73FE3E977
:1039200027F3E3F797F39357470193F7F77F8DD387
:1039300013061010E390C7F23ACEEE57324736CC5A
:10394000E388E7F09307C003B387FA021819130658
:10395000C0038145850ABA97138587F83ECAEFC030
:103960003F80D2476E57E246239227FB23A6E7FA11
:103970007247239497FA23A477F91379F73F2983A1
:103980001377F73F33072741BA94C20423A6B7F948
:1039900023A887F823AA47F923AC67F923AE37F9A0
:1039A00023A0A7FB239397FB23A887FB930C190065
:1039B000C184B68B370D0020C249014B014A7D54AA
:1039C000814D79B50145EDB54D616FC02FF7EFC25F
:1039D000AFF34111AA892E8AB28A368BBA8B3E8CFC
:1039E00042890144A14C63642401014581A0B304D0
:1039F000894063F39C00A144A68813088100B307A3
:103A000074015A87B3868A40528681454E85EFF00D
:103A10002FA009ED2686B3058C002800EF40502525
:103A2000AA8701C9054563C30700094541016FC065
:103A30002FF126944DBFEFC2AFEFAA8403A88400F4
:103A400013F4F53F0841637304012288584214427D
:103A5000DC404286AA85EFF09FF701E99C4463862B
:103A60008700054563E3870009456FC0AFEEEFC2ED
:103A70008FEA2E848C41854741111387250063F21C
:103A8000E70A7C55368AB2892A8963E1F502B7A62E
:103A9000000029669386C6BB1306469E9305400B1D
:103AA00037A500001305C5C6EF405015285503285B
:103AB000840054441C4D50403E987D18B377F80262
:103AC0003308F8401C45428742C68297AA84324890
:103AD000635CA000B7A600002966938606C613069D
:103AE000469E9305800B6DBF01E9631B0A00032509
:103AF0008906A285EFF02FE3268541016FC0EFE430
:103B0000FD5723A0F90058405C4414404286CE85FE
:103B10004A85EFF0DFEB6348050071D99304C0FAE2
:103B2000E1BF8144D1BFAA84C1BFEFC2EFDD3E89AE
:103B3000F9572A8AAE84B28A368B3A8CC28CC689EF
:103B40006304F7027C556361F702B7A6000029669B
:103B5000938606BE130606A09305900E37A50000B7
:103B60001305C5C6EF40900903278A06B30739013C
:103B7000FD5B584F637DF706B7A600002966938664
:103B800086C1130606A09305A00EC9BF9C4063150D
:103B9000FC06C8406362A90603278A0600572A94D8
:103BA000637C89043304244163F389004E84DC443C
:103BB0003305A940E6853E952286EF40B00DDC40F6
:103BC00098442299B307F940A29CB389894063F3D2
:103BD000E700BA8703278A069CC418576399E70051
:103BE000DA865686A6855285EFF07FE801E5E39FE9
:103BF00009F801456FC0CFD4638C7701B7A60000E8
:103C000029669386C6C3130606A093057010B9B73C
:103C100083278A0623A084019C4F23A40400B37742
:103C2000F902B307F940DCC0D9B7EFC2CFCEDC410F
:103C30009841B68832882E84B289B6842A86814615
:103C400093050501EFF07FEE2A8911E948442686A5
:103C5000CE85EF300030544048C4A69654C04A8503
:103C60006FC0AFCEEFC24FCA41112A8A32852E846F
:103C7000B28B368BEFE01FE55C4058481159AA978C
:103C80006362F704AA840844939A1B0093DA1A002B
:103C900033C5AA00EF40203B2AC691467000A2859A
:103CA0005285EFF09FF82A8911EDF114814963C81C
:103CB0000B04A6865A86A2855285EFF01FF739E1DC
:103CC000232454014A8541016FC08FC783274B00CD
:103CD00003270B0085481308B100CE97B386344103
:103CE000528681455285EFE0BFF209ED8546130605
:103CF000B100A2855285EFF05FF309E58509E3E79E
:103D000099FC7DBF2A897DBFEFC28FC2B2862E8605
:103D10004C410841EFF01FF56FC0CFC3EFC24FC158
:103D2000FD571CC281462A84EFF07FD40DE528544C
:103D30001C4982976351A002B7A60000296637A5E7
:103D40000000938606C61306469F9305E00D1305F3
:103D5000C5C6EF40A06A6FC0EFBFEFC2EFBA411116
:103D60002A8AAE8A328BB68B3A8C3E89C28901444C
:103D7000A14C63662401014541016FC06FBCB304CF
:103D8000894063F39C00A144A68813088100B3070F
:103D900084015E87B3068B40568681455285EFE0ED
:103DA0003FE779F903A5090026862C00EF30601A59
:103DB00023A0A900269475BFEFC20FB53455DC418E
:103DC0004111984ED44ED107AA842E8463F3F60095
:103DD000B6879309F7FFCE97B3F9E702370B1000C8
:103DE000814B814A130B0BC0938C0401B38937417B
:103DF000138CC9FE5C4063E8370318481440FD5734
:103E00003EC413088100B387EA4013864A00A685A2
:103E10002685EFF09FF4631D0512A247638D77138B
:103E20001305C0FA35A23389F94071191307E03F31
:103E3000637427011309E03F91073E9963753901C7
:103E400063732C016289FD57DC8363643907BC54BA
:103E5000944FDC4F958F63EE270518408548130873
:103E60007100CA87268681452685EFE07FDA09C57D
:103E70009307C0FA631EF50CBC5414407D579C4F49
:103E80001308C1003AC63E864A87A68526853EC4E9
:103E9000EFF0BFEC09C59307C0FA631BF50A3706BC
:103EA00000603400130686C0A2852685EFF09FDBF4
:103EB00045E1034A71005C400844134A0A08135A5A
:103EC0007A00130A0A50B307F940F117520A336A0D
:103ED000FA00336A6A013345AA00EF40C0162AC4CB
:103EE000484411462C00EF30C0065C40184048C4DE
:103EF0002AC6A1481308810081462686E6852685C4
:103F0000EFF0BFC231E563970A00832A4400832B98
:103F1000C400910A9C83370700802322240193C7A1
:103F2000F7FFE207F98F33CA4701FD572324440105
:103F30005CC463783901BC54D8489C57BA97E36B8A
:103F4000F9EA2686E6852685EFF05FDDE30405EADB
:103F500041016FC0EF9E14401308810091475687BE
:103F60001146A6852685EFF05FDF7DF1A247EDD3F0
:103F700045BDEFC2EF98032EC5065D71832E060086
:103F8000630A0E00130BC0FA63F7CE0F032F46002F
:103F90006373CF0F46CE42CC3EC43ACA36C8B2890C
:103FA0002E849148130801038147768791462A861B
:103FB0008145AA8402D802DAEFE09FC52A8B09C5A1
:103FC0009307C0FA6319F50A03A74900914813083B
:103FD000410381479146268681452685EFE05FC3F0
:103FE0002A8B51CD9307C0FA6317F508014993173F
:103FF00029003387F9001843134919000A0918C02A
:10400000CA9903A709007D5B2326040058C09808BD
:10401000BA9783A707FEFD5B370C00801CC4894755
:104020003EC0B7071000938707C03EC611469305F0
:1040300084007D555EDC5EDEEF20B0712AD2DA8C22
:1040400002C2814D014A7D5D814A6A85EFE09FA7EA
:10405000B4541840AA9AD44E914813088102D687C6
:10406000268681452685EFE0BFBA0DC19307C0FAC9
:104070006302F5222A8B5A8561616FC02F8C5259D9
:10408000C2573309F9403329200195B7125511461B
:104090002C10EF20106C2AD22255EF30D07AB34981
:1040A000AD004ED463DD090293574D0193F70778B5
:1040B000938707B093B717005844631F071C9C08E9
:1040C000CA971840544083A707FE024614C01CC478
:1040D00058C085476306F62685473EC081BF4E859A
:1040E000EFE05F9EBC54D04FB30755016364F61AEE
:1040F00013D7490113770778930700501440138DA5
:104100004A006312F70636879148B2861308C10247
:10411000EA87268681452685EFE09FAF21F9325751
:1041200092576319F716A257C8541146D183FE0758
:104130004C10B3C9F900EF20D061C8D42255EFE08C
:104140007F98E257569548C41CCCF2572328340177
:10415000231A44015CCCA30BB4015ED2E687668BC4
:104160004E8DBE8CDDB59307C5FF130841026A87EB
:10417000A6852685EFF07FBEE31A05EEA25793D6FB
:104180004701139606014182937506708DEDA98350
:1041900093F7F73F63E44701138A1700A255D2470C
:1041A0004247AD8FF98F89EF1C407245B000BEC405
:1041B000E247EAC68297E34B05EAA25655E1B68C80
:1041C000E687DA8C69BF130700406391E504324744
:1041D000E206E186369A33F7EC003706F04F420AE2
:1041E000518F135A0A016395E700B3EC8C017DB738
:1041F000E3867CFBA98313D7AC0093F7F73F1377D3
:10420000F73FE36DF7F8AA06B69C49BF9307006035
:1042100018406391F50293FD1600B454A1481308A9
:104220008103D44EEA87268681452685EFE05F9E8E
:1042300035D52DBD1376F67F9307F05FE310F6F6C4
:10424000B454A14813080104D44EEA872686814558
:104250002685EFE0FF9BE31B05E085473EC23DBF9F
:1042600037070080B3C7DC00134707C0F98F8DC341
:104270008947E317F5F413D7AC0093D7A60013775B
:10428000F73F93F7F73FE36DF7F2B3EC86010DBF0D
:10429000FD5C3DB781470DB5230B040095CFB054AD
:1042A0001C4EB377F7028DEB92479DC7FD573ED664
:1042B00014408647504E1308C102A6852685EFF0AC
:1042C000DFA909C59307C0FAE316F5DA9647325716
:1042D000998F93B717007CA8A2851385C403EFE0DC
:1042E000DF8219CDDC5C1357AB001377F73FA9834E
:1042F00093F7F73F631EF702B7070080336BFB00AD
:10430000A24799CB5A289357AB0093F7F73F6373B3
:10431000F700BA8722471EA3E35F0BD45A28135332
:10432000AB009377F33F795BE3E7E7D4014BA1B3AD
:10433000FD56E307DBFCE3F5E7FC130B0BC0C9B745
:10434000B7B70000B7A5000037A500009387078323
:10435000130670569385C5C6130545D1EF4030212D
:10436000130BC0FA09BBEFB2BFDC8148014881479B
:104370007D57FD56EFF0FFBF6FB0DFDDEFB25FD8C6
:104380001C51832C060001119CCD5C51DCCD0387B0
:104390000C0055CBB707300037070020938A07C0C1
:1043A0009307870036C432C22E84AA8437AA00003D
:1043B00037AB0000938B85013EC013DC4A010947EF
:1043C0006318EC00668593050AD5EF407033AA9C0C
:1043D00093050AD56685EF40B02F05472A89631AF1
:1043E000E50483C60C001307E00293891C00638276
:1043F000E608B3892C014E87854D93050AD53A8589
:104400003AC6EF40F02F324793050AD5330DA70087
:104410006A85EF40F02B2A882DC18547631AF50283
:1044200003460D009307E0026317F60433070D01FE
:10443000E9B70947E31FE5FA09469305CBD466853A
:10444000EF4000035DF5A95A568505616FB01FCF97
:1044500089476312F5022AC609469305CBD46A85BB
:10446000EF400001324801E9FD1DE3910DFC930985
:104470002D00CE8C99B7850D55BF03870C0069D7E9
:104480009247094723A097016313EC0693D7AA002C
:1044900093F7F73F1307F03F6381E7028246AA07CD
:1044A000370610705E87DD8E130606C0A28526854E
:1044B000EFE0FFA7AA8AE34905F8B7470000138891
:1044C00067A3A247930841014A87B70600785E8632
:1044D000A285268526CA66CC4ACEEFF09FA9AA8A75
:1044E000E34405F659F57C38E9FBF95AB1BFB15AF6
:1044F000A1BFEFB2FFC337A90000930509D52A84F5
:10450000EF40101DAA84930509D52295EF40501F56
:104510002295269503050500133515006FB09FC33E
:10452000184D9C41D4416315F700504D6307D602E6
:104530006315D700544D6382D702D4459C456399D7
:10454000D70098C1584D860723A40500D8C1DCC503
:104550009C45014585079CC58280EFB27FBDB7B6FB
:1045600000000566B7A5000037B5000093860683F6
:10457000130646179385C5C613054590EF40207F67
:104580001305C0FA6FB01FBDEFB2FFB80111854728
:10459000AE8AA9653284232C06005CCE2A8A414665
:1045A0009385058A0808B70400203709F07FEF30AB
:1045B000706E93098401373B0000A1041309F93F91
:1045C0004E85EFE08FCC19C1795535A80C082285AE
:1045D000EFF01FF56349050283A70A009308410025
:1045E00013086BF73EC483A74A002687CA863EC6D7
:1045F0004E868147A285528552C2EFF09F9793075E
:104600002500F59BD5DF05616FB03FB4EFB2BFB0B9
:1046100041118547AE89A9653284232C06005CCE02
:104620002A8941469385058A0A85EF30B06693044E
:1046300084012685EFE06FC519C1795515A08A85DB
:104640002285EFF0FFED63400502CE852685EFE081
:104650002FC519C52686A2854A85EFF0DFD071D90E
:1046600041016FB09FAE1305C0FADDBFEFB25FA985
:10467000DC5903A9C50263FE270D3309F940AA8A54
:104680002E84B28963F326013689CA8D130A040485
:10469000795B930BC403130C8403930C8400370DD4
:1046A000102063940D004A8515A81C581397D70055
:1046B0006358070003A78A06545C584F639AE602C2
:1046C0009396B700585863CD0600545410545E8832
:1046D000E287D2855685EFE0DFEE11C56FB01FA6E9
:1046E000232C640358DC1C5837070400D98F1CD8CE
:1046F00083A78A06D44F5C5CB384F64063F39D00C5
:10470000EE8418581316B700635C06025A203386ED
:1047100097002A073367A70163EFC602A6884E8871
:104720005286E6855685EFE03FF34DF95C58A69931
:10473000B38D9D40A6975CD85C5CA6975CDC95B772
:10474000185CA6884E88528681455685EFE04FCC8E
:10475000E9BF014561B71305C0FA49B7EFB2DF9A67
:104760003971AA842E89B289814571460810368B29
:10477000EFB01F9FA965854741469385058A0808C4
:10478000370A0020B70A10703EDE210AEF30905041
:10479000938A0AC02818EFE04FAF09CD8054054A2C
:1047A000B70A1100416BB70B1200370C020045E04D
:1047B0000145BDA80C080810EFF09FD66342050E16
:1047C000E2554E8502992DE5F2554E8502992DE16F
:1047D00030180C102685EFF01FB939E90144930B0E
:1047E0002020130C0020F95C83574103E374F4FA92
:1047F0009316A4003800B3E6460156860C102685B1
:10480000EFE0EFF2635805006314950305044204DA
:104810004180D9BF518163107503324765DBA246E1
:104820004E88CA87268681452685EFE01FD279DD2E
:1048300021616FB0FF90E30B0BFCE31985FDA245EE
:104840004E85029975F5B2454E850299CDB77C200B
:10485000638447010040A1BF1C58B3F7FA0063848A
:1048600067031C58B3F7FB00E39687FF58587DD3C6
:10487000145C4E88CA872686930504042685EFE0DB
:10488000DFCC69D975B7585469DF14544E88CA878C
:104890002686930504042685EFE03FCB79D149BFF6
:1048A0001305C0FA71B7EFB2BF88784D7C49232E4B
:1048B00005042A84BA977855B3F7E70238517CC9C2
:1048C0003C55D057931736006373F700BA8768508A
:1048D00081453CCCEFB0DF88B735000085462286A5
:1048E0009385A5B32285EFF07FE719C57C54232C6F
:1048F0000404232E04043CD06FB0DF85EFB25F8345
:1049000041112A84384C744C63EDE6023C50C9E7EF
:104910007C4837B70000B7A50000BE967C5437A589
:10492000000013070783B3F6F6021306002C9385E5
:10493000C5C6130505B9EF408043115541016FB05D
:104940007F81705093D7360013F57600B2979C2381
:10495000B3D7A700858B9DEB7C48BE967C54B3F6FD
:10496000F60294C1344C7C4C385085077D177CCCC2
:1049700038D063FBD70013D73700329718239D8BAD
:10498000B357F700858BE5F301454DBF3C508506D5
:1049900074CCFD173CD085BF22852EC6EFF0BFF04A
:1049A000B2452DD161BFEFB2AFF82E8491052A89AF
:1049B000EFF0DFF4AA842DE1A2854A85EFF01FF421
:1049C000AA8439E91840232404009148130884007C
:1049D000814791464A8681454A85EFE06FA309C524
:1049E0009307C0FA631DF50283278906DC53635DD4
:1049F000F0001844850793E717007D173E97B377BB
:104A0000F702B307F7401CC491475CC4FD571CC8AC
:104A1000232A04001CCC5CCC26856FB0AFF3AA849B
:104A2000E5BFEFB26FEE41112A84AE84138A05040C
:104A3000938A8500130B05016C002285EFF01FECB3
:104A4000AA8919E9B2452285EFE08FE2AA8969C1F6
:104A50009307C0FA6302F50C4E8541016FB04FEE2B
:104A60009C58B38626411397B70063580704305407
:104A7000DA2093071900504E2A07336777016366DF
:104A8000F60885481308B100CA875286D685228564
:104A9000EFE09FBC0DE1324785481308B100CA879B
:104AA00085462286DA852285EFF02F8815C1930787
:104AB000C0FA6303F506AA8945B7985C85481308D0
:104AC000B100CA872286D2852285EFE06F94D9B7DC
:104AD0000509D45CE366D9F83C544C4CE844905743
:104AE000EF30501B1C48285493050401BCC05C489F
:104AF000FCC01C4CBCC4EFE00FE3B2473707020018
:104B00009CDC9C58D98F9CD881BF1305C0FA65B72F
:104B10000149B70B102075BFB24637B700000566D4
:104B2000B7A5000037A5000013070783130606D0BA
:104B30009385C5C6130545F8EF406023FD571CC893
:104B4000E5BDEFB26FDCBE893C55BA8B9845DC53AE
:104B50001D712A84AE84B28A368B428A050763406F
:104B6000F00698C50149014C3854FD57CC40BEC8E9
:104B7000BECA7C47AEC482C682CCBDC7E1172285BF
:104B8000BECEEFE0EFCE3DC19307C0FA6311F51A38
:104B9000FD571CC86313091AD44037B700000566D7
:104BA000B7A5000037A50000130707831306468347
:104BB0009385C5C6130545F8EF40601BBDAA850760
:104BC00093E71700B377F70298C5C9FF85474C10E4
:104BD000268502D23ED4EFD0BFEC631D05140549F3
:104BE00059B70149054C49B75C4F49BF930C810443
:104BF000914613868400E6852285EFF00F8349F500
:104C00007C103EC6B7470000938787D03EC4B307E9
:104C10003041C207C187370810403EC252C0CE881B
:104C2000130808C0DA875687FD560146DE852285BF
:104C300022D666D8EFE01FAD21F993868401368530
:104C400036CEEFD09FE4F24619EDFC38370610005F
:104C5000130686C093870760D2075D8EE68522859E
:104C6000EFF04F8015F102DE82C082C2631C0C009F
:104C70009305C4036818EFD05FE693050403681832
:104C8000EFD0BFE5930584046818EFD01FE5F25715
:104C90007018A68593F707C022853EDEEFE06FAA65
:104CA00059E56818EFD01FE501ED3706008074184C
:104CB0001346C6C0E6852285EFE0DFFAE31605EC71
:104CC000E6852285EFF04F8FE31005EC3C54364724
:104CD0009C4FB377F7028DC3B7A6000029668565A0
:104CE00037A50000938646CB130646A493852582FC
:104CF0001305C5C6EF3080709C40D440B3093A41DB
:104D0000DCC0C64794C0239A3401D8C49CC823246D
:104D10000404232604042328040463190C003146E8
:104D2000930504031305C403EF30C0766285256143
:104D30006FB00FC1FD571CC8054985474C18268523
:104D400002DA3EDCEFD0DFD50DE5D44037B7000006
:104D50000566B7A5000037A50000130707831306F3
:104D6000A6839385C5C61305C5CDEF4040001155F8
:104D70007DBF938544002285EFF05FB8E30305E62D
:104D80009157E316F5FAE30409FA4A8C0149E9BBA5
:104D9000EFB26FB879712E840C08AA8432C636C47B
:104DA0003AC2BE8A42C0EFF01FC02A8939E57C387A
:104DB00002481247A303F1021C4CA24632463ED4DD
:104DC0005C4C0C0826853ED6D687EFF09FD7634A09
:104DD0000502424AD2498547232C4401232E34013F
:104DE0007CB8938504022285EFD09FCB19E56396AA
:104DF0000A0023A0440323A234034A8545616FB00F
:104E0000CFB42A89DDBFEFB2AFB24111B735000090
:104E100081467000938565C002C6EFF03F9411E1B2
:104E2000324541016FB00FB3EFB28FAD2A89131530
:104E30003700328B5D71AE84B6893A8A36863695F4
:104E4000014813031040130EF04F930E0060DA2850
:104E5000631FC512631D0818FC28639D071C83DBB4
:104E60004401FD57373C0000B70C10402328F900DF
:104E7000054D930D8103130CECBE938C0CC0814A3D
:104E800033835B41636D6D2E63870A04C20A93DA34
:104E90000A015E88D6872687D2864E86A6854A85F1
:104EA000EFF01FEF2A84630A052C9157631EF50C5F
:104EB000D8409440B7B700000566B7A5000037A5F5
:104EC0000000938707831306E6889385C5C61305FC
:104ED00005E5EF30D06983278906DC53635CF00871
:104EE0009844850793E717000507B377F702D9E3DE
:104EF00085472C18268502DC3EDEEFD07FBA3DE9DF
:104F00004A85EFF05FF02A84634D05108327C906B8
:104F10003384A7408D8363FF87049444B7BC0000AB
:104F2000056CB7AA000037A5000013870C83130691
:104F30003C8A9385CAC6130505E8EF3050635E8846
:104F400081472687D2864E86A6854A85EFF05FE4A4
:104F50002A84630F052891576318F50237A50000CE
:104F600093860C831306DC8A9385CAC6130505EB6A
:104F7000EF30F05F5E8881472687D2864E86A68511
:104F80004A85EFF01FBC2A84635F041A59A81442B3
:104F9000D18293950601C18193F8F57F63966800ED
:104FA0000507DAA8210665B56397C8030DE3B7A620
:104FB000000029668565938686E3130646A59385DA
:104FC000658C37A500001305C5C6EF3020437D175B
:104FD000DAA80548C1BF93F50570E395D5FD5842A1
:104FE000858A0C438CCC5843F4B8D8CC65BFE31504
:104FF00007E681EFB7A6000029668565938686E4FB
:10500000130646A59385358D6DBF3E86A6854A85D8
:105010003ECCEFF0AFDF2A84E24701C9F957E30D38
:10502000F5E2228561616FB06F91FC3BE38607E298
:10503000094411AADA289307E00FE3E2E7E29C4073
:1050400003278906D0443EDC9448FD57BEC27C4706
:1050500032DEB6C0B2C4B1C3E117BEC65C103EC6F4
:10506000B7470000938787D03EC4930A810302C2EA
:1050700002C081480148D2874E87A6854A854AD218
:1050800056D4EFE02FE82A8419C99157E309F4DCDC
:105090009307C0FAE317F4F8D9B35C4F75BF130C4C
:1050A0000903E285681002D602D802DA930BC9031D
:1050B000EFD0BFA2DE856810EFD03FA26810930545
:1050C0008904EFD09FA1B257681093F707C03ED66E
:1050D000EFD05FA21DE17010A6854A85EFD07FE674
:1050E0002A8421F13706008074101346C6C0D68585
:1050F0004A85EFE03FB72A8449F9D6854A85EFE033
:10510000BFCB2A8459F18327890672579C4FB37706
:10511000F70281CFB7A6000029668565938646CB46
:10512000130646A59385D59169BD8647D8C43146F7
:105130009CC8E2855E85EF30E035232409042326F0
:1051400009042328090483270B00832C8902130DEB
:1051500010403ED683274B00894B930D09023ED861
:10516000E3810CEC938A8C006C105685EFD05F9332
:105170002A8C49C183AC0C00E5B7D68B09B3939850
:105180000A0193D80801B3071041C207C1873EC284
:105190006EC662C45EC06688D2874E87FD560146E1
:1051A000A6854A851ACC02DCEFE0CFD52A84E31D20
:1051B00005DC832789066243130EE00FF84711E3ED
:1051C000D84F63636E02944F13561700130787FD81
:1051D0009387F6FFB297B3F6D702958F6373F70004
:1051E000BA876257E3F2E7CA135313009A9A49B990
:1051F000854B49B3A685130600025685EF308029FA
:10520000FD55639B6A07138C0C0203D74C0083D6B1
:10521000CC01E361D7F603C6FC0129DEEE85628589
:1052200036CE3ACCEFD0DF8711C56247F246158FF4
:105230002392EC006286D6854A85EFF0CF9271D535
:105240002A84C5B313173C004E9718439307F04FB9
:10525000135647011376F67F6314F60429831377F8
:10526000F73F6310D70203C76C006306770123A4DE
:10527000BC0023A6BC00050C83D64C00E3144CFDF7
:1052800059B7E37AD7FE03C76C00FD162392DC0002
:10529000E31377FF03A78C027D1723A4EC02E1BF81
:1052A000E31BA6FD29831377F73FE3E6E6FC03C77C
:1052B0006C0085062392DC00E31F77FB03A78C02BA
:1052C0000507E1BFEFA2DFE39C5901112A8C139778
:1052D000B700AE8C328AB68963500704D859D455CA
:1052E000B307370163F3D700B6878326CC0763F58E
:1052F000F6028327CC0623AEEC02E6852320FC06CB
:105300006285EFF00FF283A70C033DE13707F0FF52
:105310007D17F98F23A8FC024E8419E04E85B1A8B1
:1053200083A60C03B707020093840C04F58F81CB8E
:1053300003278C0603A6CC03584F6316E60C13967E
:10534000B60003A74C036346061CA1E31DCF83A64A
:10535000CC0203A68C021308010193878C037D17EE
:10536000A685628502C8EFE0CFA519C983A70C0303
:1053700037070800D98F23A8FC0205616FA01FDC46
:1053800003258C06A685EFD01FDA8327CC0603AB56
:105390004C0383AA8C032320FC06930DFBFF4C08CF
:1053A0006285EFF0AFD579F1D2456285EFD05FCC61
:1053B0001DC99307C0FAE31BF5FAB7B700001387BE
:1053C0000783D246B7A700009385C7C60566B7A76F
:1053D0000000138547F8130646BCEF305019FD57FF
:1053E00023A0FC046DBF03258C0663110B06D24776
:1053F00023AE0C0223ACFC0283A70C033707020088
:10540000D98F23A8FC0283278C0603A9C70183A791
:10541000CC033309F940637324012289930AC0FA4B
:1054200083A7CC0303A78C03CA885288854662866B
:10543000A6856285EFE06FEF6303050EE31855F371
:10544000E6856285EFF0EFDD61DD0DB72C086ECCEF
:10545000EFE02F8B03278C06E2470149584F850761
:105460003ECC6392E7080505EF203033AA8B130981
:10547000150056CE014D5247131F2D00FA87914853
:105480001308C10185466286A68562857AC6EFE06B
:10549000CFE9324F19FD6391AB07050DE36D2DFD8B
:1054A000D2470A0923AE2C0323ACFC02B1B78548CE
:1054B0001308C101CA875687B38626416286814593
:1054C0006285EFD0EFF4E31305EA524785481308ED
:1054D000C101CA8785466286A6856285EFE0EFE452
:1054E000E31905EC0509E246E363D9FCD24723AE94
:1054F000DC0223ACFC0209B7724791481308C101D2
:10550000FA879146628681456285EFD06FF051D56A
:10551000B1BDF95723ACFC0223AEEC02F1BD83A769
:105520004C034A9A33042441CA9723AAFC0283A756
:10553000CC03CA9723AEFC028327CC062320FC06AB
:10554000E9BBEFA27FBC9C591D71AA841397D700B9
:10555000635D07001397B700634407007D57B8C128
:105560003707FCFF7D17F98F9CD99C59014513978C
:10557000E700635807081397B7002E8403A9450373
:1055800083A9C502634B070A1306400581456800DD
:10559000EFA01FBD1C544146A6853EDAE8008547B2
:1055A0004EDC3EDECAC0EF20F06EFD579CC0FD59B8
:1055B00058585C54636AF7048569930B0404130C10
:1055C000C0FA37BB00009389F9D4B7AA000037AA04
:1055D000000085462686DE852685EFE04FC93DC161
:1055E00063118503145C9385CAC613070B834E862B
:1055F00013054AF8EF30A077A2852685EFF06FC239
:1056000069D925616FA0DFB385461306B1006C0030
:105610002685EFF0AF85E34605FE85461306B1000B
:10562000A2852685EFF01FCAE34D05FC9C40E3816F
:1056300037F9CEC623A03401A5BFCA8763733901E9
:10564000CE875CD81C5C01777D171CD45C58014563
:10565000232A24035CD41C58F98F4167D98F1CD8A6
:105660004DB7EFA25FAB41112A89DC59328495C650
:1056700005473304F6006382E60209473E84639ED1
:10568000E6009459D8551395E6003A846356050010
:105690003E8463F3E7003A8432940327490729558F
:1056A000636587006316F400228541016FA0FFA99E
:1056B0009859AE849316D70063D006040325890653
:1056C000D45D584D638AE6022C003EC4EFD07FE3E0
:1056D000AA89032589066C0022C6EFD09FE2639D4C
:1056E000A900FC4032476369F700B444B69763757C
:1056F000F700C0D8D8DC4DBFA6854A85EFF07FE41F
:105700004DF5C0D855B7EFA2BF9F83298502370A50
:10571000F0FF19712A842E89B28A368B854B7D1A47
:105720006395090C8327090013060002CA853EC44D
:105730008327490088003EC6EF20D0559C105A8729
:10574000D6864A868C002285EFF00FEEAA8463414C
:1057500005102C004A85EFD0AFB419E513060002FE
:105760008C004A85EF2010538947639CF40413068C
:105770008404CA852285EFD0CFFCAA8471E98657BC
:1057800037071000130787C03EC4965761091408F5
:105790003EC68347F9FF30008C1093870760D2071D
:1057A000D98F3EC80547814722854ACAEFF0CFE727
:1057B000AA84634F0508130600028C108800EF20AE
:1057C000704D268D814A37BA0000B7A90000B7ABEB
:1057D000000037AB0000130C040285476313FD2C57
:1057E000B70C0080938CFC3FB1AA13858900631528
:1057F000250183A909002DB7CA85EFD06FAA75F9D5
:1058000083C76900E39777FF83A709031397B7005E
:10581000E35107FE3C5403A7C9029C57E3FBE7FC96
:1058200083A74903CE85228523AEF9027C543CD060
:10583000EFF02F9FAA8409ED83A70903CE85228567
:10584000B3F7470123A8F902EFF0BFCFAA8455D1DF
:10585000268509616FA09F8E938584002800EFD074
:105860002FA409E523A4A40123A62401FC20639C02
:10587000B7019385C4022800EFD08FA209E523A6C3
:10588000A40323A824038440D5A8930404038545D6
:105890002685EFD09F822A8D631E05128C102685E7
:1058A000EFD0AFA663040512045816578656A98098
:1058B00093F4F43F0566A68713080A831306969DA2
:1058C0009385C9C613058BDCEF30604A1C58232A28
:1058D0000402232C0402B3F797011CD89357A900A4
:1058E00093F7F73F4A8763F4F400130709C086571C
:1058F0009306F03F3ECC96573ECE81476386D40058
:10590000AA04B707F04FC58F3ED09C003AD43ED6CC
:1059100009478147141030088C10228502D2EFF01D
:10592000AFD02A8D6348050A85476317F506E2471D
:10593000130600028C103EC4F2478800854A3EC61A
:10594000EF205035164886473247A2460566930831
:105950000A831306C69A9385C9C61385CBD8EF3040
:105960000041E2852800EFD0AF931649064D09E5C6
:105970002320A403232224030454894DE39E04EC32
:1059800090102C002285EFE03FC02A89E35F05EEEE
:10599000F957631DF510014D90102C002285EFE0A2
:1059A000FFC6AA8415C9F957E314F5EAE307A9E28B
:1059B000B7A60000296685659386C6E0130606A78C
:1059C0009385A59F1385C9C6EF2050234A8793046A
:1059D000F03F31BFEA84ADBD1C58930C040393F72C
:1059E000F73FC5E78C106685EFD02F929304F03F08
:1059F00015CD045816578656A98093F4F43F0566D2
:105A0000A68713080A831306D6A09385C9C6130573
:105A10008BDCEF30C0351C58370700801307F73F89
:105A2000F98F1CD8232A0402232C0402865713075B
:105A3000F03F3EC496573EC681476386E400AA0401
:105A4000B707F04FC58F3ED883477107370710005F
:105A5000130787C093870760D207D98F3EDC9C006D
:105A60003EDE09478147141830008C10228502DA87
:105A7000EFF08FBBAA84E34D05DC130600028C1007
:105A80008800EF203021268D89BB93052900B3358E
:105A9000B000B305B0406685EFD02FE2AA8439D1BB
:105AA00045BB8D44E3960ADA81445DB3AA844DB3C5
:105AB000EFA20FE519712A842E8B8147B7B9000038
:105AC00037AA000037AC0000BE84B7AC00007146B6
:105AD00081450810EFA0CFE88547A30BF102B70B73
:105AE00000808547B70A10603EDE0149938A8AC06C
:105AF000138DFB3F2818EFC05FF909C5630109103A
:105B00008144F1B730188C002285EFE0DF8511ED7C
:105B100083477103F1EF90102C182285EFE0DFA688
:105B200063580500F9576309F50E09616FA00FE18D
:105B3000E1E0AA860A8713C60BC08C102285EFD03D
:105B40000FBFE34405FE8247E25612487257639442
:105B5000D700630FE8086314F700630BD8080563E8
:105B60001306133B938809839305CAC61305CCFF1C
:105B7000EF30E01F0C1013050403EFC01FF905639D
:105B80001DE1814D894610080C1022856EC802CA9D
:105B900056CC0ACEEFF03FB7E34905F88D47E31B3B
:105BA000F5F4054981BF832D04031257825693DD16
:105BB000AD0093FDFD3FEE87138809831306B33BC9
:105BC0009305CAC613850C04EF30601A1C58232AAB
:105BD0000402232C0402B3F7A7011CD89307F03F5B
:105BE000E381FDFAAA0DB707F04FB3EDFD0059BFF1
:105BF000130600028C000810EF20D009E5BD854790
:105C0000E38404EC0C5813050403B305B040E2052B
:105C1000E185EFD08FCA11BFE1DCE30B0BFC7257BB
:105C2000E256056637A500001306A63D9305CAC6D1
:105C30009387098313058508EF30601313068404E6
:105C40008C002285EFD0EFAFE31105EE834771059D
:105C500037071000130787C093870760D207D98FD3
:105C60003EC48546BC0830000C1022853EC6EFF0CD
:105C70009FA9E34C05EA8D47E31EF5E65A899DBDD1
:105C8000EFA20FCB2A84EFF01FA8634C050011C9C7
:105C90001C58014593F7F73F89C781452285EFF0EE
:105CA0003FE16FA02FCBEFA2AFC81C5939712A84F6
:105CB000A583858BBDCB58511451B7B7000005663D
:105CC000B7A5000037A500001306B6339385C5C6F7
:105CD000938707831305850BEF30600913060402D1
:105CE0000C102285EFE02FE821EDB70702008507B1
:105CF0003EC43C5485460A86DC4F0C1022853EC6C5
:105D00007C543EC83C583ECA7C583ECC3C5C3ECE9F
:105D1000B7071020E1073EC03C003EC2EFF05FF63F
:105D200005E11C5893F7F7DF1CD85C5C13D74701DB
:105D30001377077009EB1C58014593F7F73FDDE334
:105D400021616FA02FC178403440A98337B800008B
:105D50000569B7A4000037A5000093F7F73F1308C3
:105D60000883130649369385C4C61305C50EEF3064
:105D700000005C5C1307F04FD18393F7F77F638FCC
:105D8000E700B7A60000296693860612130606B040
:105D9000930589361385C4C6EF20406613060404B4
:105DA0000C102285EFE02FDC41FD5C5C1858B70633
:105DB00000809386F63FA983758F93F7F73F18D835
:105DC000AA073707F04FD98F232A0402232C040295
:105DD000854630000C1022853EC402C6EFF05FEA13
:105DE00039D9B9BF85452285EFF09FCC91BFEFA28D
:105DF0002FB4328441112E8913068504A285AA840A
:105E0000EFD02F941DE17C3837071000130787C0AF
:105E100093870760D207D98F610485463000CA8511
:105E200026853EC422C6EFF0BFE541016FA08FB2C8
:105E30009C591397C70063580700014582800145AC
:105E400005616FA08FB0EFA20FAD01112E84AA845F
:105E5000EFF02FEF0329040301C9B70708003369E6
:105E6000F90023282403E9BF9317F900E3D907FCBD
:105E7000930984004E85EFC05FC171F19317B9009B
:105E800063D3070470445454130710205E20520754
:105E900032CAAA07DD8E558F3AC838481008CE8519
:105EA00014472685D58FB7062010D58F3ECC5C438E
:105EB00089463ECEEFF0DFDC1C581DC937070800CD
:105EC000D98F1CD8B5BF2686938504012685EFD0CF
:105ED000FFE43DF51C581397B700E34507FA1C543F
:105EE000A14630003EC45C54130720203EC679BF53
:105EF00041777D17F98FF1B7EFA28FA3AA842E8483
:105F0000EFF01FF39C542A891387840289C79443B6
:105F1000631CF40014C33C489C4381E76844EF20B1
:105F200080544A856FA00FA33E87B687C5B7EFA2FE
:105F3000AF9D797132C693F726002A89AE84B6895F
:105F4000A1EB138A8400B8C823A8340323AA04024F
:105F500023AE040223A60404938644007000D28575
:105F60004A85EFE0AFC12A84635E0502F9576317E3
:105F7000F5003245EFE0EFD715E579549C58370727
:105F80000800A685D98F9CD84A85EFF0FFF639A086
:105F90003AC4EFF05FD12A84224745D52285456176
:105FA0006FA00F9A8547FCA0832789029CC02324F9
:105FB0009902F9576318F40A93F90910E38F09FA63
:105FC0003244B7A50000938505D52285EF20507097
:105FD000B307A400838707006393071A8327090781
:105FE00063F5A7001304C0FD51BFDE203707104042
:105FF0008D46AA075D8F3ACC5D8D37071000598D0D
:1060000037071020D98F2AD03008D2854A8522D26E
:106010003ED402CE02D6EFF0BFC691572A84E303E6
:10602000F5FC29FD37041020B70A00808149314B67
:1060300093CA0AC0F95B416CBC48984763EEE90615
:106040009C4383298906E9CBFCC4938504044E85CF
:10605000EFD06F8D93574401130710206386E70C30
:1060600001442DBF93F70920639D071051801374DD
:10607000F47F85476319F410C22093F909402A047C
:10608000638A09009C584167B7061020D98F558C48
:106090009CD859BFB7060020A10637061070C18EE4
:1060A00013878402130606C0D2854A85EFC03FE8F5
:1060B0002A84E35B05F6D9B59858058B19E79C58F7
:1060C00013F7270005EF850985BF33876903DC4394
:1060D000D6205686D285AA064A853E971C47DD8E75
:1060E0001C23584393870730D207DD8EEFC03FE46F
:1060F000E35705FCE30575FD2A8449B5B3866903BA
:10610000B84858433697144703278907636FD70663
:10611000B3E787019CD845BF03A58902EF2000346F
:10612000E8C405F5515499BD9C58B706100079573D
:10613000D58F9CD8832789061374F43F98D494573D
:10614000C0D4B8C023A20404B4C419D8DE201306F6
:10615000E03FF844AA076374D6009306E03FDD8E63
:1061600037061070B7070020DD8E130606C0D285F3
:106170004A85EFC0DFDB2A84E35405EE01B53154D4
:10618000F5BB3D54E5BB2D54D5BB1154C5BBEF92B7
:106190009FF89C59411113F727000DE3B7A60000A3
:1061A0002966856537A50000938686FA130686A9B9
:1061B0009385A5E41305C5C6EF2040241397D700A7
:1061C000AA842E84328AB689634207041C58139726
:1061D00047016343070403294403F8581555B306E0
:1061E00039016368D7021397E700635D0702CE8623
:1061F0005286A2852685EFF0EF8C634C05001C5873
:106200003707F8FF7D17F98F1CD821A0EFF06FB387
:1062100055DD41016F907FF358545458E3FDE6FA81
:1062200058D855BF5C54E3F427FD5CD88546130667
:10623000F100A2852685A3070100EFF0AF88E34AAD
:1062400005FC5C58E3E427FF5DB7EF927FEE1D711C
:106250002A842E89EFC0DFEE6312050E8327090220
:106260008DE3B7A600002966856537A500009386F3
:1062700086FD130606AE9385F5121305C5C6EF20FD
:10628000E0173C5468508145D057EF907FED3C5467
:106290007854232A0404DC578E076373F700BA8707
:1062A0003CCC232E040438D08C002285EFE0AFEFE5
:1062B000AA8435EDB707020085073EC83C548D46D9
:1062C0003010DC4F8C0022853ECA7C5402D63ECC76
:1062D0003C583ECE7C583ED03C5C3ED2B707104086
:1062E0003ED4B707F00FA1073ED8B7A700009387A9
:1062F00007FF3EDAB7071020E1073EDC1C083EDE50
:10630000EFF01F98AA8405E5814601468C0022859E
:10631000230B0104EFF0DF96AA8411E985473000D2
:106320008C00228502C43EC6EFE0EF83AA8422855A
:10633000EFC01FC8268525616F90DFE1AA84DDBF0D
:10634000EF921FDFEFC0DFC66F90DFE0EF92DFDB81
:106350001D712A84EFC0DFDE2A894DE17146814537
:106360008800EF90FFDFA965854741469385058A40
:106370002808B7A90000416ABECE938909FFEF2023
:106380006011B74A00007D1A37BB0000B7AB0000B0
:1063900037AC0000A808EFC04FEFAA8C25C59304C6
:1063A00004032685EFC00FF50DE51C5C5858145802
:1063B00037B800000566B7A5000037B50000130820
:1063C0000883130666219385C5C613054586EF200D
:1063D000101A18583146A6859357F701BA971CD85A
:1063E0001305C403EF20000B78545C54232C0404E1
:1063F000232E0404B3F7E70238D07CC84A85256110
:106400006F901FD42C088800EFE08F91AA84634519
:10641000050AA1473707F00F370D00803ECA9308E1
:10642000C10013886AA38147210793460DC0B008B5
:106430008C00228522C64EC8EFD0BFB3AA84634D1C
:106440000506630E051893146501D984FD5763880A
:10645000F4188647B706102038101CD09647E1067E
:1064600013460DC05CD08C002285EFC05FACAA84BF
:106470006344050422570946931707019356070101
:10648000C1836395C6000546637DF602B7B8000078
:1064900042070566B7A5000037A50000938808836A
:1064A0000548894741831306C61B9385C5C6130556
:1064B000C56EEF20D00BA9542285EFF07FE8268926
:1064C00035BF95E3056693080B8305488947337705
:1064D000470189461306B61C9385CBC613054C723B
:1064E000EF20F008854C1C58A60CD25693F7F7DF26
:1064F000B3EC9701232894039DC638586374D702E0
:10650000B7B700000566B7A5000037A50000938760
:1065100007831306661D9385C5C613054576EF20D0
:10652000100551BF34D8E2568DC678586372D70231
:10653000B7B700000566B7A5000037A50000938730
:1065400007831306161E9385C5C613058579C1BF3B
:1065500074D8F25695CA385C6372D702B7B7000098
:106560000566B7A5000037A50000938707831306CB
:10657000C61E9385C5C61305C57C55B77C5C34DC47
:1065800063F3F600B6877CDC3C54C25698531DC3B7
:106590006302D702B7B700000566B7A5000037B59C
:1065A0000000938707831306B61F9385C5C613059E
:1065B0000580B5B774D4D84FB2566382E602B7B738
:1065C00000000566B7A5000037B500009387078374
:1065D000130646209385C5C61305458389B7130660
:1065E00004038C002285EFC0DF95AA84E30405DA5A
:1065F000E1B5EF92FFB31D712A842EC6EFF0AFEA2A
:1066000045E1814670002C082285EFD03FD76349D1
:1066100005089354A50093F4F43F9307F03F638D6E
:10662000F40C1C5413594501AA043EDC8947631B32
:10663000F904B7060020A106370610701808C58EA9
:10664000130606C02C082285EFC07F8E634A05041E
:1066500010088C002285EFD01FD139E1D6473707CB
:1066600001FF7D17F98F130590FD9DEB85451305FF
:106670000403EFC09FA40DE53C18230F0102231E65
:1066800001021CD4B707F04FDD8C854610082C089A
:10669000228526C802CAEFF0AFDEE2571CD401C53E
:1066A00025616F903FAB1C5893F7F73FF5DB8947A7
:1066B0006302F902B7B600002966856537A50000B8
:1066C0009386C6891306C6AB938515F61305C5C612
:1066D000EF10D052FD5513050403EFC01F9E69F162
:1066E00030088C002285EFD07FF25DF990002C08F5
:1066F0002285EFF0CFEF6DB729555DB7EF92DFA0A0
:106700007171AA842EC832CAEFF0EFD9631D051249
:10671000930A010281461008D6852685EFD01FC650
:106720002A84634C05001359A5001379F93F930996
:10673000F03F2A8B63173901295422854D616F90F0
:106740003FA09306E10050088C002685EFD01FC3C0
:106750002A84634C050E9357A50093F7F73FE38D0A
:1067600037FD8C005685EFC0AFB39C542A8ABED04B
:10677000F957631DF40ED249B7A50000938505D5DE
:106780004E85EF20E074AA998387090091C793573B
:106790004B0109476395E720BC5863E4A720630FCA
:1067A0000A0A9C58370700801307F73FF98F131721
:1067B000A900D98F3707F04FD98F9CD88257CA8B41
:1067C000DCD892579CDCF9576300F40A3C87370702
:1067D000F04FCA8BAA07D98F8359E100524C3EC5AE
:1067E000AA09B7071040B7A50000B3E7F9009385E1
:1067F00005D562853EC902C702CBEF20606DB707A1
:10680000F0FFB377FB00B3E737015D8DB3E92901F2
:10681000B7071010B3E9F9002ACD62CF4ED156D395
:10682000814763170A00AA0BB707F04FB3E7FB00D5
:10683000954630018C0026853ED502D7EFF04FC437
:1068400055C986579CD42A84CDBDF957E317F5EE78
:106850005245EFD01FCAE31605F0C5B53C87CA8B79
:106860006364F900930B19008147BDB79357440146
:1068700093F7F77F13574B016388E70009473154BB
:10688000E39DE7EA2D5455BD348709E56314D9002B
:10689000014465B50947639CE704B7070020AA06D1
:1068A000A107370610703801DD8E130606C08C0074
:1068B0002685EFC0CFE7E34805F83001AC10268508
:1068C000EFD07FAA49F1F657370701FF7D17F98FFF
:1068D000130590FDADFB854513850403EFC0EFFD67
:1068E0003DF19C1023030106231201069CD4E30F03
:1068F0000AEC45BD63010A049C5813D7470113777E
:10690000077015CB370700801307F73FF98F9CD826
:106910002A09B707F04F3369F90023AA040223AC10
:10692000040285463008D68526854ACC02CEEFF093
:106930002FB5E31805F086579CD49C5893F7F73F82
:10694000A1DBF9576308F40051801374F47F894781
:106950006301F402B7B600002966856537A500001B
:106960009386068C130686ACD1151305C5C6EF10A9
:10697000F028FD5513850403EFC02FF42A84E31E8D
:1069800005DA9000AC102685EFD05FC82A84E316A4
:1069900005DAB0108C002685EFF06FC56DB5315467
:1069A00069BB1304C0FD51BBEF928FF82A840855D0
:1069B000411132C636C4AE84EFC02F97A24632468C
:1069C0000DC1B7A600002966896537A5000093862A
:1069D000C6F1130606B1938545801305C5C6EF10B1
:1069E000F0212967130747B8A6852285EFF02FD439
:1069F00041016F902FF6EF92AFF32A840855AE84D1
:106A0000EFC0AF920DE1B7A600002966896537A5F2
:106A10000000938646EE130606B293858582130521
:106A2000C5C6EF10B01DA6852285EFF0EFCC6F90A4
:106A30006FF2EF92EFEF2A840855411132C636C447
:106A4000AE84EFC08F8EA24632460DE1B7A600009D
:106A500029668965938646EE130606B39385A58459
:106A600037A500001305C5C6EF1050199C5813F741
:106A7000170001EFB7A6000029668565938646F5E5
:106A8000130686A8938535DEE1BF1397E7006349B7
:106A90000700A6852285EFD07FBD41016F908FEB67
:106AA000A685228536C632C4EFE0BFA92246B2468B
:106AB0006DD1E5B7EF92CFE72A840855411132C670
:106AC00036C4AE84EFC06F86A24632460DE1B7A64B
:106AD00000002966896537A50000938646EE1306F7
:106AE00006B49385C5851305C5C6EF103011A6857C
:106AF0002285EFF0CFE941016F90CFE5EF924FE3B0
:106B00002A840855411132C636C4AE84EFC0EF81E5
:106B1000A24632460DE1B7A600002966896537A571
:106B20000000938646EE130606B59385E5861305A9
:106B3000C5C6EF10B00CA6852285EFE09FB24101DB
:106B40006F904FE1EF922FDDAA84085541112E84FA
:106B50003289EFB09FFD0DE1B7A600002966896577
:106B6000938646EE130606B69385F58737A5000093
:106B70001305C5C6EF109008145893F7260081EF4F
:106B8000B7A6000029668565938686FA130686AA4D
:106B90009385A5EAE1BF2955634209085854139625
:106BA000E60083294403BA8763560600CE8763F361
:106BB000E900BA876377F90AFC5C63E4270781463A
:106BC0000146A2852685EFE0DFA963490504D0448C
:106BD000FD579CC0CA86A2852685EFD03FA9634F8A
:106BE00005021C58B7061500CC44D58F1CD8BC54E0
:106BF000684479579C5718D42326240338C023228D
:106C000004043CC44A86EF10F00881464E86A285F3
:106C10002685EFE01FA56353A000014541016F9059
:106C2000CFD2A2852685EFE0DF916DF95454105440
:106C30001308C100930784031307F9FF93050404A5
:106C4000268502C6EFC0FF9771F91C5C3707050067
:106C5000232A24031CD41C5823262403D98F1CD890
:106C60006DB7E3F427FB89460146A2852685EFE050
:106C70005F9FE34505FA5C58E3F927F9854613065B
:106C8000B100A2852685A3050100EFF04FD0D5B74E
:106C9000EF926FC83571AA842EC2EFF0CF802A849C
:106CA0001DE19C549306210050000C012685BEDC9A
:106CB000EFD0CFECF9572A84631BF50012494A85BF
:106CC000EFD03F8309E922850D616F900FC8E34C37
:106CD00005FE3D54CDBFB7A500004A85938505D577
:106CE000EF20001FBC582A891304C0FDE3EDA7FC68
:106CF000FC5493098101CE85BCD02685EFD0BFCA54
:106D00002A8471F1130600020C012818EF10807814
:106D1000930A01058347F104B5E7370A1060130AA7
:106D20008AC085461008CE85268552C856CAEFE02F
:106D30003FF52A8449F983477109A9EF3C81370758
:106D4000104082CEAA075D8F33E92701BACC3707FE
:106D500020003369E9001247CAD0CED6BAD237072D
:106D600000202107D98FBED483477109B5C7814759
:106D70009146B0080C012685BED8CEDAEFE05FF070
:106D80002A8491B756862C182685EFD0CFDD2A8429
:106D900051D115BF938A040385455685EFC0EFB1E5
:106DA0002A8415F1BC189CD4854630002C18268501
:106DB000230F0106231E010652C44EC6EFE05FEC0E
:106DC000E6572A849CD4E31005F0FD555685EFC0A4
:106DD000CFAE2A8425D5C5BDB7071060938787C07D
:106DE00041BFEF92EFB4AA840855011132C62E8438
:106DF000EFB0BFD332460DC1B7A600002966896542
:106E000037A50000938646D5130646B79385B58C03
:106E10001305C5C6EF10805E1309840032CA81468F
:106E20005008CA852685EFD06FD56346050693576F
:106E3000450109476394E70629811375F53F9307D8
:106E4000F03F631AF5029C503ECCDC503ECE300839
:106E5000CA852685EFD02FD11DED1C4423120400D6
:106E6000232404025CD45C441CD889477CA09C5435
:106E70001CC080D40DA0B70600202A05A106370645
:106E80001070C98E3808130606C0CA852685EFC063
:106E90000F8AE35E05FA05616F90CFAB3155E5BF10
:106EA0001C551307850289C794436395F50014C3E5
:106EB000014582803E87B687FDB7EF92CFA5B284A9
:106EC0002E842A891306801081452685EF904FA9CC
:106ED0001C548DE38947B7A500009CA0938545E32A
:106EE00013858400EF10D07D1C54054585071CD404
:106EF0006F90AFA505476385E704930A04029309E1
:106F00008400795A5A205E2C631CF7007C3CA1C394
:106F10005686CE854A85EFD00FC579F92312040035
:106F20005220A686CE854A85EFC08F8B9307250019
:106F3000F59BDDFF5E2085075EA0E30545FD6DB78F
:106F40008947B7A500009CA09385C5D451BF0145D2
:106F500045B7AD660147938606936313C7008280E9
:106F6000B387E5009C231358450005073D8D3D89F7
:106F70000A053695084191833348A800B3C7070135
:106F8000BD8B8A07B6979C43135548003D8DF1B7DA
:106F9000EF920F9A2A84F52B31C1EFB02FDB1387C4
:106FA000C1841C43373600201306C6D093961700C1
:106FB000B2968AA28566138686BB8507B3F7C70299
:106FC000938676BB1CC393878184984363E4E60071
:106FD000050798C32285E92BEFB0AFD46F908F9748
:106FE00001A0B707EFBE37E700E0938707083CC76B
:106FF00001A00545EFF0DFF9730020300945EFF0FF
:107000003FF9730020301145EFF09FF873002030F6
:107010002145EFF0FFF7730020304145EFF05FF7B7
:107020007300203013050002EFF09FF613050004F3
:10703000EFF01FF613050008EFF09FF513050010A1
:10704000EFF01FF513050020EFF09FF473002030E0
:1070500013050040EFF0DFF3056513050580EFF041
:107060003FF30565EFF0DFF20965EFF07FF21165A0
:10707000EFF01FF22165EFF0BFF173002030EF92C7
:107080002F8B0545EF004073492AEF00904C716546
:1070900013050520EF00105D37B5000013050597B7
:1070A000EF10305E85451145EF00100885452145FC
:1070B000EF0090070565854513050580EF00D006B4
:1070C000854513050020EF00300685450545EF0096
:1070D000B00585450945EF00100785450545EF00DA
:1070E000900685451145EF001006EF905FD8EFA0A0
:1070F0006FD5EFA04FD775DDEFA03FCEEFB00FE318
:10710000EFA09F864145E145EFA09FD6EFA0FFAAE3
:10711000EFB0CFB937B5000013054598EF107056A2
:10712000EFA00FDF19C1EF902F8EEFA0AFF1CDBF11
:10713000B71702409843B706FFF0411113671700D5
:1071400098C3D84337060200758FD8C39843B70653
:10715000F7FEFD16758F98C39843B706FCFFFD1622
:10716000758F98C3D843B70601FFFD16758FD8C336
:1071700037079F0098C702C402C69843C166558F5F
:1071800098C3B716024005679C42F18F3EC6A247DE
:1071900085073EC4B24781E7A247E397E7FEB717EA
:1071A00002409C431397E7006357070685473EC696
:1071B00032478547631FF704B7170240D843B70625
:1071C000C1FFFD16D8C3D843D8C3D84313670740BF
:1071D000D8C3D843758FD8C3D843B7063D00558F61
:1071E000D8C39843B7060001558F98C398439316A8
:1071F0006700E3DD06FED843B7160240719BD8C393
:10720000D84313672700D8C32147DC42B18BE39EE4
:10721000E7FE4101828002C661BFB7160240DC4230
:107220001146B18B138781806385C700214663882F
:10723000C702B7177A00938707201CC3B71702400D
:10724000DC43918393F6F700B7070020938707008C
:10725000B69794231C43B3D7D7001CC38280DC426B
:10726000D4424166C983BD8BF18E8907454663933D
:10727000C700C94781EEB746024083A60680C18A8F
:1072800089CEB7167A009386062021A8B716024049
:10729000D4421396E600E35606FEB7163D009386E9
:1072A0000690B387D70251BF01A09791FF1F93812A
:1072B000615D17E1FF1F1301E1D4174500001305BD
:1072C000E58B9795FF1F9385E5D31386018263FABB
:1072D000C5008322050023A0550011059105E3EAAE
:1072E000C5FE1385018297D5FF1F9385A519637786
:1072F000B500232005001105E36DB5FEFD42739036
:1073000002BC8D42739042809302800873900230D9
:107310009792FFFF938242CF93E2320073905230F4
:10732000EFF01FE1970200009382A2D57390123410
:1073300073002030EF82DFDFB727014093870740DB
:10734000631CF500854513050020292D8145130593
:107350000020092D6F801FE0B73701409387078019
:10736000E31AF5FE854513050040ED2B8145130515
:107370000040C5B75C413707F1E01307F7EF944DC4
:107380007D8F9C41D58FD44DD58FD441A206D58F0A
:10739000D98F5CC11C4537F7F1FF1307D77FD44560
:1073A0007D8F9C49D58F94458606D58FD98F1CC576
:1073B0005C55370710FF7D177D8FDC29FD1793F78C
:1073C000F70FD207D98F5CD582801C4589C593E71A
:1073D00017001CC58280F99BEDBF1C4593E7870011
:1073E0001CC5828008450D81058982801C4593E774
:1073F00047001CC5828008450981058982801C459B
:1074000091C537075000D98F1CC582803707B0FF60
:107410007D17F98FD5BFA54763F7B7048D4713874D
:1074200065FF3307F7020328C5009D47B397E700C0
:1074300093C7F7FFB3F70701B396E600DD8E54C597
:10744000994763E3C70495477D163306F6025859FA
:10745000FD47B397C70093C7F7FFF98F3396C50071
:107460005D8E50D982800D473387E50203280501E0
:107470009D47B397E70093C7F7FFB3F70701B396AC
:10748000E600DD8E14C96DBFB14763E2C7029547C0
:1074900065163306F6021859FD47B397C70093C720
:1074A000F7FFF98F3396C5005D8E10D9828095471E
:1074B0004D163306F6025855FD47B397C70093C7DC
:1074C000F7FFF98FB395C500DD8D4CD582806845F7
:1074D0004205418182805C4189C50567D98F5CC1C5
:1074E00082807D777D17F98FDDBF1C4589C52167B7
:1074F000D98F1CC5828061777D17F98FDDBF084168
:107500006D8D3335A000828093C5F5FF0CC182805C
:107510005C4191C537070004D98F5CC18280370771
:1075200000FC7D17F98FD5BF5841032805004C4555
:1075300037060140930706403E979346F8FFB1C5D2
:1075400083250640F58D2320B640D043F18ED4C369
:107550001443B3E6060114C3184190479346F7FF5E
:10756000758E90C7D047F18ED4C7144541466399B4
:10757000C6009447D98E94C7D447558FD8C7828008
:10758000B6979443558F98C382801C43F58F1CC3D4
:107590008280B70701401387074083A70740584BF5
:1075A000698F09C77D8D3335A000828001458280B7
:1075B000B707014023AAA7408280B707674537274E
:1075C0000240938737125CC3B797EFCD9387B79A82
:1075D0005CC38280372702401C4B93E707081CCB13
:1075E0008280B7270240C8C78280372702405C47A5
:1075F0000545858B91E748474189133515000D05F1
:107600008280EF82FFB22A848544EFF01FFE631967
:10761000950019E0154531A0EFF03FFD7D14C5BF81
:1076200075D86F803FB3EF82BFB0AA8437051300CF
:10763000EFF03FFD91476314F502372402401C48E8
:107640003705130093E727001CC844C81C4893E77C
:1076500007041CC8EFF0FFFA1C48F59B1CC86F809C
:107660007FAFEF82FFAC4111AA8415652EC6EFF003
:107670005FF99147B245631FF500372402401C486B
:10768000156593E717001CC88EA0EFF09FF71C4804
:10769000F99B1CC841016F80FFAB9C4513F70701A4
:1076A00013F8F70001C7D8413368E80037270240D4
:1076B000145B3707000F758F4DEB85462388D18407
:1076C000371701406315E5009A2135839AA18E2171
:1076D00013F7F50F39C318418146854E3D4F930F7F
:1076E000800293028004214E3396DE00B3F8C50079
:1076F000631116039398260033131F011343F3FFFE
:107700003377E300B318180133E7E8006397F7070E
:1077100050C98506E39AC6FD18C11307F00F6375BB
:10772000B70454412146854E3D4F930F800293028A
:107730008004414EB398CE0033F715016392E802FE
:107740001317260001173313EF001343F3FFB3762B
:10775000D3003317E800D98E6395F703232A150168
:107760000506E319C6FD54C1828037170140E310B6
:10777000E5F603C7018521DF81BFE39C57F810C9F7
:1077800049BFE39F57FC23281501D9BF13F7C50F45
:1077900093F73500B7050140BA9594458A073D47F0
:1077A0003317F7001347F7FF758F98C598453315C2
:1077B000F500598D88C5828023AAA184828003A701
:1077C0004185854714216310F7021C31639CE70251
:1077D0003C21960793E707F837E700E093F7F70FA8
:1077E00036972300F740054793D756003317D70045
:1077F000544189CE938707048A07B7E600E0B6971D
:1078000098C38280EDF33C219607F9B7938707066A
:10781000B7E600E08A07B69798C30F100000828091
:10782000B7170240D843B70640FFFD16758FD8C37F
:10783000D8435A05598DC8C38280B7160240DC422E
:1078400051777D17F98F5D8DC8C28280371702404E
:107850005C439146B18B6385D700A1466382D7060E
:10786000B7177A00938707201CC1371602405C4285
:1078700037070020130707019183BD8BBA97942324
:107880001C41B3D7D7005CC15442A1829D8ABA96ED
:107890009422B3D6D70014C55442AD829D8A369740
:1078A0001823B3D7E7005CC5584239839376370075
:1078B0001387C18036971823B3D7E7021CC982808B
:1078C0005C435843C166C983BD8B758F8907C54624
:1078D0006393D700C94701EF37470240032707806A
:1078E000418B09CF37177A001307072021A83717D4
:1078F000024058439316E700E3D606FE37173D00D3
:1079000013070790B387E70285B799C53717024079
:107910005C4B5D8D48CB8280B7170240D84B134536
:10792000F5FF798DC8CB828099C5371702401C4F6F
:107930005D8D08CF8280B7170240984F1345F5FF41
:10794000798D88CF828099C5371702405C4F5D8D55
:1079500048CF8280B7170240D84F1345F5FF798D85
:10796000C8CF828099C5371702405C475D8D48C7F4
:107970008280B7170240D8471345F5FF798DC8C7F5
:1079800082801E2137370140130707C0C207C18319
:107990006300E50237070040630CE500130707406A
:1079A0006308E50037170040130707806316E500FA
:1079B000BA2193F7F7F8D98FFA2193F7F7CFC207D7
:1079C000C183D98F1EA1DE215EB59E211EB5B737BA
:1079D0000140938707C06314F5009C251EB98547B5
:1079E0005EA982801E31922103D82500C207C1837F
:1079F000F99BC207C1831EB11E3156211A2DC20741
:107A0000C183420741831377C7F8518F9225F59BB5
:107A1000C20633660601D18F37360140130606C011
:107A2000C1826310C502B225DD9B03D8E500D18F6A
:107A3000D221ED9B93F6F6CFD18FD2253366060186
:107A4000D18E56A11AADFA215AB91EB182801E31CB
:107A500065771307F7CFC207C183BD9BC207C183F8
:107A60001EB11E31562103D88500C20713960601A8
:107A7000162DC18393F7F7FD758F96214182A206DB
:107A8000558FB62142074183B3E606019206D58F92
:107A9000B7360140C207938606C0C183631ED50274
:107AA000B62593F7F7F703D8C5009206D58FD621F0
:107AB000C207C183920693F7F7FBD58FFD769386B5
:107AC000F63FF18EF225C207C183336606010A062E
:107AD000D18E13960601418252A11AADFA211ABD28
:107AE0001EB182801E3103D88500C207C18393F77F
:107AF000F7EFC207C1831EB11E3156215A2DC207AE
:107B0000139606014207962141831377C7F8558FD4
:107B1000B621C18393F7F7DFB3E60601A206D58F3E
:107B2000B7360140C207938606C04182C183631FF6
:107B3000D502FD769386F67FF58FB62503D8C5006E
:107B4000A206D58FD621C207C183A20693F7F7BF3D
:107B5000D58FF576FD16F18EF225C207C183336607
:107B600006011206D18E13960601418252A15AAD2A
:107B7000FA215ABD1EB182801A31FD77FD17F98FA7
:107B80001EB10358050256215E2D65779221130719
:107B9000F7CF7D8FF9772206FD17518FB3F70701D5
:107BA000B22103D88500C2064207336606013206B9
:107BB000D18F37360140C207130606C0C182418308
:107BC000C183631AC50071767D16F18ED2251A061F
:107BD000D18EC206C18256A15AADFA212310E50406
:107BE0001EB182801E2189C593E717001EA18280E5
:107BF000C207C183F99BC207C183CDBF8357450428
:107C000091C52167D98F2312F5048280C607C583E9
:107C1000DDBF1E2189C593E707081EA18280C20728
:107C2000C18393F7F7F7C207C183C5BF1E2DC207F3
:107C3000C183DD9BDD8D0EAD82801A2DFD7793878C
:107C4000F77FF98FA205CD8FC207C1831EAD828059
:107C50005E2DC207C183DD9BDD8D4EAD82805A2D26
:107C6000FD779387F77FF98FA205CD8FC207C18378
:107C70005EAD82804EB1828093C5F5FFC205C181A1
:107C80000EA98280EF82CFCA1A29F577FD17F98FE6
:107C9000FA2101112A84D98F1EA99A25DE215625A1
:107CA000AE84D98FBA25D98F7D771307379F758F0B
:107CB000D98F5EA55E29DA25C207C18393F7F7CF76
:107CC000D98F5EA96800EFF07FB8B747014093876E
:107CD00007806316F404E2476545B335F50290402A
:107CE00081460A063305F5024926930640063357B6
:107CF000D502120793574700B387F6021D8D9317DD
:107D00004500138527039307F06363FCA700130561
:107D10000701420541810AA405616F80AFC3D247C4
:107D200065BF3355D502598DEDB791C55E250967FD
:107D3000D98F5EA582805A25F977FD17F98FD5BFB7
:107D400093F5F51F4EA182800A216D8D3335A00079
:107D5000828083A7818037177A0013070720B3D763
:107D6000E70293F7F70F238DF1841307803EB38763
:107D7000E702239CF1848280B7F700E0D843814674
:107D8000799BD8C303C7A1853306A70290CBD4CB78
:107D900098431367070198C398431367170298C362
:107DA000D843058B75DF9843799B98C38280B7F7DA
:107DB00000E0D8438146799BD8C303D78185330639
:107DC000A70290CBD4CB98431367070198C398437D
:107DD0001367170298C3D843058B75DF9843799BC7
:107DE00098C38280B7F700E0D8438146799BD8C317
:107DF00088CBD4CB98431367070198C39843136784
:107E0000170298C3D843058B75DF9843799B98C3B5
:107E10008280B7F700E0D8438146799BD8C303C777
:107E2000A1853306A70290CBD4CB984313670701F3
:107E300098C398431367170298C38280EF824FAFAD
:107E4000D1473305F502EFF0DFFC6F80AFB0B7F735
:107E500000E0C8430589828037F700E01C43F99BA6
:107E60001CC38280EF82CFAC01112A84854537057F
:107E70000800EFF05FAD85452145EFF0FFAA85478B
:107E80007C82371501408D473EC44C00E147130505
:107E900005C03EC6EFF07F8022C837540040B707C8
:107EA00008000C08130504C03ECC02CA231E0100C2
:107EB000EFF05FDD8545130504C0EFF01FE70561B6
:107EC0006F804FA9EF822FA5B7540040AE89328949
:107ED0000144938404C0634524014A856F80EFA662
:107EE000930500042685EFF03FE67DD9B38789002E
:107EF0008385070026850504C205C181EFF05FE494
:107F0000D9BF138701811C43B746002093860648DA
:107F10003E95636BD500B75600209386068063E5D7
:107F2000A60008C33E858280FD57EDBFC167637C14
:107F3000F5029307F00F1307000263EBA7009737D2
:107F400000009387E7A5AA9788233305A74082807E
:107F50002181973700009387A7A4AA9788236147B8
:107F60003305A7408280B7070001636DF50061818A
:107F7000973700009387C7A2AA9788232147330524
:107F8000A7408280418197370000938767A1AA9715
:107F9000882341473305A7408280B307A040E98F7B
:107FA000416763F9E7021307F00FFD56636AF700B4
:107FB000173700001307C79EBA978823369582802B
:107FC000173700001307C79DA183BA9788239D46E2
:107FD000369582803707000163ECE7001737000011
:107FE0001307079CE183BA978823DD463695828084
:107FF000173700001307C79AC183BA978823BD4675
:1080000036958280375755559357150013075755A6
:10801000F98F1D8DB73733331357250093873733C7
:108020007D8DF98F3E95935745003E95B7170F0FFD
:108030009387F7F0E98F139587003E959317050115
:108040003E95618182809316850193578501D58F76
:10805000C16613578540938606F0758FD98F220528
:108060003707FF00798D5D8D8280B687B2882A83BD
:108070002E88639B061463F8C50A4167636BE61A92
:10808000B70700016360F63493568601E14717375E
:1080900000001307E79036971823BA9713070002DA
:1080A0001D8F19CB3398E500B357F500B318E600E0
:1080B00033E807013313E50013D608013355C8022E
:1080C00093960801C182935703013377C802B385A1
:1080D000A60242073368F700637AB8004698930710
:1080E000F5FF636418016365B8303E853308B84016
:1080F0003357C8024203135303013378C802B386CF
:10810000E602420833686800637BD800469893070C
:10811000F7FF6365180179176363D8003E8742054E
:10812000598D8145828001E60547B358C7024167F2
:1081300063E8E80EB707000163EAF82893D68801E0
:10814000E147173700001307A78536971423BE961B
:1081500093070002958FFDE7939E08013387154131
:1081600013DF080193DE0E01854593570301335554
:10817000E7033377E703B306D5034207D98F63FAE2
:10818000D700C6971307F5FF63E4170163E5D72609
:108190003A85958F33D7E703420313530301B3F7AF
:1081A000E703B30ED703C207B3E7670063FBD7014A
:1081B000C6979306F7FF63E51701791763E3D701C5
:1081C00036874205598D828063E1D504C16763E13A
:1081D000F604B707000163E3F61E13D78601614872
:1081E000972700009387C77BBA979823130E000246
:1081F0004297330EEE40631A0E0C63EDB61C333516
:10820000C500134515008145828081450145828066
:108210009307F00F63F3D71C13D786002148C9B723
:108220001307F00FC686E37E17F193D68800A147A7
:1082300009BF1307F00FB286E37BC7E493568600AD
:10824000A147B1B5B398F80033D6D50013DF0801C4
:10825000335EE6033397F500B356D500558F939EF2
:10826000080193DE0E013313F50093550701B37631
:10827000E603B387CE03C206CD8E63FBF600C69637
:108280001306FEFF63E4161763F2F616791EC69610
:108290009D8E33D6E60393170701C183B3F6E60339
:1082A0003385CE02139706015D8F637BA700469747
:1082B0009307F6FF636817136376A712791646973C
:1082C00093150E01098FD18D4DB5B357E600B396C6
:1082D000C601DD8E33D3E50013DF0601B357E30398
:1082E000939E060193DE0E013398C5013357E500D6
:1082F00033680701935808013316C6013373E3034B
:10830000B385FE024203B368130163FBB800B6985D
:108310001387F7FF63EAD80C63F8B80CF917B6981F
:10832000B388B84033D7E803420813580801B3F8BC
:10833000E8033383EE02C208B3E5080163FB65007E
:10834000B6951308F7FF63EDD50863FB6508791749
:10835000B695C207416FD98F1307FFFFB3F6E70049
:1083600093D80701718F4182B38EE602B3856540D1
:10837000B386C60213D80E013387E802BA96C296B6
:108380003386C80263F3E6007A9693D806014696D0
:1083900063E2C5026385C5003E85814582804167F1
:1083A0007D17F98EC206B3FEEE003315C501F696B1
:1083B000E374D5FE1385F7FF8145828013D706014C
:1083C000414839BD93560601C147D1B193D6080142
:1083D000C14785BB8145054582803687014809B57F
:1083E000428785BF3E86E9BDBA871DBF328E4DB537
:1083F00079154698E5B97915C69761BB9387418190
:108400009C434111328806C6AA882E87C847368603
:10841000972700009387C768631708009727000015
:10842000938747413E88C686972500009385456817
:108430001920EF00704A397132D436D63EDA3AD874
:1084400042DC46DE938741812E86AA85884334101C
:1084500006CE36C6F92CF240216182809387418195
:10846000AA85884369A293874181AA858843E1A8A8
:1084700001476314E60001458280B307E500050764
:10848000B386E5009C2383C6F6FFE384D7FE3385DD
:10849000D7408280B3C7A5008D8B3307C50081E725
:1084A0008D4763EDC700AA87637EE50894218507A1
:1084B0008505A38FD7FEE3EBE7FE82809376350038
:1084C000AA8789CA942185078505A38FD7FE93F6CD
:1084D0003700C5BF9376C7FF138606FE63F0C70655
:1084E00083A3050083A2450083AF850003AFC500C9
:1084F00083AE050103AE450103A3850183A8C50131
:108500009385450223A0770003A8C5FF23A2570047
:1085100023A4F70123A6E70123A8D70123AAC701B3
:1085200023AC670023AE17019387470223AE07FFF2
:1085300075B790419107910523AEC7FEE3EBD7FED7
:10854000E3E6E7F68280DDC183A7C5FF411122C4BF
:1085500006C626C21384C5FF63D307003E94AA84CF
:10856000EF10C0049387C1859C4381EF2322040050
:1085700023AE81842244B2402685924441016F108B
:108580000003637EF40014403307D4006396E700D1
:108590009843DC43369718C05CC0D9BFBA87D8432C
:1085A00019C3E37DE4FE94433386D700631F86003E
:1085B0001040B29694C33386D700E31DC7FA104328
:1085C0005843B29694C3D8C375B76375C400B14716
:1085D0009CC04DB71040B306C4006316D7001443C7
:1085E0005843B29614C058C0C0C369B78280011105
:1085F00026CA93843500F19806CE22CC4AC84EC6CE
:10860000A104B14763F5F404B14463E4B4042A89D6
:10861000EF00D0799387C18598433A8429E4938702
:1086200001869C4399E781454A85EF00500623A0C7
:10863000A186A6854A85EF009005FD596319350787
:10864000B1472320F9004A85EF00707629A0E3DEC8
:1086500004FAB1471CC10145F2406244D244424988
:10866000B249056182801C40858F63CF0702AD4609
:1086700063F6F6001CC03E9404C031A05C40631356
:10868000870223AEF1844A85EF0070721305B400AF
:108690009307440061993307F5405DDF3A94898F71
:1086A0001CC05DBF5CC3C5B72287404085BF1304B3
:1086B00035007198E30285FCB305A4404A85EF00BC
:1086C000007DE31B35FBADBF1C46FD171CC663DAFE
:1086D0000700184E63C5E700A9476394F5006F00D3
:1086E00010041C422E851387170018C28CA38280A9
:1086F000011122CC26CA4AC84EC652C406CE2A89C7
:10870000AE893284B304D6007D5A631494000145C7
:1087100009A80C204E864A85EFF01FFB0504E316DE
:1087200045FFF2406244D2444249B249224A0561BF
:108730008280357122CD26CB4AC94EC706CF52C59D
:1087400056C35AC1DEDEE2DCE6DAAA89AE8432899B
:10875000368409C51C4D99E3EF00F03D97270000D2
:108760009387C73D6399F40C83A44900DE24A18B51
:10877000EDC79C48FDC393070002A304F1029307D1
:10878000000302D22305F10222C6930B5002972A5E
:108790000000938AEA34054C294B4A841C2099C373
:1087A000639F770DB30C2441638E0C00E6864A86E6
:1087B000A6854E85EFF0DFF3FD576301F51E925657
:1087C000E69636D21C20638B071CFD571309140054
:1087D00002C802CE3ECA02CCA309010482D483455A
:1087E000090015465685EF00F05A13041900C247D8
:1087F00049E913F7070109C713070002A309E104B8
:1088000013F7870009C71307B002A309E1048346E1
:1088100009001307A002638EE606F2474A848146E8
:108820002546182093051400130707FD6376E60A12
:10883000ADCA3ECEBDA0972700009387273263952F
:10884000F40083A489001DB7972700009387072DA4
:10885000E39EF4F083A4C90011BFA6854E85B52F11
:1088600019D97D55FA406A44DA444A49BA492A4A34
:108870009A4A0A4BF65B665CD65C0D618280050401
:1088800031BF330555413315AC00C98F3EC822892D
:10889000B9B7324793064700184336C66347070205
:1088A0003ACE18209307E002631DF70418309307AF
:1088B000A002631BF702B2470904138747009C43D9
:1088C0003AC663C107023ECA2DA83307E04093E7CA
:1088D00027003ACE3EC8F1B7B387670385462E849A
:1088E000BA9781B7FD57C5B7050402CA81468147CB
:1088F0002546182093051400130707FD6376E60646
:10890000F9F20C200D46172500001305E51DEF00B8
:10891000704811CD972700009387071D1D8D930781
:108920000004B397A700424505045D8D2AC80C20BA
:108930001946172500001305651B130914002304AD
:10894000B102EF00304535C19777FFFF9387876B02
:1089500095E74247B2471377071009CF91073EC604
:108960009257D2973ED215BDB387670385462E84B2
:10897000BA9741B79D07E19BA107D5B77800970645
:108980000000938626D726860C084E8597000000A7
:10899000E7000000FD572A8AE314F5FCDE2493F774
:1089A0000704E39007EC125575BD780097060000A8
:1089B000938646D426860C084E85012AE1BF79713C
:1089C00056CA9C49BA8A984522D426D24ECE52CC59
:1089D00006D64AD05AC85EC6AA892E84B284368A80
:1089E00063D3E700BA879CC00347340419C38507E3
:1089F0009CC01C4093F7070281C79C4089079CC01C
:108A00000329040013796900631A0900130B940108
:108A1000FD5B5C449840998F634CF9041C4083468D
:108A2000340493F70702B336D000A5EB13063404E1
:108A3000D2854E85829AFD576303F5041C4011468A
:108A40009840998B544481446397C700B384E640AF
:108A500063D3040081441C4418486354F700998F81
:108A6000BE94014969047D5B63982405014509A80A
:108A700085465A86D2854E85829A631E75017D553C
:108A8000B250225492540259F249624AD24A424B9D
:108A9000B24B456182800509ADBF3307D400130690
:108AA0000003A301C7040347540493871600A29749
:108AB0008906A381E7049DBF85462286D2854E851F
:108AC000829AE30E65FB050945B7797122D426D257
:108AD0004AD04ECE06D652CC56CA5AC8B689942D24
:108AE000930790063289AA842E8413863504638DF9
:108AF000F60263E2D706930780056387F61863EDF5
:108B0000D700638F062093073004638FF60A930A19
:108B100024042301D404D1A0930730066386F60A07
:108B200093074006E395F6FE1C40084393F60708BA
:108B300093054500CDC61C410CC363D8070013073D
:108B4000D002B307F040A301E40497260000938607
:108B500066FA29476DA8930700076383F61663E555
:108B6000D7029307E006638AF6189307F006E390AE
:108B7000F6FA0C401C4313F80508138547006308F8
:108B8000080608C39C438DA893075007E383F6FEAD
:108B900093078007638AF61293073007E399F6F686
:108BA0001C43D04181459386470014C383AA070024
:108BB0005685EF00301E01C53305554148C05C4065
:108BC0001CC8A301040461A81C43930A24049386CF
:108BD00047009C4314C32301F4048547D5B793F69B
:108BE00007041C410CC3B1DAC207C187B9B793F5BA
:108BF000050408C3C1D99E231307F0066387E60E58
:108C000097260000938606EF2947A30104044C40F1
:108C10000CC463C5050008406D9908C099E3B28A89
:108C200089CDB28AB3F5E702FD1AB6958C2123806F
:108C3000BA00B3D5E70263F0E70CA147631EF70063
:108C40001C40858B91CB58401C4863C7E7009307B5
:108C50000003A38FFAFEFD1A3306564110C84E8753
:108C6000CA867000A2852685EFF07FD57D5A631DE8
:108C7000450B7D55B250225492540259F249624A32
:108C8000D24A424B45618280A382D50497260000D8
:108C9000938646E60C40084313F805081C4111056D
:108CA000630D080208C313F7150001C793E5050219
:108CB0000CC04147B9FB0C4093F5F5FD0CC0B1B7B2
:108CC0009C4193E707029CC193078007A302F40429
:108CD00097260000938646E375BF13F8050408C382
:108CE000E30308FCC207C1837DBF9726000093867B
:108CF00066E0214719BFAE8735B794411C43CC4984
:108D000013F80608138547006306080008C39C4350
:108D10008CC339A008C393F606049C43F5DA8EA3EE
:108D200023280400B28A25BF14485686CA852685A2
:108D30008299E30045F51C40898B8DE7B247484492
:108D4000E35AF5F23E853DB785465686CA852685A7
:108D50008299E30065F3050A5C443247998FE34545
:108D6000FAFEE9BF014A930A94017D5BF5B73971B8
:108D70003EDA2ED232D436D63AD842DC46DE93875B
:108D8000418122CC804326CA06CEAA8409C41C4C49
:108D900099E322854D230C4454102686228536C63D
:108DA000EFF03F99F2406244D24421618280011188
:108DB00026CA4AC806CE22CC4EC652C4AA842E89E0
:108DC00001C51C4D91E3852B9C4C804499E326857D
:108DD0009D2397270000938767D6631BF402C0404A
:108DE0005E24A18BB1C71C48A1C7FD59294A1C4468
:108DF00083450900FD17B1E91CC463DD070622861F
:108E0000A9452685292AFD576308F502294535A07D
:108E100097270000938787D46314F4008044C9B770
:108E200097270000938787CFE31CF4FAC0444DBF17
:108E3000A28526855D2255D97D55F2406244D244F3
:108E40004249B249224A056182801CC4050963D7A0
:108E50000700184C63CAE700638845011C4013876C
:108E6000170018C08CA361B7228626854D28E31011
:108E700035F9D9B71C401387170018C0294798A3A4
:108E800071B793874181AA8588436FF05FF24111E2
:108E900022C42A842E8597B7FF1F23A3075E06C628
:108EA000EFF02F86FD576319F50097B7FF1F9387E3
:108EB000275D9C4391C31CC0B24022444101828083
:108EC000AA87982185078505A38FE7FE7DFB828011
:108ED000AA87942399EA3385A7408280E30DD6FEC2
:108EE0000507102365FE8507EDB72E87DDBFAA872E
:108EF000850703C7F7FF6DFF3385A7407D15828087
:108F0000AA87942381CA2E8721A06308D60005076B
:108F1000102365FE3385A74082808507DDB70111E8
:108F200022CC26CA4AC806CE4EC6AA842E893284CE
:108F300001C51C4D91E3012197270000938707C0CD
:108F40006317F406C0401C4C1CC45E24A18BC1C333
:108F50001C48B5CF1C4808409379F90F1379F90FD5
:108F60001D8D5C486346F500A2852685752425E5A0
:108F70001C440505FD171CC41C401387170018C0AE
:108F8000238037015C486388A7005E24858B81CBF2
:108F9000A9476316F900A2852685BD2C0DEDF24088
:108FA00062444A85D2444249B2490561828097278A
:108FB00000009387A7BA6314F400804469B7972729
:108FC00000009387A7B5E310F4F8C044ADBFA285B5
:108FD0002685212041D17D59D9B7411193874181FF
:108FE00026C2844322C44AC006C62A892E8489C464
:108FF0009C4C99E32685812697270000938707B428
:10900000631BF402C0400317C40093170701C18318
:1090100093F68700B5EA93F6070195EEA54723205E
:10902000F900136707045AA47D55B24022449244C4
:1090300002494101828097270000938727B2631479
:10904000F4008044C9B797270000938727ADE31C3D
:10905000F4FAC0444DBF918B85C74C5891C9930712
:1090600044046385F5004A85EFF0EFCD232A04021E
:109070005E242322040093F7B7FD5EA41C481CC0A5
:109080005E2493E787005EA41C4899EB5E241307D7
:10909000002093F707286385E700A2854A8595217C
:1090A0005E2413F717001DC35C4823240400B30794
:1090B000F0401CCC1C480145ADFB8317C40013F7DE
:1090C000070825D793E707045EA4B9BF898B01473A
:1090D00091E3584818C4F9BF4111194506C6152B2C
:1090E0000545EF00A07BDE25011122CC26CA06CE65
:1090F0004AC84EC613F78700AA842E8461EFD84170
:10910000634DE000B841634AE0000145F24062442B
:10911000D2444249B2490561828058547DD703A99F
:1091200004009396370123A0040063DC0606704810
:109130005E24918B99C75C401D8E5C5899C33C405E
:109140001D8E5C540C50814626858297FD575A240B
:10915000631DF5009440F54763E9D706B707402043
:109160008507B3D7D700858BADC31C4823220400E5
:109170001CC09317370163D80700FD576314F5002F
:109180009C4091E368C84C5823A02401BDDD93079F
:1091900044046385F5002685EFF0EFBA232A040224
:1091A000ADB70C500146854626850297FD572A86A5
:1091B000E310F5F89C40ADDF75476385E70059473C
:1091C0006393E70423A0240189B7136707045AA413
:1091D0007D552DBF83A90501E38909F203A9050087
:1091E0008D8B23A0350133093941014791E3D849DB
:1091F00018C4E35C20F11C540C50CA864E862685A8
:1092000082976347A0005E2493E707045EA4C9B772
:10921000AA993309A940F1BF9C49A5C3011122CCE9
:1092200006CE2A8411C51C4D81E72EC62922B245DF
:109230009727000093878790639CF5004C408397A5
:10924000C5009DC722856244F24005616FF0BFE909
:1092500097270000938787906394F5000C44C5B767
:10926000972700009387878BE39BF5FC4C44C1BF95
:10927000F2406244014505618280014582804111CE
:1092800022C406C62A844EA572A5232005002322E7
:109290000500232405002322050623280500232A90
:1092A0000500232C0500214681451305C505EF6007
:1092B0003FEB970700009387073A5CD097070000C1
:1092C0009387273C1CD497070000938707405CD402
:1092D000970700009387674200D01CD8B240224411
:1092E0004101828097050000938545F399AA4111B9
:1092F00026C2130680069384F5FFB384C4024AC0D5
:109300002E8922C406C693854407EFF04FAE2A8407
:1093100001CD2320050023222501310508C4138631
:1093200084068145EF60DFE32285B2402244924407
:109330000249410182801C4DA5E7411106C622C4A5
:1093400097070000938747FA1CD59387C1819C43F8
:109350002324050423260504232805046314F500AB
:1093600085471CCD2A84352848C022851D2808C47D
:109370002285052848C4484001469145EFF03FF05A
:1093800008440546A545EFF09FEF48440946C94506
:10939000EFF0FFEE85471CCCB240224441018280B1
:1093A000828041119387C18126C284434AC006C688
:1093B0009C4C22C42A8981E72685EFF0DFF793844D
:1093C00084048044DC40FD1763D607009C40B9CF7D
:1093D0008440C5BF0317C40039E7C177850723223E
:1093E00004062320040023220400232404005CC478
:1093F00023280400232A0400232C0400214681454D
:109400001305C405EF60DFD5232A0402232C0402D0
:1094100023240404232604042285B24022449244D7
:109420000249410182801304840671BF91454A8537
:10943000EFF0FFEB88C049FDB1472320F90001445C
:10944000E1BF797122D44AD052CC56CA5AC85EC6FE
:1094500006D626D24ECE2A8AAE8A13048504014946
:10946000054BFD5B09ECB25022544A8592540259D7
:10947000F249624AD24A424BB24B4561828004446F
:1094800083294400FD1963D409000040E1BFDE24B4
:10949000637BFB008397E40063877701A685528591
:1094A000829A3369A90093848406E9BF1971A6DA08
:1094B000AE848395E500A2DC86DE328463DB0500A2
:1094C000DE2423A0060093F707089DE393070040DE
:1094D00015A0300836C67124B246E34305FE724734
:1094E000BD67F98F7977BA9793B717009CC2F9BF18
:1094F000930700041CC0F6506654D6540145096118
:109500008280DE25011122CC06CE26CA4AC8898B6C
:109510002E8489CF930774041CC01CC885475CC87F
:10952000F2406244D24442490561828074003000B6
:10953000AA84EFF0BFF7A2452A892685EFF02F8B8A
:1095400019E98317C40013F7072079FBF19B93E710
:1095500027005EA4C1B7970700009387E7D89CD483
:109560005E2408C008C893E707085EA4A2475CC849
:10957000B24799CB8315E4002685292C11C55E24BA
:10958000F19B93E717005EA45E243369F90023166C
:10959000240179B793F5F50F2A966314C5000145A8
:1095A00082801C21E38EB7FE0505C5BF82808280C4
:1095B000FD4763F6B700D9471CC17D5582807C41C9
:1095C000011122CC06CE2E862A8491C7139725003E
:1095D000BA97984319EB228532C69D28AA85228521
:1095E00062443246F24005611DA885460145630884
:1095F000D700FD566319D700D9471CC00545F24076
:109600006244056182802E8523A0070002970145F0
:10961000FDB793874181AA8588436FF07FF9411197
:1096200022C42A842E85B28597B7FF1F23AA07E498
:1096300006C62D2CFD576319F50097B7FF1F9387BA
:1096400027E49C4391C31CC0B24022444101828064
:10965000F5AA411122C42E848395E50006C6692A25
:10966000634905007C48AA977CC8B2402244410166
:1096700082805E247D777D17F98F5EA4FDB7DE259D
:10968000011122CC26CA4AC84EC606CE93F707104F
:10969000AA842E843289B68991C78395E5008946CC
:1096A00001460D225E247D777D17F98F5EA4831518
:1096B000E4006244F240CE864A86B2494249268599
:1096C000D244056125A8411122C42E848395E5006A
:1096D00006C6CD28FD575A24631AF500FD77FD17FD
:1096E000F98F5EA4B2402244410182808567D98F00
:1096F0005EA468C8C5BF8395E50025A8411122C4B2
:109700002A842E85B285368697B7FF1F23AA07D6EF
:1097100006C6EFE02FFBFD576319F50097B7FF1F53
:10972000938707D69C4391C31CC0B2402244410199
:109730008280411122C42A842E8597B7FF1F23A15E
:1097400007D406C6E520FD576319F50097B7FF1F3C
:10975000938707D39C4391C31CC0B240224441016C
:109760008280411122C42A842E85B28597B7FF1FBB
:1097700023A807D006C6D920FD576319F50097B76F
:10978000FF1F9387E7CF9C4391C31CC0B240224484
:1097900041018280411122C42A842E8597B7FF1F80
:1097A00023A007CE06C65D28FD576319F50097B7BD
:1097B000FF1F9387E7CC9C4391C31CC0B240224457
:1097C00041018280411122C42A842E85B2853686C9
:1097D00097B7FF1F23A607CA06C64D20FD5763197A
:1097E000F50097B7FF1F9387A7C99C4391C31CC07F
:1097F000B240224441018280411122C42A842E8534
:10980000B285368697B7FF1F23AC07C606C6BD28AC
:10981000FD576319F50097B7FF1F938767C69C43F1
:1098200091C31CC0B240224441018280930780054D
:1098300017B7FF1F2326F7C47D5582809307800545
:1098400017B7FF1F232EF7C27D558280930780052F
:1098500017B7FF1F2326F7C27D5582809307800527
:1098600017B7FF1F232EF7C001458280930780059D
:1098700017B7FF1F2326F7C07D5582809307800509
:1098800017B7FF1F232EF7BE7D55828093078005F3
:1098900017B7FF1F2326F7BE7D55828001A0000069
:1098A000FFFFFFFFFFFFFFFF0100000001000000BE
:1098B000544C4C5F4E323332000000005215000011
:1098C00048140000DE120000B8140000DE12000090
:1098D000DA1300003A130000DE120000201400002A
:1098E000361400004C150000E41300000902430088
:1098F0000201008032090400000102020100052477
:1099000000100105240100010424020205240600C0
:10991000010705810340000109040100020A00005B
:109920000007050202400000070583024000000016
:1099300012011001FFFFFF40861A0CFE0100010218
:10994000000100000E037700630068002E00630032
:109950006E00000016035500530042002000530023
:1099600065007200690061006C00000016033000A1
:109970003100320033003400350036003700380043
:109980003900000000000000B21A0000E61A0000D2
:10999000681A0000641A00000200000002000000C3
:1099A00000100000280000006400000040000000DB
:1099B0001000000000000000000000000000000097
:1099C0000000000000000000000000000000000097
:1099D00000000000000000006C66735F62645F724C
:1099E000656164006C66735F62645F666C75736862
:1099F000000000006C66735F62645F73796E6300E1
:109A00006C66735F62645F70726F67006C66735F31
:109A100062645F6572617365000000006C66735F6D
:109A20006469725F676574736C6963650000000048
:109A30006C66735F6469725F747261766572736578
:109A4000000000006C66735F6469725F636F6D7025
:109A5000616374006C66735F6469725F72656C6FDA
:109A6000636174696E67636F6D6D697400000000F7
:109A70006C66735F6469725F6F727068616E696E45
:109A800067636F6D6D6974006C66735F66696C65A2
:109A90005F726561645F00006C66735F66696C6528
:109AA0005F77726974655F006C66735F66696C6589
:109AB0005F7472756E636174655F00006C66735FDE
:109AC00072656D6F76655F006C66735F72656E615F
:109AD0006D655F006C66735F696E697400000000FD
:109AE0006C66735F666F726D61745F006C66735F46
:109AF00066735F707265706F727068616E7300007C
:109B00006C66735F66735F64656D6F7665000000F9
:109B10006C66735F66696C655F6F70656E000000F0
:109B20006C66735F66696C655F636C6F736500007C
:109B30006C66735F66696C655F72656164000000E6
:109B40006C66735F66696C655F7772697465000047
:109B50006C66735F66696C655F7365656B000000BA
:109B60006C66735F66696C655F7472756E63617451
:109B7000650000006C66735F6469725F6F70656E8C
:109B800000000000000000000000000000000000D5
:109B900025733A25643A6572726F723A204E6F20CF
:109BA0006D6F7265206672656520737061636520F4
:109BB0003078256C7825730A0000000070636163BB
:109BC00068652D3E626C6F636B203C206C66732D64
:109BD0003E626C6F636B5F636F756E7400000000B4
:109BE000626C6F636B203D3D2028286C66735F625A
:109BF0006C6F636B5F74292D3229207C7C20626C32
:109C00006F636B203C206C66732D3E626C6F636BE0
:109C10005F636F756E7400006F6666202B2073693A
:109C20007A65203C3D206C66732D3E6366672D3E51
:109C3000626C6F636B5F73697A6500007063616368
:109C400068652D3E626C6F636B203D3D2028286C5B
:109C500066735F626C6F636B5F74292D312900003E
:109C6000657272203C3D2030000000002E2E2F55E2
:109C70007365722F4641542F7372632F6C66732E77
:109C800063000000216C66732D3E626C6F636B5F36
:109C9000636F756E74207C7C20626C6F636B203CFC
:109CA000206C66732D3E626C6F636B5F636F756EC5
:109CB00074000000636F6D6D69742E6F66662025F9
:109CC000206C66732D3E6366672D3E70726F675F12
:109CD00073697A65203D3D203000000025733A25E8
:109CE000643A7761726E3A205375706572626C6F78
:109CF000636B203078256C7820686173206265631F
:109D00006F6D6520756E7772697461626C6525731D
:109D10000A00000025733A25643A6572726F723A40
:109D200020436F727275707465642064697220706C
:109D3000616972206174207B3078256C782C20302A
:109D400078256C787D25730A000000002E2E000017
:109D50002F000000216C66735F6D6C6973745F691E
:109D6000736F70656E286C66732D3E6D6C697374CD
:109D70002C2028737472756374206C66735F6D6C2D
:109D80006973742A296469722900000025733A25D1
:109D9000643A64656275673A2052656C6F636174FA
:109DA000696E67207B3078256C782C203078256CA4
:109DB000787D202D3E207B3078256C782C203078E3
:109DC000256C787D25730A0025733A25643A64650D
:109DD0006275673A20466978696E67206D6F7665AF
:109DE000207768696C652072656C6F636174696E59
:109DF00067207B3078256C782C203078256C787D36
:109E00002030782568780A25730A000021286861C7
:109E100073706172656E7420262620657272203D13
:109E20003D204C46535F4552525F4E4F454E54299C
:109E3000000000002E0000006469722D3E636F7503
:109E40006E74203E203000007064697200000000D3
:109E500025733A25643A7761726E3A20556E6162D5
:109E60006C6520746F2073706C6974207B3078256A
:109E70006C782C203078256C787D25730A000000E2
:109E800025733A25643A64656275673A20457870AF
:109E9000616E64696E67207375706572626C6F6362
:109EA0006B2061742072657620256C7525730A001D
:109EB00025733A25643A7761726E3A20556E616275
:109EC0006C6520746F20657870616E6420737570A6
:109ED0006572626C6F636B25730A00007370203CBF
:109EE000203300006C66735F6D6C6973745F697317
:109EF0006F70656E286C66732D3E6D6C6973742C83
:109F00002028737472756374206C66735F6D6C695E
:109F100073742A2966696C6529000000216C6673D8
:109F20005F6D6C6973745F69736F70656E286C66C2
:109F3000732D3E6D6C6973742C2028737472756375
:109F400074206C66735F6D6C6973742A2966696C22
:109F5000652900002866696C652D3E666C61677333
:109F60002026204C46535F4F5F52444F4E4C592998
:109F7000203D3D204C46535F4F5F52444F4E4C595D
:109F80000000000025733A25643A64656275673AFB
:109F90002042616420626C6F636B206174203078B2
:109FA000256C7825730A00002866696C652D3E666D
:109FB0006C6167732026204C46535F4F5F57524FAA
:109FC0004E4C5929203D3D204C46535F4F5F575220
:109FD0004F4E4C59000000006366672D3E626C6F67
:109FE000636B5F636F756E7420213D20300000004D
:109FF0006C6974746C6566730000000025733A2503
:10A00000643A64656275673A20466978696E6720CC
:10A0100068616C662D6F727068616E207B30782588
:10A020006C782C203078256C787D202D3E207B307C
:10A0300078256C782C203078256C787D25730A0083
:10A0400025733A25643A64656275673A20466978F3
:10A05000696E67206D6F7665207768696C6520662C
:10A060006978696E67206F727068616E73207B30EB
:10A0700078256C782C203078256C787D20307825F8
:10A0800068780A25730A000025733A25643A6465E6
:10A090006275673A20466978696E67206F727068EA
:10A0A000616E207B3078256C782C203078256C7898
:10A0B0007D25730A0000000025733A25643A646523
:10A0C0006275673A20526577726974696E672073AA
:10A0D00075706572626C6F636B207B3078256C786D
:10A0E0002C203078256C787D25730A0025733A255D
:10A0F000643A64656275673A20466978696E6720DC
:10A100006D6F7665207B3078256C782C2030782533
:10A110006C787D20307825687825730A000000006F
:10A120006C66735F7461675F7479706533286C6601
:10A13000732D3E676469736B2E74616729203D3D02
:10A14000204C46535F545950455F44454C45544557
:10A15000000000006C66735F7461675F73697A6505
:10A16000286C66732D3E6773746174652E74616725
:10A1700029203E203078303030207C7C206F727077
:10A1800068616E73203E3D20300000006C66735F96
:10A190007461675F73697A65286C66732D3E6773B7
:10A1A000746174652E74616729203C2030783166B3
:10A1B00066207C7C206F727068616E73203C3D204D
:10A1C000300000006C66732D3E6366672D3E72653D
:10A1D000616420213D202828766F6964202A293077
:10A1E000290000006C66732D3E6366672D3E707219
:10A1F0006F6720213D202828766F6964202A293046
:10A20000290000006C66732D3E6366672D3E657203
:10A2100061736520213D202828766F6964202A29F2
:10A22000302900006C66732D3E6366672D3E73799E
:10A230006E6320213D202828766F6964202A29300A
:10A24000290000006C66732D3E6366672D3E7265C3
:10A2500061645F73697A6520213D20300000000051
:10A260006C66732D3E6366672D3E70726F675F7319
:10A27000697A6520213D2030000000006C66732D56
:10A280003E6366672D3E63616368655F73697A65E7
:10A2900020213D20300000006C66732D3E63666710
:10A2A0002D3E63616368655F73697A652025206C64
:10A2B00066732D3E6366672D3E726561645F7369E8
:10A2C0007A65203D3D2030006C66732D3E636667E5
:10A2D0002D3E63616368655F73697A652025206C34
:10A2E00066732D3E6366672D3E70726F675F73699C
:10A2F0007A65203D3D2030006C66732D3E636667B5
:10A300002D3E626C6F636B5F73697A652025206CEC
:10A3100066732D3E6366672D3E63616368655F7398
:10A32000697A65203D3D2030000000006C66732D89
:10A330003E6366672D3E626C6F636B5F73697A651F
:10A34000203E3D20313238006C66732D3E636667D7
:10A350002D3E626C6F636B5F6379636C6573202164
:10A360003D2030006C66732D3E6366672D3E636F43
:10A370006D706163745F746872657368203D3D2021
:10A3800030207C7C206C66732D3E6366672D3E63B7
:10A390006F6D706163745F746872657368203E3DB1
:10A3A000206C66732D3E6366672D3E626C6F636B37
:10A3B0005F73697A652F32006C66732D3E63666742
:10A3C0002D3E636F6D706163745F7468726573684E
:10A3D000203D3D20286C66735F73697A655F742940
:10A3E0002D31207C7C206C66732D3E6366672D3E8C
:10A3F000636F6D706163745F746872657368203C2D
:10A400003D206C66732D3E6366672D3E626C6F6304
:10A410006B5F73697A650000216C66732D3E63661D
:10A42000672D3E6D657461646174615F6D61782054
:10A430007C7C206C66732D3E6366672D3E6D657473
:10A4400061646174615F6D61782025206C66732D95
:10A450003E6366672D3E726561645F73697A65204D
:10A460003D3D203000000000216C66732D3E636688
:10A47000672D3E6D657461646174615F6D61782004
:10A480007C7C206C66732D3E6366672D3E6D657423
:10A4900061646174615F6D61782025206C66732D45
:10A4A0003E6366672D3E70726F675F73697A6520E1
:10A4B0003D3D203000000000216C66732D3E636638
:10A4C000672D3E6D657461646174615F6D617820B4
:10A4D0007C7C206C66732D3E6366672D3E626C6FDC
:10A4E000636B5F73697A652025206C66732D3E630C
:10A4F00066672D3E6D657461646174615F6D61783E
:10A50000203D3D20300000006C66732D3E63666781
:10A510002D3E6C6F6F6B61686561645F73697A650E
:10A52000203E2030000000006C66732D3E6366679D
:10A530002D3E6E616D655F6D6178203C3D2032354A
:10A54000350000006C66732D3E6366672D3E6669BC
:10A550006C655F6D6178203C3D2032313437343892
:10A5600033363437000000006C66732D3E63666737
:10A570002D3E617474725F6D6178203C3D203130F6
:10A58000323200006C66732D3E6366672D3E6D654A
:10A590007461646174615F6D6178203C3D206C661C
:10A5A000732D3E6366672D3E626C6F636B5F7369EC
:10A5B0007A6500006C66732D3E6366672D3E696E9A
:10A5C0006C696E655F6D6178203D3D20286C667317
:10A5D0005F73697A655F74292D31207C7C206C66FD
:10A5E000732D3E6366672D3E696E6C696E655F6DA7
:10A5F0006178203C3D206C66732D3E6366672D3E7E
:10A6000063616368655F73697A6500006C66732DCA
:10A610003E6366672D3E696E6C696E655F6D61783D
:10A62000203D3D20286C66735F73697A655F7429ED
:10A630002D31207C7C206C66732D3E6366672D3E39
:10A64000696E6C696E655F6D6178203C3D206C665B
:10A65000732D3E617474725F6D6178006C66732D4A
:10A660003E6366672D3E696E6C696E655F6D6178ED
:10A67000203D3D20286C66735F73697A655F74299D
:10A680002D31207C7C206C66732D3E6366672D3EE9
:10A69000696E6C696E655F6D6178203C3D2028288D
:10A6A0006C66732D3E6366672D3E6D6574616461F3
:10A6B00074615F6D617829203F206C66732D3E6365
:10A6C00066672D3E6D657461646174615F6D61786C
:10A6D000203A206C66732D3E6366672D3E626C6F78
:10A6E000636B5F73697A65292F38000025733A25FB
:10A6F000643A6572726F723A20496E76616C696471
:10A700002076657273696F6E20762568752E2568D0
:10A710007520213D20762568752E25687525730ADC
:10A720000000000025733A25643A64656275673A53
:10A7300020466F756E64206F6C646572206D696E63
:10A740006F722076657273696F6E20762568752E3C
:10A75000256875203C20762568752E25687525733B
:10A760000A00000025733A25643A6572726F723AE6
:10A7700020556E737570706F72746564206E616DB4
:10A78000655F6D61782028256C75203E20256C75ED
:10A790002925730A0000000025733A25643A657282
:10A7A000726F723A20556E737570706F7274656453
:10A7B0002066696C655F6D61782028256C75203E88
:10A7C00020256C752925730A0000000025733A25A1
:10A7D000643A6572726F723A20556E737570706F5D
:10A7E0007274656420617474725F6D6178202825CD
:10A7F0006C75203E20256C752925730A0000000029
:10A8000025733A25643A6572726F723A20496E7602
:10A81000616C696420626C6F636B20636F756E742A
:10A820002028256C7520213D20256C752925730A6B
:10A830000000000025733A25643A6572726F723A1F
:10A8400020496E76616C696420626C6F636B207363
:10A85000697A652028256C7520213D20256C752995
:10A8600025730A0025733A25643A64656275673A70
:10A8700020466F756E642070656E64696E67206730
:10A8800073746174652030782530386C78253038E1
:10A890006C782530386C7825730A00006C66735F1D
:10A8A0007461675F74797065332874616729203D2E
:10A8B0003D204C46535F545950455F444952000077
:10A8C0007072657674616720213D204C46535F4568
:10A8D00052525F4E4F454E54202626206C66735FC1
:10A8E0007461675F7479706533287072657674611E
:10A8F0006729203D3D204C46535F545950455F44E5
:10A900004952000025733A25643A7761726E3A2005
:10A910004379636C6520646574656374656420695C
:10A920006E207461696C206C69737425730A000071
:10A93000000000006410B71DC8206E3BAC30D92663
:10A940009041DC76F4516B6B5861B24D3C7105500F
:10A950002083B8ED44930FF0E8A3D6D68CB361CB37
:10A96000B0C2649BD4D2D38678E20AA01CF2BDBDEB
:10A97000496E697469616C6973696E672E2E2E0D5C
:10A98000000000005374617274696E67206D616924
:10A990006E206C6F6F702E0D00000000000102022F
:10A9A0000303030304040404040404040505050567
:10A9B0000505050505050505050505050606060643
:10A9C0000606060606060606060606060606060627
:10A9D0000606060606060606060606060707070713
:10A9E00007070707070707070707070707070707F7
:10A9F00007070707070707070707070707070707E7
:10AA000007070707070707070707070707070707D6
:10AA100007070707070707070707070708080808C2
:10AA200008080808080808080808080808080808A6
:10AA30000808080808080808080808080808080896
:10AA40000808080808080808080808080808080886
:10AA50000808080808080808080808080808080876
:10AA60000808080808080808080808080808080866
:10AA70000808080808080808080808080808080856
:10AA80000808080808080808080808080808080846
:10AA90000808080808080808080808082C2066752F
:10AAA0006E6374696F6E3A20000000006173736515
:10AAB0007274696F6E2022257322206661696C654D
:10AAC000643A2066696C6520222573222C206C690B
:10AAD0006E65202564257325730A0000232D302B15
:10AAE00020000000686C4C00656667454647000022
:10AAF00030313233343536373839414243444546B4
:10AB00000000000030313233343536373839616275
:10AB100063646566000000000000000000000000A3
:10AB20000000000000000000000000000000000025
:10AB30000000000000000000000000000000000015
:10AB40000000000000000000000000000000000005
:10AB500000000000000000000000000000000000F5
:10AB600000000000000000000000000000000000E5
:08AB70000000000000000000DD
:10AB780000000000000000000102030406070809A5
:10AB8800000000000102030401020304060708098B
:10AB98000000000038AB000058AB000018AB000004
:10ABA800000000000000000000000000000000009D
:10ABB800000000000000000000000000000000008D
:10ABC800000000000000000000000000000000007D
:10ABD800000000000000000000000000000000006D
:10ABE800000000000000000000000000000000005D
:10ABF80000C201000000080000449508020406088D
:10AC080080440020200000200403090420000020C4
:00000001FF
