
not232.elf:     file format elf32-littleriscv
not232.elf
architecture: riscv:rv32, flags 0x00000112:
EXEC_P, HAS_SYMS, D_PAGED
start address 0x00000000

Program Header:
    LOAD off    0x00001000 vaddr 0x00000000 paddr 0x00000000 align 2**12
         filesz 0x0000b04c memsz 0x0000b04c flags r-x
    LOAD off    0x0000d000 vaddr 0x20000000 paddr 0x0000b04c align 2**12
         filesz 0x00000108 memsz 0x000044ec flags rw-
    LOAD off    0x0000d800 vaddr 0x20004800 paddr 0x20004800 align 2**12
         filesz 0x00000000 memsz 0x00000800 flags rw-

Sections:
Idx Name          Size      VMA       LMA       File off  Algn
  0 .init         00000004  00000000  00000000  00001000  2**1
                  CONTENTS, ALLOC, LOAD, READONLY, CODE
  1 .vector       000000fc  00000004  00000004  00001004  2**1
                  CONTENTS, ALLOC, LOAD, READONLY, CODE
  2 .text         0000af4c  00000100  00000100  00001100  2**2
                  CONTENTS, ALLOC, LOAD, READONLY, CODE
  3 .fini         00000000  0000b04c  0000b04c  0000d108  2**0
                  CONTENTS, ALLOC, LOAD, CODE
  4 .dalign       00000000  20000000  20000000  0000d108  2**0
                  CONTENTS
  5 .dlalign      00000000  0000b04c  0000b04c  0000d108  2**0
                  CONTENTS
  6 .data         00000108  20000000  0000b04c  0000d000  2**2
                  CONTENTS, ALLOC, LOAD, DATA
  7 .bss          000043e4  20000108  0000b154  0000d108  2**2
                  ALLOC
  8 .stack        00000800  20004800  20004800  0000d800  2**0
                  ALLOC
  9 .debug_info   00032a24  00000000  00000000  0000d108  2**0
                  CONTENTS, READONLY, DEBUGGING
 10 .debug_abbrev 00007069  00000000  00000000  0003fb2c  2**0
                  CONTENTS, READONLY, DEBUGGING
 11 .debug_loc    00011ca0  00000000  00000000  00046b95  2**0
                  CONTENTS, READONLY, DEBUGGING
 12 .debug_aranges 00001390  00000000  00000000  00058838  2**3
                  CONTENTS, READONLY, DEBUGGING
 13 .debug_ranges 00003bf8  00000000  00000000  00059bc8  2**3
                  CONTENTS, READONLY, DEBUGGING
 14 .debug_line   00026cff  00000000  00000000  0005d7c0  2**0
                  CONTENTS, READONLY, DEBUGGING
 15 .debug_str    00005c98  00000000  00000000  000844bf  2**0
                  CONTENTS, READONLY, DEBUGGING
 16 .comment      00000033  00000000  00000000  0008a157  2**0
                  CONTENTS, READONLY
 17 .debug_frame  00004454  00000000  00000000  0008a18c  2**2
                  CONTENTS, READONLY, DEBUGGING
 18 .stab         000000b4  00000000  00000000  0008e5e0  2**2
                  CONTENTS, READONLY, DEBUGGING
 19 .stabstr      00000183  00000000  00000000  0008e694  2**0
                  CONTENTS, READONLY, DEBUGGING
SYMBOL TABLE:
00000000 l    d  .init	00000000 .init
00000004 l    d  .vector	00000000 .vector
00000100 l    d  .text	00000000 .text
0000b04c l    d  .fini	00000000 .fini
20000000 l    d  .dalign	00000000 .dalign
0000b04c l    d  .dlalign	00000000 .dlalign
20000000 l    d  .data	00000000 .data
20000108 l    d  .bss	00000000 .bss
20004800 l    d  .stack	00000000 .stack
00000000 l    d  .debug_info	00000000 .debug_info
00000000 l    d  .debug_abbrev	00000000 .debug_abbrev
00000000 l    d  .debug_loc	00000000 .debug_loc
00000000 l    d  .debug_aranges	00000000 .debug_aranges
00000000 l    d  .debug_ranges	00000000 .debug_ranges
00000000 l    d  .debug_line	00000000 .debug_line
00000000 l    d  .debug_str	00000000 .debug_str
00000000 l    d  .comment	00000000 .comment
00000000 l    d  .debug_frame	00000000 .debug_frame
00000000 l    d  .stab	00000000 .stab
00000000 l    d  .stabstr	00000000 .stabstr
00000000 l    df *ABS*	00000000 ./Startup/startup_ch32v20x_D6.o
00000004 l       .vector	00000000 _vector_base
00000000 l    df *ABS*	00000000 comms.c
00000000 l    df *ABS*	00000000 i2c_device.c
00000000 l    df *ABS*	00000000 protocol.c
00000000 l    df *ABS*	00000000 execute.c
00000000 l    df *ABS*	00000000 opcodes.c
00000000 l    df *ABS*	00000000 ch32v20x_usbfs_device.c
200000e8 l     O .data	00000007 g_line_coding
00000000 l    df *ABS*	00000000 usb_serial.c
00001904 l     F .text	00000090 tx_kick
20001e50 l     O .bss	00000800 tx_ring
20001650 l     O .bss	00000800 rx_ring
20000128 l     O .bss	00000002 rx_head
2000012a l     O .bss	00000002 rx_tail
2000012c l     O .bss	00000002 tx_head
2000012e l     O .bss	00000001 tx_pending_kick
20000130 l     O .bss	00000002 tx_tail
00000000 l    df *ABS*	00000000 adc.c
00000000 l    df *ABS*	00000000 fs.c
00000000 l    df *ABS*	00000000 gpio.c
00000000 l    df *ABS*	00000000 i2c.c
00002184 l     F .text	0000000e i2c_delay
00002192 l     F .text	00000040 i2c_start
000021d2 l     F .text	0000008e i2c_send_byte
00002260 l     F .text	0000009a i2c_recv_byte
000022fa l     F .text	00000038 i2c_stop
00000000 l    df *ABS*	00000000 neopixel.c
0000249c l     F .text	0000002c neopixel_send_bit
000024c8 l     F .text	0000006a neopixel_send_byte
00000000 l    df *ABS*	00000000 one_wire.c
00000000 l    df *ABS*	00000000 pulse_in.c
00000000 l    df *ABS*	00000000 pulse_out.c
00000000 l    df *ABS*	00000000 pwm.c
00000000 l    df *ABS*	00000000 spi.c
00002a42 l     F .text	0000000e spi_delay_nops
00000000 l    df *ABS*	00000000 touchkey.c
00000000 l    df *ABS*	00000000 lfs.c
00002cc2 l     F .text	00000016 lfs_pair_isnull
00002cd8 l     F .text	00000024 lfs_pair_cmp
00002cfc l     F .text	00000016 lfs_tag_dsize
00002d12 l     F .text	0000001a lfs_gstate_xor
00002d2c l     F .text	00000016 lfs_gstate_iszero
00002d42 l     F .text	00000020 lfs_gstate_hasmovehere
00002d62 l     F .text	00000010 lfs_mlist_isopen
00002d72 l     F .text	0000002c lfs_alloc_lookahead
00002d9e l     F .text	00000088 lfs_dir_traverse_filter
00002e26 l     F .text	00000018 lfs_dir_commit_size
00002e3e l     F .text	0000000a lfs_fs_size_count
00002e48 l     F .text	0000019e lfs_bd_read
00002fe6 l     F .text	00000180 lfs_dir_getslice
00003166 l     F .text	00000014 lfs_dir_get
0000317a l     F .text	00000034 lfs_dir_getgstate
000031ae l     F .text	0000003a lfs_fs_parent_match
000031e8 l     F .text	00000030 lfs_deinit
00003218 l     F .text	00000090 lfs_dir_getinfo
000032a8 l     F .text	0000004a lfs_bd_erase
000032f2 l     F .text	0000006c lfs_fs_preporphans.isra.25
0000335e l     F .text	0000001a lfs_cache_zero.isra.27
00003378 l     F .text	000003c2 lfs_init
0000373a l     F .text	00000048 lfs_ctz_index.isra.29
00003782 l     F .text	00000078 lfs_ctz_traverse.part.30
000037fa l     F .text	00000096 lfs_ctz_find.constprop.41
00003890 l     F .text	000000ac lfs_dir_getread.part.31.constprop.43
0000393c l     F .text	000002ca lfs_dir_traverse.constprop.45
00003c06 l     F .text	00000068 lfs_bd_cmp.constprop.47
00003c6e l     F .text	00000038 lfs_dir_find_match
00003ca6 l     F .text	000000bc lfs_bd_flush
00003d62 l     F .text	00000100 lfs_bd_prog
00003e62 l     F .text	0000003a lfs_dir_commitprog
00003e9c l     F .text	000000a4 lfs_dir_commitattr
00003f40 l     F .text	00000014 lfs_dir_commit_commit
00003f54 l     F .text	0000003e lfs_bd_sync.constprop.46
00003f92 l     F .text	0000005e lfs_bd_crc.constprop.48
00003ff0 l     F .text	000001ba lfs_dir_commitcrc
000041aa l     F .text	000003f4 lfs_dir_fetchmatch
0000459e l     F .text	00000016 lfs_dir_fetch
000045b4 l     F .text	00000176 lfs_dir_find
0000472a l     F .text	0000002e lfs_path_islast
00004758 l     F .text	00000068 lfs_tortoise_detectcycles
000047c0 l     F .text	00000084 lfs_fs_parent
00004844 l     F .text	00000060 lfs_fs_pred
000048a4 l     F .text	000000f0 lfs_file_flushedread
00004994 l     F .text	0000014a lfs_fs_traverse_
00004ade l     F .text	00000056 lfs_alloc_scan
00004b34 l     F .text	000000aa lfs_alloc
00004bde l     F .text	0000007c lfs_dir_alloc.part.34
00004c5a l     F .text	00000120 lfs_file_relocate
00004d7a l     F .text	0000024e lfs_dir_compact
00004fc8 l     F .text	00000076 lfs_dir_split
0000503e l     F .text	00000022 lfs_fs_size_
00005060 l     F .text	0000049c lfs_dir_relocatingcommit
000054fc l     F .text	0000027e lfs_file_flushedwrite
0000577a l     F .text	00000120 lfs_file_flush
0000589a l     F .text	000000a4 lfs_file_seek_
0000593e l     F .text	000003aa lfs_dir_orphaningcommit
00005ce8 l     F .text	000001d0 lfs_fs_deorphan.part.36
00005eb8 l     F .text	00000026 lfs_dir_commit
00005ede l     F .text	00000148 lfs_fs_forceconsistency
00006026 l     F .text	00000042 lfs_dir_drop
00006068 l     F .text	000000c8 lfs_file_sync_
00006130 l     F .text	00000036 lfs_file_close_
00006166 l     F .text	00000260 lfs_file_opencfg_
000063c6 l     F .text	000000bc lfs_file_write_
00006578 l     F .text	0000000c lfs_unmount_
00009eac l     O .text	0000000c __func__.3666
00009eb8 l     O .text	0000000d __func__.3712
00009ec8 l     O .text	0000000c __func__.3723
00009ed4 l     O .text	0000000c __func__.3735
00009ee0 l     O .text	0000000d __func__.3745
00009ef0 l     O .text	00000011 __func__.4022
00009f04 l     O .text	00000011 __func__.4106
00009f18 l     O .text	00000010 __func__.4337
00009f28 l     O .text	00000019 __func__.4377
00009f44 l     O .text	00000018 __func__.4434
00009f5c l     O .text	0000000f __func__.4678
00009f6c l     O .text	00000010 __func__.4706
00009f7c l     O .text	00000013 __func__.4732
00009f90 l     O .text	0000000c __func__.4776
00009f9c l     O .text	0000000c __func__.4798
00009fa8 l     O .text	00000009 __func__.4840
00009fb4 l     O .text	0000000c __func__.4853
00009fc0 l     O .text	00000013 __func__.4978
00009fd4 l     O .text	0000000e __func__.4995
00009fe4 l     O .text	0000000e __func__.5126
00009ff4 l     O .text	0000000f __func__.5141
0000a004 l     O .text	0000000e __func__.5155
0000a014 l     O .text	0000000f __func__.5164
0000a024 l     O .text	0000000e __func__.5173
0000a034 l     O .text	00000012 __func__.5181
0000a048 l     O .text	0000000d __func__.5212
0000a058 l     O .text	0000000c defaults.4606
00000000 l    df *ABS*	00000000 lfs_util.c
0000ae04 l     O .text	00000040 rtable.3322
00000000 l    df *ABS*	00000000 ch32v20x_it.c
000071c8 l     F .text	00000050 capture_pulse
00000000 l    df *ABS*	00000000 main.c
00000000 l    df *ABS*	00000000 system_ch32v20x.c
00000000 l    df *ABS*	00000000 ch32v20x_adc.c
00000000 l    df *ABS*	00000000 ch32v20x_exti.c
00000000 l    df *ABS*	00000000 ch32v20x_flash.c
00000000 l    df *ABS*	00000000 ch32v20x_gpio.c
00000000 l    df *ABS*	00000000 ch32v20x_i2c.c
00000000 l    df *ABS*	00000000 ch32v20x_misc.c
00000000 l    df *ABS*	00000000 ch32v20x_rcc.c
20000074 l     O .data	00000010 APBAHBPrescTable
200000f4 l     O .data	00000004 ADCPrescTable
00000000 l    df *ABS*	00000000 ch32v20x_tim.c
00000000 l    df *ABS*	00000000 ch32v20x_usart.c
00000000 l    df *ABS*	00000000 debug.c
20000144 l     O .bss	00000002 p_ms
20000146 l     O .bss	00000001 p_us
200000f8 l     O .data	00000004 curbrk.4754
00000000 l    df *ABS*	00000000 libgcc2.c
00000000 l    df *ABS*	00000000 libgcc2.c
00000000 l    df *ABS*	00000000 libgcc2.c
00000000 l    df *ABS*	00000000 libgcc2.c
00000000 l    df *ABS*	00000000 libgcc2.c
00000000 l    df *ABS*	00000000 assert.c
00000000 l    df *ABS*	00000000 fprintf.c
00000000 l    df *ABS*	00000000 malloc.c
00000000 l    df *ABS*	00000000 memcmp.c
00000000 l    df *ABS*	00000000 memcpy.c
00000000 l    df *ABS*	00000000 nano-mallocr.c
00000000 l    df *ABS*	00000000 nano-mallocr.c
00000000 l    df *ABS*	00000000 nano-vfprintf.c
00008b90 l     F .text	00000028 __sfputc_r
00000000 l    df *ABS*	00000000 nano-vfprintf_i.c
00000000 l    df *ABS*	00000000 printf.c
00000000 l    df *ABS*	00000000 puts.c
00000000 l    df *ABS*	00000000 sbrkr.c
00000000 l    df *ABS*	00000000 strcpy.c
00000000 l    df *ABS*	00000000 strcspn.c
00000000 l    df *ABS*	00000000 strlen.c
00000000 l    df *ABS*	00000000 strspn.c
00000000 l    df *ABS*	00000000 wbuf.c
00000000 l    df *ABS*	00000000 wsetup.c
00000000 l    df *ABS*	00000000 abort.c
00000000 l    df *ABS*	00000000 fflush.c
00000000 l    df *ABS*	00000000 findfp.c
00009746 l     F .text	00000066 std
00000000 l    df *ABS*	00000000 fwalk.c
00000000 l    df *ABS*	00000000 makebuf.c
00000000 l    df *ABS*	00000000 memchr.c
00000000 l    df *ABS*	00000000 mlock.c
00000000 l    df *ABS*	00000000 signal.c
00000000 l    df *ABS*	00000000 signalr.c
00000000 l    df *ABS*	00000000 stdio.c
00000000 l    df *ABS*	00000000 writer.c
00000000 l    df *ABS*	00000000 closer.c
00000000 l    df *ABS*	00000000 fstatr.c
00000000 l    df *ABS*	00000000 isattyr.c
00000000 l    df *ABS*	00000000 lseekr.c
00000000 l    df *ABS*	00000000 readr.c
00000000 l    df *ABS*	00000000 close.c
00000000 l    df *ABS*	00000000 fstat.c
00000000 l    df *ABS*	00000000 getpid.c
00000000 l    df *ABS*	00000000 isatty.c
00000000 l    df *ABS*	00000000 kill.c
00000000 l    df *ABS*	00000000 lseek.c
00000000 l    df *ABS*	00000000 read.c
00000000 l    df *ABS*	00000000 _exit.c
00000000 l    df *ABS*	00000000 usb_desc.c
00000000 l    df *ABS*	00000000 libgcc2.c
00000000 l    df *ABS*	00000000 impure.c
20000084 l     O .data	00000060 impure_data
00000000 l    df *ABS*	00000000 reent.c
0000723e g     F .text	0000000a EXTI2_IRQHandler
00009c5c g     F .text	00000030 _isatty_r
00009e40 g     O .text	00000016 MySerNumInfo
0000701a g     F .text	000000be lfs_dir_open
00009388 g     F .text	00000010 strcpy
00007806 g     F .text	0000001a FLASH_Unlock
20000120 g     O .bss	00000002 USBFS_SetupReqValue
00002138 g     F .text	00000026 gpio_set_pin
00009d14 g     F .text	00000010 _getpid
00009276 g     F .text	000000d4 _puts_r
00009c8c g     F .text	00000034 _lseek_r
000028be g     F .text	000000a6 pwm_timer_init
00006482 g     F .text	000000f6 lfs_format
00001050 g     F .text	0000002c reads_registers
00001994 g     F .text	00000026 usbSerial_available
00009ae6 g     F .text	00000032 _kill_r
00009236 g     F .text	00000040 printf
200008e8 g       .data	00000000 __global_pointer$
00000108 g     F .text	00000028 .hidden __riscv_save_8
00001ece g     F .text	0000002c flashfs_file_close
00001efa g     F .text	0000002a flashfs_file_read
000074ee  w      .text	00000000 TIM1_CC_IRQHandler
00007c24 g     F .text	00000008 I2C_ReceiveData
00009b8e g     F .text	00000030 __sseek
000097fe g     F .text	0000006c __sinit
000093e6 g     F .text	000000bc __swbuf_r
0000721a g     F .text	00000010 HardFault_Handler
00001e5c g     F .text	00000016 flashfs_remove
000097b6 g     F .text	00000048 __sfmoreglue
00009a76 g     F .text	00000002 __malloc_unlock
00000b64 g     F .text	0000002a comms_init
00000154 g     F .text	0000000c .hidden __riscv_restore_3
00001a88 g     F .text	00000028 usbSerial_blocking_read_u32
000080f4 g     F .text	0000000e TIM_OC1PreloadConfig
000074ee  w      .text	00000000 SysTick_Handler
00007638 g     F .text	0000000a ADC_StartCalibration
00007c86 g     F .text	00000062 NVIC_Init
00006d34 g     F .text	00000048 lfs_file_seek
00001a14 g     F .text	00000074 usbSerial_writeP
000074ee  w      .text	00000000 PVD_IRQHandler
00000140 g     F .text	00000020 .hidden __riscv_restore_10
00006578 g     F .text	0000000c lfs_unmount
00007218 g     F .text	00000002 NMI_Handler
00007248 g     F .text	0000000a EXTI3_IRQHandler
00001cd2 g     F .text	00000004 flash_sync
00000108 g     F .text	00000028 .hidden __riscv_save_11
000019f6 g     F .text	0000001e usbSerial_blocking_read_bytes
00001fb6 g     F .text	00000042 flashfs_dir_open
000078ae g     F .text	00000038 FLASH_ProgramHalfWord
000010f2 g     F .text	00000016 USBFS_RCC_Init
00000be0 g     F .text	00000014 comms_send_string
00006934 g     F .text	000002ac lfs_rename
00008210 g     F .text	0000000a USART_GetFlagStatus
00009c2a g     F .text	00000032 _fstat_r
200044e8 g     O .bss	00000004 errno
00008320 g     F .text	0000000c reset_timer
20000108 g       .bss	00000000 _sbss
00000800 g       *ABS*	00000000 __stack_size
0000774a g     F .text	0000000a ADC_GetFlagStatus
2000011c g     O .bss	00000002 USBFS_SetupReqLen
000027fc g     F .text	00000010 pulseio_in_stop
0000832c g     F .text	00000060 USART_Printf_Init
0000280c g     F .text	00000062 pulseio_in_read
00007872 g     F .text	0000003c FLASH_ErasePage
000012c4 g     F .text	00000604 USBFS_IRQHandler
00000154 g     F .text	0000000c .hidden __riscv_restore_2
0000850e g     F .text	00000024 .hidden __bswapsi2
00007722 g     F .text	00000014 ADC_InjectedDiscModeCmd
000018c8 g     F .text	00000022 usbSerial_begin
000027a2 g     F .text	00000040 pulseio_in_resume
00009e04 g     O .text	00000012 MyDevDescr
000080c4 g     F .text	00000016 TIM_CtrlPWMOutputs
0000895c g     F .text	000000b2 memcpy
00007616 g     F .text	00000010 ADC_Cmd
00001b48 g     F .text	00000014 usbSerial_blocking_writeP_u32
000097ac g     F .text	0000000a _cleanup_r
000079d8 g     F .text	000000f2 GPIO_PinRemapConfig
00001ae0 g     F .text	00000040 usbSerial_send_zlp
0000722a g     F .text	0000000a EXTI0_IRQHandler
00006cec g     F .text	00000048 lfs_file_write
000074ee  w      .text	00000000 I2C2_EV_IRQHandler
000080ac g     F .text	00000018 TIM_Cmd
0000934a g     F .text	0000000c puts
00000208 g     F .text	000007c6 get_packet
00008126 g     F .text	00000016 TIM_OC4PreloadConfig
200000f0 g     O .data	00000004 SystemCoreClock
20001590 g     O .bss	00000040 USBFS_EP1_Buf
0000298c g     F .text	000000b6 pwm_set_duty
00008924 g     F .text	0000000a malloc
00008140 g     F .text	0000000c TIM_ClearFlag
00009a78 g     F .text	00000062 _raise_r
00009d04 g     F .text	00000010 _fstat
00002b7a g     F .text	00000028 spi_init
000088c4 g     F .text	0000003a __assert_func
20002880 g     O .bss	00000370 file_handles
00000004 g       .init	00000000 _einit
00000bb2 g     F .text	00000014 comms_send_u32
00001df6 g     F .text	00000032 allocate_dh
00007df0 g     F .text	0000001e RCC_APB2PeriphClockCmd
00000100 g     F .text	00000030 .hidden __riscv_save_12
000074ee  w      .text	00000000 ADC1_2_IRQHandler
00001ab0 g     F .text	0000000a usbSerial_flush
00009b18 g     F .text	00000002 _getpid_r
000078e6 g     F .text	000000f2 GPIO_Init
20000150 g     O .bss	00001400 mega_buffer
00007d02 g     F .text	00000012 RCC_ADCCLKConfig
000074ee  w      .text	00000000 Break_Point_Handler
00001cd6 g     F .text	0000004a flash_erase
00002414 g     F .text	00000088 i2c_send_recv_bytes
00000140 g     F .text	00000020 .hidden __riscv_restore_11
20000140 g     O .bss	00000004 NVIC_Priority_Group
000074ee  w      .text	00000000 SPI1_IRQHandler
00007626 g     F .text	0000000a ADC_ResetCalibration
00000c44 g     F .text	0000001c comms_recv_array
000081f2 g     F .text	00000016 USART_Cmd
20000108 g     O .bss	00000004 current_mode
00009356 g     F .text	00000032 _sbrk_r
0000275a g     F .text	0000002a pulseio_in_tim4_start
0000286e g     F .text	00000050 pulseio_out_send
000074ee  w      .text	00000000 TAMPER_IRQHandler
00000130 g     F .text	0000000c .hidden __riscv_save_1
20000100 g     O .data	00000004 MyLangDescr
00000154 g     F .text	0000000c .hidden __riscv_restore_0
00007fac g     F .text	00000094 TIM_OC3Init
00009cc0 g     F .text	00000034 _read_r
00000116 g     F .text	0000001a .hidden __riscv_save_7
00002c0e g     F .text	00000044 spi_write_read
000082da g     F .text	0000002a start_timer_us_u32
00007e0e g     F .text	0000001e RCC_APB1PeriphClockCmd
000074ee  w      .text	00000000 Ecall_M_Mode_Handler
00009dc0 g     O .text	00000043 MyCfgDescr
20004800 g       .stack	00000000 _heap_end
000023bc g     F .text	00000058 i2c_recv_bytes
00009d24 g     F .text	00000010 _isatty
00008240 g     F .text	00000036 Delay_Us
20000104 g     O .data	00000004 _global_impure_ptr
00002332 g     F .text	00000036 i2c_scan_address
0000014a g     F .text	00000016 .hidden __riscv_restore_5
00000bf4 g     F .text	00000026 comms_recv_buffer
00007dd2 g     F .text	0000001e RCC_AHBPeriphClockCmd
00008532 g     F .text	00000392 .hidden __udivdi3
000074ee  w      .text	00000000 DMA1_Channel4_IRQHandler
00007662 g     F .text	000000b8 ADC_RegularChannelConfig
000095a0 g     F .text	0000000e abort
00007c20 g     F .text	00000004 I2C_SendData
00000c30 g     F .text	00000014 comms_recv_u32
000083ca g     F .text	0000002a _sbrk
0000771a g     F .text	00000008 ADC_GetConversionValue
0000210c g     F .text	0000002c gpio_read_pin
00009e18 g     O .text	0000000e MyManuInfo
00001d20 g     F .text	00000034 flash_read
00007820 g     F .text	0000000e FLASH_Lock
00007af6 g     F .text	000000f8 I2C_Init
00006d7c g     F .text	0000014c lfs_file_truncate
000020c4 g     F .text	00000048 gpio_init_default
000010a8 g     F .text	00000026 reads_pile
0000014a g     F .text	00000016 .hidden __riscv_restore_6
000074ee  w      .text	00000000 USART3_IRQHandler
000077fc g     F .text	0000000a EXTI_ClearITPendingBit
000074ee  w      .text	00000000 RTC_IRQHandler
00007642 g     F .text	00000008 ADC_GetCalibrationStatus
2000010d g     O .bss	00000001 USBFS_DevConfig
200044ec g       .bss	00000000 _ebss
00001b20 g     F .text	00000028 usbSerial_blocking_writeP
000074ee  w      .text	00000000 DMA1_Channel7_IRQHandler
00007eac g     F .text	0000006a TIM_OC1Init
0000764a g     F .text	00000018 ADC_SoftwareStartConvCmd
00008118 g     F .text	0000000e TIM_OC3PreloadConfig
00007630 g     F .text	00000008 ADC_GetResetCalibrationStatus
20000000 g     O .data	00000014 pin_number_mapping
000074ee  w      .text	00000000 CAN1_RX1_IRQHandler
0000821a g     F .text	00000026 Delay_Init
20000134 g     O .bss	00000004 pio_count
00001c7c g     F .text	00000056 adc_read
00002368 g     F .text	00000054 i2c_send_bytes
000025c6 g     F .text	00000028 one_wire_write0
00002052 g     F .text	0000004a gpio_base_init_pins
00002964 g     F .text	00000028 pwm_init
000088fe g     F .text	00000026 fprintf
2000011a g     O .bss	00000002 USBFS_SetupReqIndex
000074ee  w      .text	00000000 TIM4_IRQHandler
000080da g     F .text	0000001a TIM_ARRPreloadConfig
20002cf8 g     O .bss	00000080 lfs
00000108 g     F .text	00000028 .hidden __riscv_save_9
000025ee g     F .text	00000028 one_wire_write1
2000011e g     O .bss	00000001 USBFS_SetupReqType
000084cc g     F .text	00000042 .hidden __popcountsi2
0000afec g     O .text	00000020 __sf_fake_stderr
00001d54 g     F .text	00000070 flash_prog
00000116 g     F .text	0000001a .hidden __riscv_save_4
000074ee  w      .text	00000000 I2C1_EV_IRQHandler
0000209c g     F .text	00000028 gpio_init_pin
20000110 g     O .bss	00000008 USBFS_Endp_Busy
00007d14 g     F .text	000000be RCC_GetClocksFreq
000074ee  w      .text	00000000 DMA1_Channel6_IRQHandler
000083f4 g     F .text	0000006e .hidden __clzsi2
00008bb8 g     F .text	00000042 __sfputs_r
00001f78 g     F .text	00000028 flashfs_file_truncate
000074ee  w      .text	00000000 UART4_IRQHandler
00009a5c g     F .text	00000018 memchr
0000814c g     F .text	000000a6 USART_Init
00000bc6 g     F .text	0000001a comms_send_array
00008a0e g     F .text	000000a8 _free_r
000074ee  w      .text	00000000 TIM3_IRQHandler
000074ee  w      .text	00000000 RCC_IRQHandler
00000130 g     F .text	0000000c .hidden __riscv_save_3
000074ee  w      .text	00000000 TIM1_TRG_COM_IRQHandler
000074ee  w      .text	00000000 DMA1_Channel1_IRQHandler
00000000 g       .init	00000000 _start
20000064 g     O .data	00000010 AHBPrescTable
00007c42 g     F .text	00000032 I2C_GetFlagStatus
0000782e g     F .text	00000008 FLASH_ClearFlag
00009d44 g     F .text	00000010 _lseek
000011da g     F .text	000000ea USBFS_Endp_DataUp
0000784e g     F .text	00000024 FLASH_WaitForLastOperation
00008102 g     F .text	00000016 TIM_OC2PreloadConfig
00002c52 g     F .text	00000070 tkey_read
00007288 g     F .text	0000002e EXTI15_10_IRQHandler
00007f16 g     F .text	00000096 TIM_OC2Init
000070f2 g     F .text	00000098 lfs_dir_read
00007774 g     F .text	0000006a EXTI_Init
20000118 g     O .bss	00000001 USBFS_SetupReqCode
200015d0 g     O .bss	00000040 USBFS_EP2_Buf
00002ba2 g     F .text	0000003c spi_read
00002532 g     F .text	00000052 neopixel_send_buffer
000074ee  w      .text	00000000 DMA1_Channel8_IRQHandler
00000a5e g     F .text	00000078 i2c_device_read
00009e58 g     O .text	00000054 cfg
00007bee g     F .text	00000018 I2C_Cmd
000019ba g     F .text	0000002e usbSerial_read
2000010e g     O .bss	00000001 USBFS_DevEnumStatus
00009bfa g     F .text	00000030 _close_r
00007c74 g     F .text	0000000c I2C_ClearFlag
20000000 g       .dalign	00000000 _data_vma
00008938 g     F .text	00000024 memcmp
00008040 g     F .text	0000006c TIM_OC4Init
00002024 g     F .text	0000002e flashfs_dir_read
2000013c g     O .bss	00000001 MCU_Version
000094a2 g     F .text	000000fe __swsetup_r
0000725c g     F .text	0000002c EXTI9_5_IRQHandler
00006ec8 g     F .text	00000152 lfs_mkdir
0000986a g     F .text	000000a0 __sfp
00007aca g     F .text	0000002c GPIO_EXTILineConfig
2000010c g     O .bss	00000001 USBFS_DevAddr
00000108 g     F .text	00000028 .hidden __riscv_save_10
00009b1a g     F .text	0000002c __sread
00006c2e g     F .text	0000003c lfs_file_close
00009a74 g     F .text	00000002 __malloc_lock
0000014a g     F .text	00000016 .hidden __riscv_restore_4
00000140 g     F .text	00000020 .hidden __riscv_restore_8
00002584 g     F .text	00000042 one_wire_reset
000096e0 g     F .text	00000066 _fflush_r
00000116 g     F .text	0000001a .hidden __riscv_save_6
000077de g     F .text	0000001e EXTI_GetITStatus
000074ee  w      .text	00000000 SPI2_IRQHandler
0000b00c g     O .text	00000020 __sf_fake_stdin
00000160 g     F .text	000000a8 memset
00002a50 g     F .text	0000012a spi_xfer_byte_bb_ch32
00000140 g     F .text	00000020 .hidden __riscv_restore_9
0000014a g     F .text	00000016 .hidden __riscv_restore_7
000072b6 g     F .text	000000c0 main
00009bbe g     F .text	00000006 __sclose
00008ab6 g     F .text	000000da _malloc_r
20000138 g     O .bss	00000004 pio_head
2000010f g     O .bss	00000001 USBFS_DevSleepStatus
000074ee  w      .text	00000000 DMA1_Channel5_IRQHandler
0000813c g     F .text	00000004 TIM_SetCounter
00007ce8 g     F .text	0000001a RCC_USBCLKConfig
00007252 g     F .text	0000000a EXTI4_IRQHandler
00008276 g     F .text	00000036 Delay_Ms
00001184 g     F .text	00000056 USBFS_Device_Init
000074ee  w      .text	00000000 USB_LP_CAN1_RX0_IRQHandler
00009e28 g     O .text	00000016 MyProdInfo
00002616 g     F .text	00000038 one_wire_read
20002d78 g     O .bss	00001770 pio_buffer
0000775c g     F .text	00000018 ADC_BufferCmd
000026bc g     F .text	00000028 EXTI_DEINIT
00001ff8 g     F .text	0000002c flashfs_dir_close
20002bf0 g     O .bss	00000108 file_info
00001108 g     F .text	0000007c USBFS_Device_Endp_Init
00007376 g     F .text	000000ea SystemInit
00009236 g     F .text	00000040 iprintf
000074ee  w      .text	00000000 USB_HP_CAN1_TX_IRQHandler
0000ae70 g     O .text	00000100 .hidden __clz_tab
00000000 g       .init	00000000 _sinit
00000c7a g     F .text	000003d6 run
00009398 g     F .text	0000001e strcspn
00009bc4 g     F .text	00000036 _write_r
00000c1a g     F .text	00000016 comms_recv_u8
000074ee  w      .text	00000000 DMA1_Channel3_IRQHandler
00001bce g     F .text	00000008 usbSerial_on_ep3_in_done
00000ad6 g     F .text	0000008e i2c_device_write
00008e86 g     F .text	0000010c _printf_common
200000fc g     O .data	00000004 _impure_ptr
000074ee  w      .text	00000000 TIM1_UP_IRQHandler
00001bd6 g     F .text	000000a6 adc_init
000095ae g     F .text	00000132 __sflush_r
000074ee  w      .text	00000000 WWDG_IRQHandler
00001f4e g     F .text	0000002a flashfs_file_seek
00007754 g     F .text	00000008 ADC_ClearFlag
00001aba g     F .text	00000026 usbSerial_tx_pending
000074ee  w      .text	00000000 Ecall_U_Mode_Handler
000027e2 g     F .text	0000001a pulseio_in_clear
000074ee  w      .text	00000000 TIM2_IRQHandler
20005000 g       .stack	00000000 _eusrstack
00000130 g     F .text	0000000c .hidden __riscv_save_2
000074ee  w      .text	00000000 SW_Handler
00001e8a g     F .text	00000044 flashfs_file_open
00002bde g     F .text	00000030 spi_write
0000757a g     F .text	00000046 ADC_DeInit
00000b8e g     F .text	00000024 comms_send_buffer
0000718a g     F .text	0000003e lfs_crc
000009ce g     F .text	00000090 i2c_device_init
000074ee  w      .text	00000000 TIM1_BRK_IRQHandler
00007736 g     F .text	00000014 ADC_ExternalTrigInjectedConvCmd
00009974 g     F .text	00000056 __swhatbuf_r
000075c0 g     F .text	00000056 ADC_Init
00008208 g     F .text	00000008 USART_SendData
00007234 g     F .text	0000000a EXTI1_IRQHandler
000018ea g     F .text	0000001a usbSerial_connected
00008462 g     F .text	0000006a .hidden __ctzsi2
00000116 g     F .text	0000001a .hidden __riscv_save_5
0000838c g     F .text	0000003e _write
20001550 g     O .bss	00000040 USBFS_EP0_Buf
20000108 g       .data	00000000 _edata
00001fa0 g     F .text	00000016 flashfs_mkdir
20000124 g     O .bss	00000004 pUSBFS_Descr
200044ec g       .bss	00000000 _end
00000c60 g     F .text	0000001a comms_recv_string
0000682a g     F .text	0000010a lfs_remove
0000107c g     F .text	0000002c writes_registers
000019e8 g     F .text	0000000e usbSerial_blocking_read_u8
00007e4a g     F .text	00000062 TIM_TimeBaseInit
000074ee  w      .text	00000000 RTCAlarm_IRQHandler
00006be0 g     F .text	0000004e lfs_file_open
0000b04c g       .dlalign	00000000 _data_lma
00001b5c g     F .text	00000072 usbSerial_on_ep2_out
000074ee  w      .text	00000000 USART2_IRQHandler
00009b46 g     F .text	00000048 __swrite
20000014 g     O .data	00000050 pin_port_mapping
000088fe g     F .text	00000026 fiprintf
00001dc4 g     F .text	00000032 allocate_fh
00008bfa g     F .text	0000028c _vfiprintf_r
0000990a g     F .text	0000006a _fwalk_reent
00007460 g     F .text	0000008e SystemCoreClockUpdate
20002650 g     O .bss	00000230 dir_handles
00009d34 g     F .text	00000010 _kill
000082ac g     F .text	0000002e Delay_Ticks
000074ee  w      .text	00000000 I2C2_ER_IRQHandler
000074ee  w      .text	00000000 DMA1_Channel2_IRQHandler
00001e28 g     F .text	00000034 flashfs_init
0000b02c g     O .text	00000020 __sf_fake_stdout
0000013c g     F .text	00000024 .hidden __riscv_restore_12
00009d54 g     F .text	00000010 _read
000074f0  w      .text	00000000 handle_reset
000074ee  w      .text	00000000 CAN1_SCE_IRQHandler
000074ee  w      .text	00000000 FLASH_IRQHandler
00000130 g     F .text	0000000c .hidden __riscv_save_0
00009d64 g     F .text	00000002 _exit
000074ee  w      .text	00000000 USBFSWakeUp_IRQHandler
00006584 g     F .text	000002a6 lfs_mount
000093c8 g     F .text	0000001e strspn
000026e4 g     F .text	00000076 pulseio_in_init
000074ee  w      .text	00000000 USART1_IRQHandler
000099ca g     F .text	00000092 __smakebuf_r
00007c06 g     F .text	0000001a I2C_AcknowledgeConfig
000093b6 g     F .text	00000012 strlen
00008f92 g     F .text	000002a4 _printf_i
000010ce g     F .text	00000024 writes_pile
00001f24 g     F .text	0000002a flashfs_file_write
0000215e g     F .text	00000026 gpio_clear_pin
2000014c g     O .bss	00000004 __malloc_sbrk_start
00007c2c g     F .text	00000016 I2C_CheckEvent
00007e2c g     F .text	0000001e RCC_APB2PeriphResetCmd
000074ee  w      .text	00000000 I2C1_ER_IRQHandler
20001610 g     O .bss	00000040 USBFS_EP3_Buf
00007c80 g     F .text	00000006 NVIC_PriorityGroupConfig
00008316 g     F .text	0000000a has_timer_timeout
00006c6a g     F .text	00000082 lfs_file_read
000070d8 g     F .text	0000001a lfs_dir_close
20000148 g     O .bss	00000004 __malloc_free_list
00008304 g     F .text	00000012 start_timer_us_u8
00000154 g     F .text	0000000c .hidden __riscv_restore_1
00008bfa g     F .text	0000028c _vfprintf_r
00002784 g     F .text	0000001e pulseio_in_tim4_stop
00007836 g     F .text	00000018 FLASH_GetBank1Status
0000264e g     F .text	0000006e EXTI_INIT
000074ee  w      .text	00000000 USBWakeUp_IRQHandler
00009cf4 g     F .text	00000010 _close
00009ada g     F .text	0000000c raise
00001e72 g     F .text	00000018 flashfs_move
0000892e g     F .text	0000000a free



Disassembly of section .init:

00000000 <_sinit>:
   0:	4f00706f          	j	74f0 <handle_reset>

Disassembly of section .vector:

00000004 <_vector_base>:
	...
   c:	7218                	flw	fa4,32(a2)
   e:	0000                	unimp
  10:	721a                	flw	ft4,164(sp)
  12:	0000                	unimp
  14:	0000                	unimp
  16:	0000                	unimp
  18:	74ee                	flw	fs1,248(sp)
	...
  22:	0000                	unimp
  24:	74ee                	flw	fs1,248(sp)
  26:	0000                	unimp
  28:	74ee                	flw	fs1,248(sp)
	...
  32:	0000                	unimp
  34:	74ee                	flw	fs1,248(sp)
  36:	0000                	unimp
  38:	0000                	unimp
  3a:	0000                	unimp
  3c:	74ee                	flw	fs1,248(sp)
  3e:	0000                	unimp
  40:	0000                	unimp
  42:	0000                	unimp
  44:	74ee                	flw	fs1,248(sp)
  46:	0000                	unimp
  48:	74ee                	flw	fs1,248(sp)
  4a:	0000                	unimp
  4c:	74ee                	flw	fs1,248(sp)
  4e:	0000                	unimp
  50:	74ee                	flw	fs1,248(sp)
  52:	0000                	unimp
  54:	74ee                	flw	fs1,248(sp)
  56:	0000                	unimp
  58:	74ee                	flw	fs1,248(sp)
  5a:	0000                	unimp
  5c:	722a                	flw	ft4,168(sp)
  5e:	0000                	unimp
  60:	7234                	flw	fa3,96(a2)
  62:	0000                	unimp
  64:	723e                	flw	ft4,236(sp)
  66:	0000                	unimp
  68:	7248                	flw	fa0,36(a2)
  6a:	0000                	unimp
  6c:	7252                	flw	ft4,52(sp)
  6e:	0000                	unimp
  70:	74ee                	flw	fs1,248(sp)
  72:	0000                	unimp
  74:	74ee                	flw	fs1,248(sp)
  76:	0000                	unimp
  78:	74ee                	flw	fs1,248(sp)
  7a:	0000                	unimp
  7c:	74ee                	flw	fs1,248(sp)
  7e:	0000                	unimp
  80:	74ee                	flw	fs1,248(sp)
  82:	0000                	unimp
  84:	74ee                	flw	fs1,248(sp)
  86:	0000                	unimp
  88:	74ee                	flw	fs1,248(sp)
  8a:	0000                	unimp
  8c:	74ee                	flw	fs1,248(sp)
  8e:	0000                	unimp
  90:	74ee                	flw	fs1,248(sp)
  92:	0000                	unimp
  94:	74ee                	flw	fs1,248(sp)
  96:	0000                	unimp
  98:	74ee                	flw	fs1,248(sp)
  9a:	0000                	unimp
  9c:	74ee                	flw	fs1,248(sp)
  9e:	0000                	unimp
  a0:	725c                	flw	fa5,36(a2)
  a2:	0000                	unimp
  a4:	74ee                	flw	fs1,248(sp)
  a6:	0000                	unimp
  a8:	74ee                	flw	fs1,248(sp)
  aa:	0000                	unimp
  ac:	74ee                	flw	fs1,248(sp)
  ae:	0000                	unimp
  b0:	74ee                	flw	fs1,248(sp)
  b2:	0000                	unimp
  b4:	74ee                	flw	fs1,248(sp)
  b6:	0000                	unimp
  b8:	74ee                	flw	fs1,248(sp)
  ba:	0000                	unimp
  bc:	74ee                	flw	fs1,248(sp)
  be:	0000                	unimp
  c0:	74ee                	flw	fs1,248(sp)
  c2:	0000                	unimp
  c4:	74ee                	flw	fs1,248(sp)
  c6:	0000                	unimp
  c8:	74ee                	flw	fs1,248(sp)
  ca:	0000                	unimp
  cc:	74ee                	flw	fs1,248(sp)
  ce:	0000                	unimp
  d0:	74ee                	flw	fs1,248(sp)
  d2:	0000                	unimp
  d4:	74ee                	flw	fs1,248(sp)
  d6:	0000                	unimp
  d8:	74ee                	flw	fs1,248(sp)
  da:	0000                	unimp
  dc:	74ee                	flw	fs1,248(sp)
  de:	0000                	unimp
  e0:	74ee                	flw	fs1,248(sp)
  e2:	0000                	unimp
  e4:	7288                	flw	fa0,32(a3)
  e6:	0000                	unimp
  e8:	74ee                	flw	fs1,248(sp)
  ea:	0000                	unimp
  ec:	74ee                	flw	fs1,248(sp)
  ee:	0000                	unimp
  f0:	12c4                	addi	s1,sp,356
  f2:	0000                	unimp
  f4:	74ee                	flw	fs1,248(sp)
  f6:	0000                	unimp
  f8:	74ee                	flw	fs1,248(sp)
  fa:	0000                	unimp
  fc:	74ee                	flw	fs1,248(sp)
	...

Disassembly of section .text:

00000100 <__riscv_save_12>:
     100:	7139                	addi	sp,sp,-64
     102:	4301                	li	t1,0
     104:	c66e                	sw	s11,12(sp)
     106:	a019                	j	10c <__riscv_save_10+0x4>

00000108 <__riscv_save_10>:
     108:	7139                	addi	sp,sp,-64
     10a:	5341                	li	t1,-16
     10c:	c86a                	sw	s10,16(sp)
     10e:	ca66                	sw	s9,20(sp)
     110:	cc62                	sw	s8,24(sp)
     112:	ce5e                	sw	s7,28(sp)
     114:	a019                	j	11a <__riscv_save_4+0x4>

00000116 <__riscv_save_4>:
     116:	7139                	addi	sp,sp,-64
     118:	5301                	li	t1,-32
     11a:	d05a                	sw	s6,32(sp)
     11c:	d256                	sw	s5,36(sp)
     11e:	d452                	sw	s4,40(sp)
     120:	d64e                	sw	s3,44(sp)
     122:	d84a                	sw	s2,48(sp)
     124:	da26                	sw	s1,52(sp)
     126:	dc22                	sw	s0,56(sp)
     128:	de06                	sw	ra,60(sp)
     12a:	40610133          	sub	sp,sp,t1
     12e:	8282                	jr	t0

00000130 <__riscv_save_0>:
     130:	1141                	addi	sp,sp,-16
     132:	c04a                	sw	s2,0(sp)
     134:	c226                	sw	s1,4(sp)
     136:	c422                	sw	s0,8(sp)
     138:	c606                	sw	ra,12(sp)
     13a:	8282                	jr	t0

0000013c <__riscv_restore_12>:
     13c:	4db2                	lw	s11,12(sp)
     13e:	0141                	addi	sp,sp,16

00000140 <__riscv_restore_10>:
     140:	4d02                	lw	s10,0(sp)
     142:	4c92                	lw	s9,4(sp)
     144:	4c22                	lw	s8,8(sp)
     146:	4bb2                	lw	s7,12(sp)
     148:	0141                	addi	sp,sp,16

0000014a <__riscv_restore_4>:
     14a:	4b02                	lw	s6,0(sp)
     14c:	4a92                	lw	s5,4(sp)
     14e:	4a22                	lw	s4,8(sp)
     150:	49b2                	lw	s3,12(sp)
     152:	0141                	addi	sp,sp,16

00000154 <__riscv_restore_0>:
     154:	4902                	lw	s2,0(sp)
     156:	4492                	lw	s1,4(sp)
     158:	4422                	lw	s0,8(sp)
     15a:	40b2                	lw	ra,12(sp)
     15c:	0141                	addi	sp,sp,16
     15e:	8082                	ret

00000160 <memset>:
     160:	433d                	li	t1,15
     162:	872a                	mv	a4,a0
     164:	02c37363          	bgeu	t1,a2,18a <memset+0x2a>
     168:	00f77793          	andi	a5,a4,15
     16c:	efbd                	bnez	a5,1ea <memset+0x8a>
     16e:	e5ad                	bnez	a1,1d8 <memset+0x78>
     170:	ff067693          	andi	a3,a2,-16
     174:	8a3d                	andi	a2,a2,15
     176:	96ba                	add	a3,a3,a4
     178:	c30c                	sw	a1,0(a4)
     17a:	c34c                	sw	a1,4(a4)
     17c:	c70c                	sw	a1,8(a4)
     17e:	c74c                	sw	a1,12(a4)
     180:	0741                	addi	a4,a4,16
     182:	fed76be3          	bltu	a4,a3,178 <memset+0x18>
     186:	e211                	bnez	a2,18a <memset+0x2a>
     188:	8082                	ret
     18a:	40c306b3          	sub	a3,t1,a2
     18e:	068a                	slli	a3,a3,0x2
     190:	00000297          	auipc	t0,0x0
     194:	9696                	add	a3,a3,t0
     196:	00a68067          	jr	10(a3)
     19a:	00b70723          	sb	a1,14(a4)
     19e:	00b706a3          	sb	a1,13(a4)
     1a2:	00b70623          	sb	a1,12(a4)
     1a6:	00b705a3          	sb	a1,11(a4)
     1aa:	00b70523          	sb	a1,10(a4)
     1ae:	00b704a3          	sb	a1,9(a4)
     1b2:	00b70423          	sb	a1,8(a4)
     1b6:	00b703a3          	sb	a1,7(a4)
     1ba:	00b70323          	sb	a1,6(a4)
     1be:	00b702a3          	sb	a1,5(a4)
     1c2:	00b70223          	sb	a1,4(a4)
     1c6:	00b701a3          	sb	a1,3(a4)
     1ca:	00b70123          	sb	a1,2(a4)
     1ce:	00b700a3          	sb	a1,1(a4)
     1d2:	00b70023          	sb	a1,0(a4)
     1d6:	8082                	ret
     1d8:	0ff5f593          	andi	a1,a1,255
     1dc:	00859693          	slli	a3,a1,0x8
     1e0:	8dd5                	or	a1,a1,a3
     1e2:	01059693          	slli	a3,a1,0x10
     1e6:	8dd5                	or	a1,a1,a3
     1e8:	b761                	j	170 <memset+0x10>
     1ea:	00279693          	slli	a3,a5,0x2
     1ee:	00000297          	auipc	t0,0x0
     1f2:	9696                	add	a3,a3,t0
     1f4:	8286                	mv	t0,ra
     1f6:	fa8680e7          	jalr	-88(a3)
     1fa:	8096                	mv	ra,t0
     1fc:	17c1                	addi	a5,a5,-16
     1fe:	8f1d                	sub	a4,a4,a5
     200:	963e                	add	a2,a2,a5
     202:	f8c374e3          	bgeu	t1,a2,18a <memset+0x2a>
     206:	b7a5                	j	16e <memset+0xe>

00000208 <get_packet>:
     208:	f0fff2ef          	jal	t0,116 <__riscv_save_4>
     20c:	da010113          	addi	sp,sp,-608
     210:	20b000ef          	jal	ra,c1a <comms_recv_u8>
     214:	09900713          	li	a4,153
     218:	5ee50063          	beq	a0,a4,7f8 <get_packet+0x5f0>
     21c:	16a76163          	bltu	a4,a0,37e <get_packet+0x176>
     220:	07700713          	li	a4,119
     224:	4ae50c63          	beq	a0,a4,6dc <get_packet+0x4d4>
     228:	06a76d63          	bltu	a4,a0,2a2 <get_packet+0x9a>
     22c:	4759                	li	a4,22
     22e:	38e50663          	beq	a0,a4,5ba <get_packet+0x3b2>
     232:	02a76963          	bltu	a4,a0,264 <get_packet+0x5c>
     236:	4709                	li	a4,2
     238:	3ae50463          	beq	a0,a4,5e0 <get_packet+0x3d8>
     23c:	00a76a63          	bltu	a4,a0,250 <get_packet+0x48>
     240:	4c050063          	beqz	a0,700 <get_packet+0x4f8>
     244:	4705                	li	a4,1
     246:	32e50963          	beq	a0,a4,578 <get_packet+0x370>
     24a:	26010113          	addi	sp,sp,608
     24e:	bdf5                	j	14a <__riscv_restore_4>
     250:	4751                	li	a4,20
     252:	34e50e63          	beq	a0,a4,5ae <get_packet+0x3a6>
     256:	4755                	li	a4,21
     258:	fee519e3          	bne	a0,a4,24a <get_packet+0x42>
     25c:	1bf000ef          	jal	ra,c1a <comms_recv_u8>
     260:	45d1                	li	a1,20
     262:	ae89                	j	5b4 <get_packet+0x3ac>
     264:	4779                	li	a4,30
     266:	36e50363          	beq	a0,a4,5cc <get_packet+0x3c4>
     26a:	00a76d63          	bltu	a4,a0,284 <get_packet+0x7c>
     26e:	475d                	li	a4,23
     270:	34e50963          	beq	a0,a4,5c2 <get_packet+0x3ba>
     274:	4761                	li	a4,24
     276:	fce51ae3          	bne	a0,a4,24a <get_packet+0x42>
     27a:	1a1000ef          	jal	ra,c1a <comms_recv_u8>
     27e:	02800593          	li	a1,40
     282:	ae0d                	j	5b4 <get_packet+0x3ac>
     284:	477d                	li	a4,31
     286:	34e50863          	beq	a0,a4,5d6 <get_packet+0x3ce>
     28a:	02000713          	li	a4,32
     28e:	fae51ee3          	bne	a0,a4,24a <get_packet+0x42>
     292:	189000ef          	jal	ra,c1a <comms_recv_u8>
     296:	677010ef          	jal	ra,210c <gpio_read_pin>
     29a:	16a12023          	sw	a0,352(sp)
     29e:	4585                	li	a1,1
     2a0:	a619                	j	5a6 <get_packet+0x39e>
     2a2:	08d00713          	li	a4,141
     2a6:	46e50563          	beq	a0,a4,710 <get_packet+0x508>
     2aa:	04a76963          	bltu	a4,a0,2fc <get_packet+0xf4>
     2ae:	07a00713          	li	a4,122
     2b2:	44e50363          	beq	a0,a4,6f8 <get_packet+0x4f0>
     2b6:	00a76e63          	bltu	a4,a0,2d2 <get_packet+0xca>
     2ba:	07800713          	li	a4,120
     2be:	42e50363          	beq	a0,a4,6e4 <get_packet+0x4dc>
     2c2:	07900713          	li	a4,121
     2c6:	f8e512e3          	bne	a0,a4,24a <get_packet+0x42>
     2ca:	151000ef          	jal	ra,c1a <comms_recv_u8>
     2ce:	4581                	li	a1,0
     2d0:	a4d5                	j	5b4 <get_packet+0x3ac>
     2d2:	07b00713          	li	a4,123
     2d6:	42e50863          	beq	a0,a4,706 <get_packet+0x4fe>
     2da:	08c00713          	li	a4,140
     2de:	f6e516e3          	bne	a0,a4,24a <get_packet+0x42>
     2e2:	139000ef          	jal	ra,c1a <comms_recv_u8>
     2e6:	84aa                	mv	s1,a0
     2e8:	133000ef          	jal	ra,c1a <comms_recv_u8>
     2ec:	842a                	mv	s0,a0
     2ee:	45d1                	li	a1,20
     2f0:	8526                	mv	a0,s1
     2f2:	5ab010ef          	jal	ra,209c <gpio_init_pin>
     2f6:	45d1                	li	a1,20
     2f8:	8522                	mv	a0,s0
     2fa:	ac6d                	j	5b4 <get_packet+0x3ac>
     2fc:	09000713          	li	a4,144
     300:	48e50c63          	beq	a0,a4,798 <get_packet+0x590>
     304:	06a76063          	bltu	a4,a0,364 <get_packet+0x15c>
     308:	08e00713          	li	a4,142
     30c:	44e50263          	beq	a0,a4,750 <get_packet+0x548>
     310:	08f00713          	li	a4,143
     314:	f2e51be3          	bne	a0,a4,24a <get_packet+0x42>
     318:	103000ef          	jal	ra,c1a <comms_recv_u8>
     31c:	892a                	mv	s2,a0
     31e:	0fd000ef          	jal	ra,c1a <comms_recv_u8>
     322:	89aa                	mv	s3,a0
     324:	0f7000ef          	jal	ra,c1a <comms_recv_u8>
     328:	842a                	mv	s0,a0
     32a:	200004b7          	lui	s1,0x20000
     32e:	103000ef          	jal	ra,c30 <comms_recv_u32>
     332:	85aa                	mv	a1,a0
     334:	d02a                	sw	a0,32(sp)
     336:	15048513          	addi	a0,s1,336 # 20000150 <mega_buffer>
     33a:	0bb000ef          	jal	ra,bf4 <comms_recv_buffer>
     33e:	0dd000ef          	jal	ra,c1a <comms_recv_u8>
     342:	ce2a                	sw	a0,28(sp)
     344:	0ed000ef          	jal	ra,c30 <comms_recv_u32>
     348:	47f2                	lw	a5,28(sp)
     34a:	5702                	lw	a4,32(sp)
     34c:	00141613          	slli	a2,s0,0x1
     350:	882a                	mv	a6,a0
     352:	15048693          	addi	a3,s1,336
     356:	0fe67613          	andi	a2,a2,254
     35a:	85ce                	mv	a1,s3
     35c:	854a                	mv	a0,s2
     35e:	00a020ef          	jal	ra,2368 <i2c_send_bytes>
     362:	b5e5                	j	24a <get_packet+0x42>
     364:	09700713          	li	a4,151
     368:	4ae50363          	beq	a0,a4,80e <__stack_size+0xe>
     36c:	09800713          	li	a4,152
     370:	ece51de3          	bne	a0,a4,24a <get_packet+0x42>
     374:	0a7000ef          	jal	ra,c1a <comms_recv_u8>
     378:	484020ef          	jal	ra,27fc <pulseio_in_stop>
     37c:	b5f9                	j	24a <get_packet+0x42>
     37e:	0c100713          	li	a4,193
     382:	56e50463          	beq	a0,a4,8ea <__stack_size+0xea>
     386:	0ea76f63          	bltu	a4,a0,484 <get_packet+0x27c>
     38a:	0b500713          	li	a4,181
     38e:	4ee50263          	beq	a0,a4,872 <__stack_size+0x72>
     392:	06a76563          	bltu	a4,a0,3fc <get_packet+0x1f4>
     396:	0aa00713          	li	a4,170
     39a:	48e50263          	beq	a0,a4,81e <__stack_size+0x1e>
     39e:	02a76d63          	bltu	a4,a0,3d8 <get_packet+0x1d0>
     3a2:	09a00713          	li	a4,154
     3a6:	46e50763          	beq	a0,a4,814 <__stack_size+0x14>
     3aa:	0a000713          	li	a4,160
     3ae:	e8e51ee3          	bne	a0,a4,24a <get_packet+0x42>
     3b2:	069000ef          	jal	ra,c1a <comms_recv_u8>
     3b6:	842a                	mv	s0,a0
     3b8:	079000ef          	jal	ra,c30 <comms_recv_u32>
     3bc:	84aa                	mv	s1,a0
     3be:	073000ef          	jal	ra,c30 <comms_recv_u32>
     3c2:	20000637          	lui	a2,0x20000
     3c6:	86aa                	mv	a3,a0
     3c8:	15060613          	addi	a2,a2,336 # 20000150 <mega_buffer>
     3cc:	0ff4f593          	andi	a1,s1,255
     3d0:	8522                	mv	a0,s0
     3d2:	49c020ef          	jal	ra,286e <pulseio_out_send>
     3d6:	bd95                	j	24a <get_packet+0x42>
     3d8:	0af00713          	li	a4,175
     3dc:	46e50a63          	beq	a0,a4,850 <__stack_size+0x50>
     3e0:	0b400713          	li	a4,180
     3e4:	e6e513e3          	bne	a0,a4,24a <get_packet+0x42>
     3e8:	033000ef          	jal	ra,c1a <comms_recv_u8>
     3ec:	4785                	li	a5,1
     3ee:	00a79533          	sll	a0,a5,a0
     3f2:	0542                	slli	a0,a0,0x10
     3f4:	8141                	srli	a0,a0,0x10
     3f6:	18e020ef          	jal	ra,2584 <one_wire_reset>
     3fa:	a619                	j	700 <get_packet+0x4f8>
     3fc:	0be00713          	li	a4,190
     400:	48e50d63          	beq	a0,a4,89a <__stack_size+0x9a>
     404:	02a76463          	bltu	a4,a0,42c <get_packet+0x224>
     408:	0b600713          	li	a4,182
     40c:	46e50d63          	beq	a0,a4,886 <__stack_size+0x86>
     410:	0b700713          	li	a4,183
     414:	e2e51be3          	bne	a0,a4,24a <get_packet+0x42>
     418:	003000ef          	jal	ra,c1a <comms_recv_u8>
     41c:	4785                	li	a5,1
     41e:	00a79533          	sll	a0,a5,a0
     422:	0542                	slli	a0,a0,0x10
     424:	8141                	srli	a0,a0,0x10
     426:	1f0020ef          	jal	ra,2616 <one_wire_read>
     42a:	acd9                	j	700 <get_packet+0x4f8>
     42c:	0bf00713          	li	a4,191
     430:	48e50163          	beq	a0,a4,8b2 <__stack_size+0xb2>
     434:	0c000713          	li	a4,192
     438:	e0e519e3          	bne	a0,a4,24a <get_packet+0x42>
     43c:	7de000ef          	jal	ra,c1a <comms_recv_u8>
     440:	84aa                	mv	s1,a0
     442:	7d8000ef          	jal	ra,c1a <comms_recv_u8>
     446:	892a                	mv	s2,a0
     448:	7d2000ef          	jal	ra,c1a <comms_recv_u8>
     44c:	d42a                	sw	a0,40(sp)
     44e:	7cc000ef          	jal	ra,c1a <comms_recv_u8>
     452:	d22a                	sw	a0,36(sp)
     454:	7dc000ef          	jal	ra,c30 <comms_recv_u32>
     458:	20000437          	lui	s0,0x20000
     45c:	d02a                	sw	a0,32(sp)
     45e:	7d2000ef          	jal	ra,c30 <comms_recv_u32>
     462:	85aa                	mv	a1,a0
     464:	ce2a                	sw	a0,28(sp)
     466:	15040513          	addi	a0,s0,336 # 20000150 <mega_buffer>
     46a:	78a000ef          	jal	ra,bf4 <comms_recv_buffer>
     46e:	4872                	lw	a6,28(sp)
     470:	5702                	lw	a4,32(sp)
     472:	5692                	lw	a3,36(sp)
     474:	5622                	lw	a2,40(sp)
     476:	15040793          	addi	a5,s0,336
     47a:	85ca                	mv	a1,s2
     47c:	8526                	mv	a0,s1
     47e:	760020ef          	jal	ra,2bde <spi_write>
     482:	b3e1                	j	24a <get_packet+0x42>
     484:	0f100713          	li	a4,241
     488:	4ce50f63          	beq	a0,a4,966 <__stack_size+0x166>
     48c:	06a76c63          	bltu	a4,a0,504 <get_packet+0x2fc>
     490:	0ee00713          	li	a4,238
     494:	4ae50963          	beq	a0,a4,946 <__stack_size+0x146>
     498:	02a76d63          	bltu	a4,a0,4d2 <get_packet+0x2ca>
     49c:	0eb00713          	li	a4,235
     4a0:	48e50963          	beq	a0,a4,932 <__stack_size+0x132>
     4a4:	0ec00713          	li	a4,236
     4a8:	dae511e3          	bne	a0,a4,24a <get_packet+0x42>
     4ac:	20000437          	lui	s0,0x20000
     4b0:	15040513          	addi	a0,s0,336 # 20000150 <mega_buffer>
     4b4:	7ac000ef          	jal	ra,c60 <comms_recv_string>
     4b8:	200014b7          	lui	s1,0x20001
     4bc:	b5048513          	addi	a0,s1,-1200 # 20000b50 <__global_pointer$+0x268>
     4c0:	7a0000ef          	jal	ra,c60 <comms_recv_string>
     4c4:	b5048593          	addi	a1,s1,-1200
     4c8:	15040513          	addi	a0,s0,336
     4cc:	1a7010ef          	jal	ra,1e72 <flashfs_move>
     4d0:	ac05                	j	700 <get_packet+0x4f8>
     4d2:	0ef00713          	li	a4,239
     4d6:	48e50463          	beq	a0,a4,95e <__stack_size+0x15e>
     4da:	0f000713          	li	a4,240
     4de:	d6e516e3          	bne	a0,a4,24a <get_packet+0x42>
     4e2:	74e000ef          	jal	ra,c30 <comms_recv_u32>
     4e6:	892a                	mv	s2,a0
     4e8:	20000437          	lui	s0,0x20000
     4ec:	744000ef          	jal	ra,c30 <comms_recv_u32>
     4f0:	862a                	mv	a2,a0
     4f2:	84aa                	mv	s1,a0
     4f4:	15040593          	addi	a1,s0,336 # 20000150 <mega_buffer>
     4f8:	854a                	mv	a0,s2
     4fa:	201010ef          	jal	ra,1efa <flashfs_file_read>
     4fe:	6b4000ef          	jal	ra,bb2 <comms_send_u32>
     502:	a479                	j	790 <get_packet+0x588>
     504:	0f400713          	li	a4,244
     508:	48e50b63          	beq	a0,a4,99e <__stack_size+0x19e>
     50c:	02a76463          	bltu	a4,a0,534 <get_packet+0x32c>
     510:	0f200713          	li	a4,242
     514:	46e50a63          	beq	a0,a4,988 <__stack_size+0x188>
     518:	0f300713          	li	a4,243
     51c:	d2e517e3          	bne	a0,a4,24a <get_packet+0x42>
     520:	710000ef          	jal	ra,c30 <comms_recv_u32>
     524:	842a                	mv	s0,a0
     526:	70a000ef          	jal	ra,c30 <comms_recv_u32>
     52a:	85aa                	mv	a1,a0
     52c:	8522                	mv	a0,s0
     52e:	24b010ef          	jal	ra,1f78 <flashfs_file_truncate>
     532:	a2f9                	j	700 <get_packet+0x4f8>
     534:	0f600713          	li	a4,246
     538:	48e50763          	beq	a0,a4,9c6 <__stack_size+0x1c6>
     53c:	46e56b63          	bltu	a0,a4,9b2 <__stack_size+0x1b2>
     540:	0f700713          	li	a4,247
     544:	d0e513e3          	bne	a0,a4,24a <get_packet+0x42>
     548:	6e8000ef          	jal	ra,c30 <comms_recv_u32>
     54c:	2d9010ef          	jal	ra,2024 <flashfs_dir_read>
     550:	662000ef          	jal	ra,bb2 <comms_send_u32>
     554:	20003437          	lui	s0,0x20003
     558:	bf044503          	lbu	a0,-1040(s0) # 20002bf0 <file_info>
     55c:	bf040413          	addi	s0,s0,-1040
     560:	652000ef          	jal	ra,bb2 <comms_send_u32>
     564:	4048                	lw	a0,4(s0)
     566:	64c000ef          	jal	ra,bb2 <comms_send_u32>
     56a:	20003537          	lui	a0,0x20003
     56e:	bf850513          	addi	a0,a0,-1032 # 20002bf8 <file_info+0x8>
     572:	66e000ef          	jal	ra,be0 <comms_send_string>
     576:	b9d1                	j	24a <get_packet+0x42>
     578:	0000a5b7          	lui	a1,0xa
     57c:	d7858593          	addi	a1,a1,-648 # 9d78 <_exit+0x14>
     580:	4655                	li	a2,21
     582:	1288                	addi	a0,sp,352
     584:	3d8080ef          	jal	ra,895c <memcpy>
     588:	4781                	li	a5,0
     58a:	1ffff5b7          	lui	a1,0x1ffff
     58e:	4731                	li	a4,12
     590:	00f58633          	add	a2,a1,a5
     594:	7e864603          	lbu	a2,2024(a2)
     598:	1294                	addi	a3,sp,352
     59a:	96be                	add	a3,a3,a5
     59c:	a290                	sb	a2,0(a3)
     59e:	0785                	addi	a5,a5,1
     5a0:	fee798e3          	bne	a5,a4,590 <get_packet+0x388>
     5a4:	45d1                	li	a1,20
     5a6:	1288                	addi	a0,sp,352
     5a8:	5e6000ef          	jal	ra,b8e <comms_send_buffer>
     5ac:	b979                	j	24a <get_packet+0x42>
     5ae:	66c000ef          	jal	ra,c1a <comms_recv_u8>
     5b2:	45c1                	li	a1,16
     5b4:	2e9010ef          	jal	ra,209c <gpio_init_pin>
     5b8:	b949                	j	24a <get_packet+0x42>
     5ba:	660000ef          	jal	ra,c1a <comms_recv_u8>
     5be:	4591                	li	a1,4
     5c0:	bfd5                	j	5b4 <get_packet+0x3ac>
     5c2:	658000ef          	jal	ra,c1a <comms_recv_u8>
     5c6:	04800593          	li	a1,72
     5ca:	b7ed                	j	5b4 <get_packet+0x3ac>
     5cc:	64e000ef          	jal	ra,c1a <comms_recv_u8>
     5d0:	369010ef          	jal	ra,2138 <gpio_set_pin>
     5d4:	b99d                	j	24a <get_packet+0x42>
     5d6:	644000ef          	jal	ra,c1a <comms_recv_u8>
     5da:	385010ef          	jal	ra,215e <gpio_clear_pin>
     5de:	b1b5                	j	24a <get_packet+0x42>
     5e0:	20000437          	lui	s0,0x20000
     5e4:	dc02                	sw	zero,56(sp)
     5e6:	de02                	sw	zero,60(sp)
     5e8:	648000ef          	jal	ra,c30 <comms_recv_u32>
     5ec:	85aa                	mv	a1,a0
     5ee:	84aa                	mv	s1,a0
     5f0:	15040513          	addi	a0,s0,336 # 20000150 <mega_buffer>
     5f4:	600000ef          	jal	ra,bf4 <comms_recv_buffer>
     5f8:	85a6                	mv	a1,s1
     5fa:	15040513          	addi	a0,s0,336
     5fe:	27f000ef          	jal	ra,107c <writes_registers>
     602:	c919                	beqz	a0,618 <get_packet+0x410>
     604:	4781                	li	a5,0
     606:	02000713          	li	a4,32
     60a:	0094                	addi	a3,sp,64
     60c:	96be                	add	a3,a3,a5
     60e:	00068023          	sb	zero,0(a3)
     612:	0785                	addi	a5,a5,1
     614:	fee79be3          	bne	a5,a4,60a <get_packet+0x402>
     618:	85a6                	mv	a1,s1
     61a:	15040513          	addi	a0,s0,336
     61e:	233000ef          	jal	ra,1050 <reads_registers>
     622:	c511                	beqz	a0,62e <get_packet+0x426>
     624:	02000593          	li	a1,32
     628:	0088                	addi	a0,sp,64
     62a:	5ca000ef          	jal	ra,bf4 <comms_recv_buffer>
     62e:	85a6                	mv	a1,s1
     630:	15040513          	addi	a0,s0,336
     634:	275000ef          	jal	ra,10a8 <reads_pile>
     638:	c909                	beqz	a0,64a <get_packet+0x442>
     63a:	5f6000ef          	jal	ra,c30 <comms_recv_u32>
     63e:	dc2a                	sw	a0,56(sp)
     640:	10000593          	li	a1,256
     644:	1088                	addi	a0,sp,96
     646:	5ae000ef          	jal	ra,bf4 <comms_recv_buffer>
     64a:	85a6                	mv	a1,s1
     64c:	15040513          	addi	a0,s0,336
     650:	27f000ef          	jal	ra,10ce <writes_pile>
     654:	c919                	beqz	a0,66a <get_packet+0x462>
     656:	4781                	li	a5,0
     658:	10000713          	li	a4,256
     65c:	1294                	addi	a3,sp,352
     65e:	96be                	add	a3,a3,a5
     660:	00068023          	sb	zero,0(a3)
     664:	0785                	addi	a5,a5,1
     666:	fee79be3          	bne	a5,a4,65c <get_packet+0x454>
     66a:	03c10813          	addi	a6,sp,60
     66e:	183c                	addi	a5,sp,56
     670:	1298                	addi	a4,sp,352
     672:	1094                	addi	a3,sp,96
     674:	8626                	mv	a2,s1
     676:	008c                	addi	a1,sp,64
     678:	15040513          	addi	a0,s0,336
     67c:	5fe000ef          	jal	ra,c7a <run>
     680:	85a6                	mv	a1,s1
     682:	15040513          	addi	a0,s0,336
     686:	1f7000ef          	jal	ra,107c <writes_registers>
     68a:	00a03933          	snez	s2,a0
     68e:	85a6                	mv	a1,s1
     690:	15040513          	addi	a0,s0,336
     694:	0916                	slli	s2,s2,0x5
     696:	239000ef          	jal	ra,10ce <writes_pile>
     69a:	c119                	beqz	a0,6a0 <get_packet+0x498>
     69c:	10490913          	addi	s2,s2,260
     6a0:	854a                	mv	a0,s2
     6a2:	510000ef          	jal	ra,bb2 <comms_send_u32>
     6a6:	4509                	li	a0,2
     6a8:	50a000ef          	jal	ra,bb2 <comms_send_u32>
     6ac:	85a6                	mv	a1,s1
     6ae:	15040513          	addi	a0,s0,336
     6b2:	1cb000ef          	jal	ra,107c <writes_registers>
     6b6:	c511                	beqz	a0,6c2 <get_packet+0x4ba>
     6b8:	02000593          	li	a1,32
     6bc:	0088                	addi	a0,sp,64
     6be:	4d0000ef          	jal	ra,b8e <comms_send_buffer>
     6c2:	85a6                	mv	a1,s1
     6c4:	15040513          	addi	a0,s0,336
     6c8:	207000ef          	jal	ra,10ce <writes_pile>
     6cc:	b6050fe3          	beqz	a0,24a <get_packet+0x42>
     6d0:	5572                	lw	a0,60(sp)
     6d2:	4e0000ef          	jal	ra,bb2 <comms_send_u32>
     6d6:	10000593          	li	a1,256
     6da:	b5f1                	j	5a6 <get_packet+0x39e>
     6dc:	53e000ef          	jal	ra,c1a <comms_recv_u8>
     6e0:	45e1                	li	a1,24
     6e2:	bdc9                	j	5b4 <get_packet+0x3ac>
     6e4:	536000ef          	jal	ra,c1a <comms_recv_u8>
     6e8:	842a                	mv	s0,a0
     6ea:	530000ef          	jal	ra,c1a <comms_recv_u8>
     6ee:	85aa                	mv	a1,a0
     6f0:	8522                	mv	a0,s0
     6f2:	29a020ef          	jal	ra,298c <pwm_set_duty>
     6f6:	be91                	j	24a <get_packet+0x42>
     6f8:	522000ef          	jal	ra,c1a <comms_recv_u8>
     6fc:	580010ef          	jal	ra,1c7c <adc_read>
     700:	4b2000ef          	jal	ra,bb2 <comms_send_u32>
     704:	b699                	j	24a <get_packet+0x42>
     706:	514000ef          	jal	ra,c1a <comms_recv_u8>
     70a:	548020ef          	jal	ra,2c52 <tkey_read>
     70e:	bfcd                	j	700 <get_packet+0x4f8>
     710:	50a000ef          	jal	ra,c1a <comms_recv_u8>
     714:	89aa                	mv	s3,a0
     716:	504000ef          	jal	ra,c1a <comms_recv_u8>
     71a:	8a2a                	mv	s4,a0
     71c:	514000ef          	jal	ra,c30 <comms_recv_u32>
     720:	8aaa                	mv	s5,a0
     722:	4405                	li	s0,1
     724:	08000913          	li	s2,128
     728:	0ff47493          	andi	s1,s0,255
     72c:	86d6                	mv	a3,s5
     72e:	8626                	mv	a2,s1
     730:	85d2                	mv	a1,s4
     732:	854e                	mv	a0,s3
     734:	3ff010ef          	jal	ra,2332 <i2c_scan_address>
     738:	c511                	beqz	a0,744 <get_packet+0x53c>
     73a:	4585                	li	a1,1
     73c:	1288                	addi	a0,sp,352
     73e:	16910023          	sb	s1,352(sp)
     742:	21b1                	jal	b8e <comms_send_buffer>
     744:	0405                	addi	s0,s0,1
     746:	ff2411e3          	bne	s0,s2,728 <get_packet+0x520>
     74a:	16010023          	sb	zero,352(sp)
     74e:	be81                	j	29e <get_packet+0x96>
     750:	4ca000ef          	jal	ra,c1a <comms_recv_u8>
     754:	892a                	mv	s2,a0
     756:	4c4000ef          	jal	ra,c1a <comms_recv_u8>
     75a:	d02a                	sw	a0,32(sp)
     75c:	4be000ef          	jal	ra,c1a <comms_recv_u8>
     760:	842a                	mv	s0,a0
     762:	4ce000ef          	jal	ra,c30 <comms_recv_u32>
     766:	84aa                	mv	s1,a0
     768:	4b2000ef          	jal	ra,c1a <comms_recv_u8>
     76c:	ce2a                	sw	a0,28(sp)
     76e:	4c2000ef          	jal	ra,c30 <comms_recv_u32>
     772:	47f2                	lw	a5,28(sp)
     774:	5582                	lw	a1,32(sp)
     776:	00141613          	slli	a2,s0,0x1
     77a:	20000437          	lui	s0,0x20000
     77e:	882a                	mv	a6,a0
     780:	8726                	mv	a4,s1
     782:	15040693          	addi	a3,s0,336 # 20000150 <mega_buffer>
     786:	0fe67613          	andi	a2,a2,254
     78a:	854a                	mv	a0,s2
     78c:	431010ef          	jal	ra,23bc <i2c_recv_bytes>
     790:	85a6                	mv	a1,s1
     792:	15040513          	addi	a0,s0,336
     796:	bd09                	j	5a8 <get_packet+0x3a0>
     798:	482000ef          	jal	ra,c1a <comms_recv_u8>
     79c:	89aa                	mv	s3,a0
     79e:	47c000ef          	jal	ra,c1a <comms_recv_u8>
     7a2:	8a2a                	mv	s4,a0
     7a4:	476000ef          	jal	ra,c1a <comms_recv_u8>
     7a8:	842a                	mv	s0,a0
     7aa:	20000937          	lui	s2,0x20000
     7ae:	482000ef          	jal	ra,c30 <comms_recv_u32>
     7b2:	85aa                	mv	a1,a0
     7b4:	d02a                	sw	a0,32(sp)
     7b6:	15090513          	addi	a0,s2,336 # 20000150 <mega_buffer>
     7ba:	292d                	jal	bf4 <comms_recv_buffer>
     7bc:	474000ef          	jal	ra,c30 <comms_recv_u32>
     7c0:	84aa                	mv	s1,a0
     7c2:	458000ef          	jal	ra,c1a <comms_recv_u8>
     7c6:	ce2a                	sw	a0,28(sp)
     7c8:	468000ef          	jal	ra,c30 <comms_recv_u32>
     7cc:	48f2                	lw	a7,28(sp)
     7ce:	5702                	lw	a4,32(sp)
     7d0:	00141613          	slli	a2,s0,0x1
     7d4:	20001437          	lui	s0,0x20001
     7d8:	c02a                	sw	a0,0(sp)
     7da:	85d2                	mv	a1,s4
     7dc:	854e                	mv	a0,s3
     7de:	8826                	mv	a6,s1
     7e0:	b5040793          	addi	a5,s0,-1200 # 20000b50 <__global_pointer$+0x268>
     7e4:	15090693          	addi	a3,s2,336
     7e8:	0fe67613          	andi	a2,a2,254
     7ec:	429010ef          	jal	ra,2414 <i2c_send_recv_bytes>
     7f0:	85a6                	mv	a1,s1
     7f2:	b5040513          	addi	a0,s0,-1200
     7f6:	bb4d                	j	5a8 <get_packet+0x3a0>
     7f8:	210d                	jal	c1a <comms_recv_u8>
     7fa:	842a                	mv	s0,a0
     7fc:	434000ef          	jal	ra,c30 <comms_recv_u32>
     800:	01051593          	slli	a1,a0,0x10
     804:	81c1                	srli	a1,a1,0x10
     806:	8522                	mv	a0,s0
     808:	79b010ef          	jal	ra,27a2 <pulseio_in_resume>
     80c:	bc3d                	j	24a <get_packet+0x42>
     80e:	7d5010ef          	jal	ra,27e2 <pulseio_in_clear>
     812:	bc25                	j	24a <get_packet+0x42>
     814:	41c000ef          	jal	ra,c30 <comms_recv_u32>
     818:	7f5010ef          	jal	ra,280c <pulseio_in_read>
     81c:	b43d                	j	24a <get_packet+0x42>
     81e:	2ef5                	jal	c1a <comms_recv_u8>
     820:	84aa                	mv	s1,a0
     822:	20000437          	lui	s0,0x20000
     826:	2129                	jal	c30 <comms_recv_u32>
     828:	85aa                	mv	a1,a0
     82a:	ce2a                	sw	a0,28(sp)
     82c:	15040513          	addi	a0,s0,336 # 20000150 <mega_buffer>
     830:	26d1                	jal	bf4 <comms_recv_buffer>
     832:	4585                	li	a1,1
     834:	009595b3          	sll	a1,a1,s1
     838:	46f2                	lw	a3,28(sp)
     83a:	05c2                	slli	a1,a1,0x10
     83c:	40011537          	lui	a0,0x40011
     840:	15040613          	addi	a2,s0,336
     844:	81c1                	srli	a1,a1,0x10
     846:	80050513          	addi	a0,a0,-2048 # 40010800 <_eusrstack+0x2000b800>
     84a:	4e9010ef          	jal	ra,2532 <neopixel_send_buffer>
     84e:	baf5                	j	24a <get_packet+0x42>
     850:	26e9                	jal	c1a <comms_recv_u8>
     852:	16a10023          	sb	a0,352(sp)
     856:	26d1                	jal	c1a <comms_recv_u8>
     858:	16a100a3          	sb	a0,353(sp)
     85c:	2e7d                	jal	c1a <comms_recv_u8>
     85e:	16a10123          	sb	a0,354(sp)
     862:	40011537          	lui	a0,0x40011
     866:	4685                	li	a3,1
     868:	1290                	addi	a2,sp,352
     86a:	45a1                	li	a1,8
     86c:	c0050513          	addi	a0,a0,-1024 # 40010c00 <_eusrstack+0x2000bc00>
     870:	bfe9                	j	84a <__stack_size+0x4a>
     872:	2665                	jal	c1a <comms_recv_u8>
     874:	4785                	li	a5,1
     876:	00a79533          	sll	a0,a5,a0
     87a:	0542                	slli	a0,a0,0x10
     87c:	8141                	srli	a0,a0,0x10
     87e:	549010ef          	jal	ra,25c6 <one_wire_write0>
     882:	9c9ff06f          	j	24a <get_packet+0x42>
     886:	2e51                	jal	c1a <comms_recv_u8>
     888:	4785                	li	a5,1
     88a:	00a79533          	sll	a0,a5,a0
     88e:	0542                	slli	a0,a0,0x10
     890:	8141                	srli	a0,a0,0x10
     892:	55d010ef          	jal	ra,25ee <one_wire_write1>
     896:	9b5ff06f          	j	24a <get_packet+0x42>
     89a:	2641                	jal	c1a <comms_recv_u8>
     89c:	842a                	mv	s0,a0
     89e:	2eb5                	jal	c1a <comms_recv_u8>
     8a0:	ce2a                	sw	a0,28(sp)
     8a2:	2ea5                	jal	c1a <comms_recv_u8>
     8a4:	45f2                	lw	a1,28(sp)
     8a6:	862a                	mv	a2,a0
     8a8:	8522                	mv	a0,s0
     8aa:	2d0020ef          	jal	ra,2b7a <spi_init>
     8ae:	99dff06f          	j	24a <get_packet+0x42>
     8b2:	26a5                	jal	c1a <comms_recv_u8>
     8b4:	892a                	mv	s2,a0
     8b6:	2695                	jal	c1a <comms_recv_u8>
     8b8:	d62a                	sw	a0,44(sp)
     8ba:	2685                	jal	c1a <comms_recv_u8>
     8bc:	d42a                	sw	a0,40(sp)
     8be:	2eb1                	jal	c1a <comms_recv_u8>
     8c0:	d22a                	sw	a0,36(sp)
     8c2:	2ea1                	jal	c1a <comms_recv_u8>
     8c4:	d02a                	sw	a0,32(sp)
     8c6:	26ad                	jal	c30 <comms_recv_u32>
     8c8:	ce2a                	sw	a0,28(sp)
     8ca:	269d                	jal	c30 <comms_recv_u32>
     8cc:	47f2                	lw	a5,28(sp)
     8ce:	5702                	lw	a4,32(sp)
     8d0:	5692                	lw	a3,36(sp)
     8d2:	5622                	lw	a2,40(sp)
     8d4:	55b2                	lw	a1,44(sp)
     8d6:	20000437          	lui	s0,0x20000
     8da:	84aa                	mv	s1,a0
     8dc:	88aa                	mv	a7,a0
     8de:	15040813          	addi	a6,s0,336 # 20000150 <mega_buffer>
     8e2:	854a                	mv	a0,s2
     8e4:	2be020ef          	jal	ra,2ba2 <spi_read>
     8e8:	b565                	j	790 <get_packet+0x588>
     8ea:	2e05                	jal	c1a <comms_recv_u8>
     8ec:	89aa                	mv	s3,a0
     8ee:	2635                	jal	c1a <comms_recv_u8>
     8f0:	8a2a                	mv	s4,a0
     8f2:	2625                	jal	c1a <comms_recv_u8>
     8f4:	d22a                	sw	a0,36(sp)
     8f6:	2615                	jal	c1a <comms_recv_u8>
     8f8:	d02a                	sw	a0,32(sp)
     8fa:	2e1d                	jal	c30 <comms_recv_u32>
     8fc:	20001937          	lui	s2,0x20001
     900:	ce2a                	sw	a0,28(sp)
     902:	263d                	jal	c30 <comms_recv_u32>
     904:	842a                	mv	s0,a0
     906:	85aa                	mv	a1,a0
     908:	b5090513          	addi	a0,s2,-1200 # 20000b50 <__global_pointer$+0x268>
     90c:	24e5                	jal	bf4 <comms_recv_buffer>
     90e:	4772                	lw	a4,28(sp)
     910:	5682                	lw	a3,32(sp)
     912:	5612                	lw	a2,36(sp)
     914:	200004b7          	lui	s1,0x20000
     918:	85d2                	mv	a1,s4
     91a:	854e                	mv	a0,s3
     91c:	88a2                	mv	a7,s0
     91e:	15048813          	addi	a6,s1,336 # 20000150 <mega_buffer>
     922:	b5090793          	addi	a5,s2,-1200
     926:	2e8020ef          	jal	ra,2c0e <spi_write_read>
     92a:	85a2                	mv	a1,s0
     92c:	15048513          	addi	a0,s1,336
     930:	b9a5                	j	5a8 <get_packet+0x3a0>
     932:	20000437          	lui	s0,0x20000
     936:	15040513          	addi	a0,s0,336 # 20000150 <mega_buffer>
     93a:	261d                	jal	c60 <comms_recv_string>
     93c:	15040513          	addi	a0,s0,336
     940:	51c010ef          	jal	ra,1e5c <flashfs_remove>
     944:	bb75                	j	700 <get_packet+0x4f8>
     946:	20000437          	lui	s0,0x20000
     94a:	15040513          	addi	a0,s0,336 # 20000150 <mega_buffer>
     94e:	2e09                	jal	c60 <comms_recv_string>
     950:	24c5                	jal	c30 <comms_recv_u32>
     952:	85aa                	mv	a1,a0
     954:	15040513          	addi	a0,s0,336
     958:	532010ef          	jal	ra,1e8a <flashfs_file_open>
     95c:	b355                	j	700 <get_packet+0x4f8>
     95e:	2cc9                	jal	c30 <comms_recv_u32>
     960:	56e010ef          	jal	ra,1ece <flashfs_file_close>
     964:	bb71                	j	700 <get_packet+0x4f8>
     966:	24e9                	jal	c30 <comms_recv_u32>
     968:	84aa                	mv	s1,a0
     96a:	20000437          	lui	s0,0x20000
     96e:	24c9                	jal	c30 <comms_recv_u32>
     970:	85aa                	mv	a1,a0
     972:	ce2a                	sw	a0,28(sp)
     974:	15040513          	addi	a0,s0,336 # 20000150 <mega_buffer>
     978:	2cb5                	jal	bf4 <comms_recv_buffer>
     97a:	4672                	lw	a2,28(sp)
     97c:	15040593          	addi	a1,s0,336
     980:	8526                	mv	a0,s1
     982:	5a2010ef          	jal	ra,1f24 <flashfs_file_write>
     986:	bbad                	j	700 <get_packet+0x4f8>
     988:	2465                	jal	c30 <comms_recv_u32>
     98a:	842a                	mv	s0,a0
     98c:	2455                	jal	c30 <comms_recv_u32>
     98e:	ce2a                	sw	a0,28(sp)
     990:	2445                	jal	c30 <comms_recv_u32>
     992:	45f2                	lw	a1,28(sp)
     994:	862a                	mv	a2,a0
     996:	8522                	mv	a0,s0
     998:	5b6010ef          	jal	ra,1f4e <flashfs_file_seek>
     99c:	b395                	j	700 <get_packet+0x4f8>
     99e:	20000437          	lui	s0,0x20000
     9a2:	15040513          	addi	a0,s0,336 # 20000150 <mega_buffer>
     9a6:	2c6d                	jal	c60 <comms_recv_string>
     9a8:	15040513          	addi	a0,s0,336
     9ac:	5f4010ef          	jal	ra,1fa0 <flashfs_mkdir>
     9b0:	bb81                	j	700 <get_packet+0x4f8>
     9b2:	20000437          	lui	s0,0x20000
     9b6:	15040513          	addi	a0,s0,336 # 20000150 <mega_buffer>
     9ba:	245d                	jal	c60 <comms_recv_string>
     9bc:	15040513          	addi	a0,s0,336
     9c0:	5f6010ef          	jal	ra,1fb6 <flashfs_dir_open>
     9c4:	bb35                	j	700 <get_packet+0x4f8>
     9c6:	24ad                	jal	c30 <comms_recv_u32>
     9c8:	630010ef          	jal	ra,1ff8 <flashfs_dir_close>
     9cc:	bb15                	j	700 <get_packet+0x4f8>

000009ce <i2c_device_init>:
     9ce:	f62ff2ef          	jal	t0,130 <__riscv_save_0>
     9d2:	1101                	addi	sp,sp,-32
     9d4:	842a                	mv	s0,a0
     9d6:	4585                	li	a1,1
     9d8:	4525                	li	a0,9
     9da:	c202                	sw	zero,4(sp)
     9dc:	c402                	sw	zero,8(sp)
     9de:	c602                	sw	zero,12(sp)
     9e0:	c802                	sw	zero,16(sp)
     9e2:	ca02                	sw	zero,20(sp)
     9e4:	cc02                	sw	zero,24(sp)
     9e6:	ce02                	sw	zero,28(sp)
     9e8:	408070ef          	jal	ra,7df0 <RCC_APB2PeriphClockCmd>
     9ec:	4585                	li	a1,1
     9ee:	00200537          	lui	a0,0x200
     9f2:	41c070ef          	jal	ra,7e0e <RCC_APB1PeriphClockCmd>
     9f6:	4585                	li	a1,1
     9f8:	4509                	li	a0,2
     9fa:	7df060ef          	jal	ra,79d8 <GPIO_PinRemapConfig>
     9fe:	30000793          	li	a5,768
     a02:	827c                	sh	a5,4(sp)
     a04:	40011537          	lui	a0,0x40011
     a08:	47f1                	li	a5,28
     a0a:	c63e                	sw	a5,12(sp)
     a0c:	004c                	addi	a1,sp,4
     a0e:	478d                	li	a5,3
     a10:	c0050513          	addi	a0,a0,-1024 # 40010c00 <_eusrstack+0x2000bc00>
     a14:	c43e                	sw	a5,8(sp)
     a16:	6d1060ef          	jal	ra,78e6 <GPIO_Init>
     a1a:	67e1                	lui	a5,0x18
     a1c:	6a078793          	addi	a5,a5,1696 # 186a0 <_data_lma+0xd654>
     a20:	c83e                	sw	a5,16(sp)
     a22:	0406                	slli	s0,s0,0x1
     a24:	400007b7          	lui	a5,0x40000
     a28:	ca3e                	sw	a5,20(sp)
     a2a:	84e0                	sh	s0,24(sp)
     a2c:	40000793          	li	a5,1024
     a30:	40005437          	lui	s0,0x40005
     a34:	85fc                	sh	a5,26(sp)
     a36:	080c                	addi	a1,sp,16
     a38:	6791                	lui	a5,0x4
     a3a:	40040513          	addi	a0,s0,1024 # 40005400 <_eusrstack+0x20000400>
     a3e:	86fc                	sh	a5,28(sp)
     a40:	0b6070ef          	jal	ra,7af6 <I2C_Init>
     a44:	40040513          	addi	a0,s0,1024
     a48:	4585                	li	a1,1
     a4a:	1a4070ef          	jal	ra,7bee <I2C_Cmd>
     a4e:	4585                	li	a1,1
     a50:	40040513          	addi	a0,s0,1024
     a54:	1b2070ef          	jal	ra,7c06 <I2C_AcknowledgeConfig>
     a58:	6105                	addi	sp,sp,32
     a5a:	efaff06f          	j	154 <__riscv_restore_0>

00000a5e <i2c_device_read>:
     a5e:	c9bd                	beqz	a1,ad4 <i2c_device_read+0x76>
     a60:	eb6ff2ef          	jal	t0,116 <__riscv_save_4>
     a64:	100004b7          	lui	s1,0x10000
     a68:	40005437          	lui	s0,0x40005
     a6c:	8aae                	mv	s5,a1
     a6e:	8a2a                	mv	s4,a0
     a70:	0489                	addi	s1,s1,2
     a72:	40040913          	addi	s2,s0,1024 # 40005400 <_eusrstack+0x20000400>
     a76:	85a6                	mv	a1,s1
     a78:	854a                	mv	a0,s2
     a7a:	1c8070ef          	jal	ra,7c42 <I2C_GetFlagStatus>
     a7e:	dd65                	beqz	a0,a76 <i2c_device_read+0x18>
     a80:	40040413          	addi	s0,s0,1024
     a84:	285e                	lhu	a5,20(s0)
     a86:	2c1e                	lhu	a5,24(s0)
     a88:	4901                	li	s2,0
     a8a:	100007b7          	lui	a5,0x10000
     a8e:	04078b13          	addi	s6,a5,64 # 10000040 <_data_lma+0xfff4ff4>
     a92:	400059b7          	lui	s3,0x40005
     a96:	01078493          	addi	s1,a5,16
     a9a:	85da                	mv	a1,s6
     a9c:	8522                	mv	a0,s0
     a9e:	1a4070ef          	jal	ra,7c42 <I2C_GetFlagStatus>
     aa2:	c911                	beqz	a0,ab6 <i2c_device_read+0x58>
     aa4:	8522                	mv	a0,s0
     aa6:	17e070ef          	jal	ra,7c24 <I2C_ReceiveData>
     aaa:	01597663          	bgeu	s2,s5,ab6 <i2c_device_read+0x58>
     aae:	012a07b3          	add	a5,s4,s2
     ab2:	a388                	sb	a0,0(a5)
     ab4:	0905                	addi	s2,s2,1
     ab6:	85a6                	mv	a1,s1
     ab8:	8522                	mv	a0,s0
     aba:	188070ef          	jal	ra,7c42 <I2C_GetFlagStatus>
     abe:	dd71                	beqz	a0,a9a <i2c_device_read+0x3c>
     ac0:	4149d783          	lhu	a5,1044(s3) # 40005414 <_eusrstack+0x20000414>
     ac4:	4009d783          	lhu	a5,1024(s3)
     ac8:	0017e793          	ori	a5,a5,1
     acc:	40f99023          	sh	a5,1024(s3)
     ad0:	e7aff06f          	j	14a <__riscv_restore_4>
     ad4:	8082                	ret

00000ad6 <i2c_device_write>:
     ad6:	c5d1                	beqz	a1,b62 <i2c_device_write+0x8c>
     ad8:	e30ff2ef          	jal	t0,108 <__riscv_save_10>
     adc:	000604b7          	lui	s1,0x60
     ae0:	40005437          	lui	s0,0x40005
     ae4:	8aae                	mv	s5,a1
     ae6:	8a2a                	mv	s4,a0
     ae8:	08248493          	addi	s1,s1,130 # 60082 <_data_lma+0x55036>
     aec:	40040413          	addi	s0,s0,1024 # 40005400 <_eusrstack+0x20000400>
     af0:	85a6                	mv	a1,s1
     af2:	8522                	mv	a0,s0
     af4:	138070ef          	jal	ra,7c2c <I2C_CheckEvent>
     af8:	dd65                	beqz	a0,af0 <i2c_device_write+0x1a>
     afa:	100009b7          	lui	s3,0x10000
     afe:	40005437          	lui	s0,0x40005
     b02:	4901                	li	s2,0
     b04:	08098b93          	addi	s7,s3,128 # 10000080 <_data_lma+0xfff5034>
     b08:	40040493          	addi	s1,s0,1024 # 40005400 <_eusrstack+0x20000400>
     b0c:	40098c13          	addi	s8,s3,1024
     b10:	01098b13          	addi	s6,s3,16
     b14:	85de                	mv	a1,s7
     b16:	8526                	mv	a0,s1
     b18:	12a070ef          	jal	ra,7c42 <I2C_GetFlagStatus>
     b1c:	c911                	beqz	a0,b30 <i2c_device_write+0x5a>
     b1e:	01597963          	bgeu	s2,s5,b30 <i2c_device_write+0x5a>
     b22:	012a07b3          	add	a5,s4,s2
     b26:	238c                	lbu	a1,0(a5)
     b28:	8526                	mv	a0,s1
     b2a:	0905                	addi	s2,s2,1
     b2c:	0f4070ef          	jal	ra,7c20 <I2C_SendData>
     b30:	85e2                	mv	a1,s8
     b32:	8526                	mv	a0,s1
     b34:	10e070ef          	jal	ra,7c42 <I2C_GetFlagStatus>
     b38:	c909                	beqz	a0,b4a <i2c_device_write+0x74>
     b3a:	40098593          	addi	a1,s3,1024
     b3e:	40040513          	addi	a0,s0,1024
     b42:	132070ef          	jal	ra,7c74 <I2C_ClearFlag>
     b46:	dfaff06f          	j	140 <__riscv_restore_10>
     b4a:	85da                	mv	a1,s6
     b4c:	8526                	mv	a0,s1
     b4e:	0f4070ef          	jal	ra,7c42 <I2C_GetFlagStatus>
     b52:	d169                	beqz	a0,b14 <i2c_device_write+0x3e>
     b54:	40040513          	addi	a0,s0,1024
     b58:	295e                	lhu	a5,20(a0)
     b5a:	4585                	li	a1,1
     b5c:	092070ef          	jal	ra,7bee <I2C_Cmd>
     b60:	b7dd                	j	b46 <i2c_device_write+0x70>
     b62:	8082                	ret

00000b64 <comms_init>:
     b64:	dccff2ef          	jal	t0,130 <__riscv_save_0>
     b68:	82a1a023          	sw	a0,-2016(gp) # 20000108 <_edata>
     b6c:	4705                	li	a4,1
     b6e:	00e51a63          	bne	a0,a4,b82 <comms_init+0x1e>
     b72:	2341                	jal	10f2 <USBFS_RCC_Init>
     b74:	555000ef          	jal	ra,18c8 <usbSerial_begin>
     b78:	573000ef          	jal	ra,18ea <usbSerial_connected>
     b7c:	dd75                	beqz	a0,b78 <comms_init+0x14>
     b7e:	dd6ff06f          	j	154 <__riscv_restore_0>
     b82:	4709                	li	a4,2
     b84:	fee51de3          	bne	a0,a4,b7e <comms_init+0x1a>
     b88:	852e                	mv	a0,a1
     b8a:	3591                	jal	9ce <i2c_device_init>
     b8c:	bfcd                	j	b7e <comms_init+0x1a>

00000b8e <comms_send_buffer>:
     b8e:	da2ff2ef          	jal	t0,130 <__riscv_save_0>
     b92:	8201a783          	lw	a5,-2016(gp) # 20000108 <_edata>
     b96:	4685                	li	a3,1
     b98:	00d79863          	bne	a5,a3,ba8 <comms_send_buffer+0x1a>
     b9c:	05c2                	slli	a1,a1,0x10
     b9e:	81c1                	srli	a1,a1,0x10
     ba0:	781000ef          	jal	ra,1b20 <usbSerial_blocking_writeP>
     ba4:	db0ff06f          	j	154 <__riscv_restore_0>
     ba8:	4709                	li	a4,2
     baa:	fee79de3          	bne	a5,a4,ba4 <comms_send_buffer+0x16>
     bae:	3725                	jal	ad6 <i2c_device_write>
     bb0:	bfd5                	j	ba4 <comms_send_buffer+0x16>

00000bb2 <comms_send_u32>:
     bb2:	d7eff2ef          	jal	t0,130 <__riscv_save_0>
     bb6:	1141                	addi	sp,sp,-16
     bb8:	c62a                	sw	a0,12(sp)
     bba:	4591                	li	a1,4
     bbc:	0068                	addi	a0,sp,12
     bbe:	3fc1                	jal	b8e <comms_send_buffer>
     bc0:	0141                	addi	sp,sp,16
     bc2:	d92ff06f          	j	154 <__riscv_restore_0>

00000bc6 <comms_send_array>:
     bc6:	d6aff2ef          	jal	t0,130 <__riscv_save_0>
     bca:	1141                	addi	sp,sp,-16
     bcc:	842a                	mv	s0,a0
     bce:	852e                	mv	a0,a1
     bd0:	c62e                	sw	a1,12(sp)
     bd2:	37c5                	jal	bb2 <comms_send_u32>
     bd4:	45b2                	lw	a1,12(sp)
     bd6:	8522                	mv	a0,s0
     bd8:	3f5d                	jal	b8e <comms_send_buffer>
     bda:	0141                	addi	sp,sp,16
     bdc:	d78ff06f          	j	154 <__riscv_restore_0>

00000be0 <comms_send_string>:
     be0:	d50ff2ef          	jal	t0,130 <__riscv_save_0>
     be4:	842a                	mv	s0,a0
     be6:	7d0080ef          	jal	ra,93b6 <strlen>
     bea:	85aa                	mv	a1,a0
     bec:	8522                	mv	a0,s0
     bee:	3fe1                	jal	bc6 <comms_send_array>
     bf0:	d64ff06f          	j	154 <__riscv_restore_0>

00000bf4 <comms_recv_buffer>:
     bf4:	d3cff2ef          	jal	t0,130 <__riscv_save_0>
     bf8:	8201a783          	lw	a5,-2016(gp) # 20000108 <_edata>
     bfc:	4605                	li	a2,1
     bfe:	00c79963          	bne	a5,a2,c10 <comms_recv_buffer+0x1c>
     c02:	872e                	mv	a4,a1
     c04:	85aa                	mv	a1,a0
     c06:	853a                	mv	a0,a4
     c08:	5ef000ef          	jal	ra,19f6 <usbSerial_blocking_read_bytes>
     c0c:	d48ff06f          	j	154 <__riscv_restore_0>
     c10:	4709                	li	a4,2
     c12:	fee79de3          	bne	a5,a4,c0c <comms_recv_buffer+0x18>
     c16:	35a1                	jal	a5e <i2c_device_read>
     c18:	bfd5                	j	c0c <comms_recv_buffer+0x18>

00000c1a <comms_recv_u8>:
     c1a:	d16ff2ef          	jal	t0,130 <__riscv_save_0>
     c1e:	1141                	addi	sp,sp,-16
     c20:	00f10513          	addi	a0,sp,15
     c24:	4585                	li	a1,1
     c26:	37f9                	jal	bf4 <comms_recv_buffer>
     c28:	8788                	lbu	a0,15(sp)
     c2a:	0141                	addi	sp,sp,16
     c2c:	d28ff06f          	j	154 <__riscv_restore_0>

00000c30 <comms_recv_u32>:
     c30:	d00ff2ef          	jal	t0,130 <__riscv_save_0>
     c34:	1141                	addi	sp,sp,-16
     c36:	0068                	addi	a0,sp,12
     c38:	4591                	li	a1,4
     c3a:	3f6d                	jal	bf4 <comms_recv_buffer>
     c3c:	4532                	lw	a0,12(sp)
     c3e:	0141                	addi	sp,sp,16
     c40:	d14ff06f          	j	154 <__riscv_restore_0>

00000c44 <comms_recv_array>:
     c44:	cecff2ef          	jal	t0,130 <__riscv_save_0>
     c48:	1141                	addi	sp,sp,-16
     c4a:	842a                	mv	s0,a0
     c4c:	c62e                	sw	a1,12(sp)
     c4e:	37cd                	jal	c30 <comms_recv_u32>
     c50:	45b2                	lw	a1,12(sp)
     c52:	c188                	sw	a0,0(a1)
     c54:	85aa                	mv	a1,a0
     c56:	8522                	mv	a0,s0
     c58:	3f71                	jal	bf4 <comms_recv_buffer>
     c5a:	0141                	addi	sp,sp,16
     c5c:	cf8ff06f          	j	154 <__riscv_restore_0>

00000c60 <comms_recv_string>:
     c60:	cd0ff2ef          	jal	t0,130 <__riscv_save_0>
     c64:	1141                	addi	sp,sp,-16
     c66:	006c                	addi	a1,sp,12
     c68:	842a                	mv	s0,a0
     c6a:	3fe9                	jal	c44 <comms_recv_array>
     c6c:	47b2                	lw	a5,12(sp)
     c6e:	943e                	add	s0,s0,a5
     c70:	00040023          	sb	zero,0(s0)
     c74:	0141                	addi	sp,sp,16
     c76:	cdeff06f          	j	154 <__riscv_restore_0>

00000c7a <run>:
     c7a:	c86ff2ef          	jal	t0,100 <__riscv_save_12>
     c7e:	715d                	addi	sp,sp,-80
     c80:	c42a                	sw	a0,8(sp)
     c82:	842e                	mv	s0,a1
     c84:	8ab6                	mv	s5,a3
     c86:	8b3a                	mv	s6,a4
     c88:	89be                	mv	s3,a5
     c8a:	8942                	mv	s2,a6
     c8c:	4481                	li	s1,0
     c8e:	4d01                	li	s10,0
     c90:	4bdd                	li	s7,23
     c92:	02100c13          	li	s8,33
     c96:	02300c93          	li	s9,35
     c9a:	02400d93          	li	s11,36
     c9e:	47a2                	lw	a5,8(sp)
     ca0:	463d                	li	a2,15
     ca2:	0ff00513          	li	a0,255
     ca6:	01a78733          	add	a4,a5,s10
     caa:	2314                	lbu	a3,0(a4)
     cac:	45fd                	li	a1,31
     cae:	4861                	li	a6,24
     cb0:	2ac68063          	beq	a3,a2,f50 <run+0x2d6>
     cb4:	0ad66663          	bltu	a2,a3,d60 <run+0xe6>
     cb8:	461d                	li	a2,7
     cba:	14c68563          	beq	a3,a2,e04 <run+0x18a>
     cbe:	06d66063          	bltu	a2,a3,d1e <run+0xa4>
     cc2:	460d                	li	a2,3
     cc4:	1ec68d63          	beq	a3,a2,ebe <run+0x244>
     cc8:	00d66f63          	bltu	a2,a3,ce6 <run+0x6c>
     ccc:	4605                	li	a2,1
     cce:	004d0793          	addi	a5,s10,4
     cd2:	12c68263          	beq	a3,a2,df6 <run+0x17c>
     cd6:	12d67563          	bgeu	a2,a3,e00 <run+0x186>
     cda:	2336                	lhu	a3,2(a4)
     cdc:	40011737          	lui	a4,0x40011
     ce0:	80d72a23          	sw	a3,-2028(a4) # 40010814 <_eusrstack+0x2000b814>
     ce4:	aa31                	j	e00 <run+0x186>
     ce6:	4615                	li	a2,5
     ce8:	1ac68563          	beq	a3,a2,e92 <run+0x218>
     cec:	1ed67b63          	bgeu	a2,a3,ee2 <run+0x268>
     cf0:	2334                	lbu	a3,2(a4)
     cf2:	3328                	lbu	a0,3(a4)
     cf4:	4a05                	li	s4,1
     cf6:	c636                	sw	a3,12(sp)
     cf8:	60c070ef          	jal	ra,8304 <start_timer_us_u8>
     cfc:	46b2                	lw	a3,12(sp)
     cfe:	00da1a33          	sll	s4,s4,a3
     d02:	400116b7          	lui	a3,0x40011
     d06:	8086a703          	lw	a4,-2040(a3) # 40010808 <_eusrstack+0x2000b808>
     d0a:	01477733          	and	a4,a4,s4
     d0e:	12071163          	bnez	a4,e30 <run+0x1b6>
     d12:	604070ef          	jal	ra,8316 <has_timer_timeout>
     d16:	400116b7          	lui	a3,0x40011
     d1a:	d575                	beqz	a0,d06 <run+0x8c>
     d1c:	aa11                	j	e30 <run+0x1b6>
     d1e:	462d                	li	a2,11
     d20:	26c68963          	beq	a3,a2,f92 <run+0x318>
     d24:	00d66b63          	bltu	a2,a3,d3a <run+0xc0>
     d28:	4625                	li	a2,9
     d2a:	26c68063          	beq	a3,a2,f8a <run+0x310>
     d2e:	12d67063          	bgeu	a2,a3,e4e <run+0x1d4>
     d32:	232a                	lhu	a0,2(a4)
     d34:	50c070ef          	jal	ra,8240 <Delay_Us>
     d38:	a86d                	j	df2 <run+0x178>
     d3a:	40011637          	lui	a2,0x40011
     d3e:	45b5                	li	a1,13
     d40:	004d0793          	addi	a5,s10,4
     d44:	80060613          	addi	a2,a2,-2048 # 40010800 <_eusrstack+0x2000b800>
     d48:	1cb68263          	beq	a3,a1,f0c <run+0x292>
     d4c:	1ed5f063          	bgeu	a1,a3,f2c <run+0x2b2>
     d50:	2338                	lbu	a4,2(a4)
     d52:	4654                	lw	a3,12(a2)
     d54:	9722                	add	a4,a4,s0
     d56:	2318                	lbu	a4,0(a4)
     d58:	9ac1                	andi	a3,a3,-16
     d5a:	8f55                	or	a4,a4,a3
     d5c:	c658                	sw	a4,12(a2)
     d5e:	a04d                	j	e00 <run+0x186>
     d60:	21768663          	beq	a3,s7,f6c <run+0x2f2>
     d64:	04dbe463          	bltu	s7,a3,dac <run+0x132>
     d68:	464d                	li	a2,19
     d6a:	08c68063          	beq	a3,a2,dea <run+0x170>
     d6e:	02d66163          	bltu	a2,a3,d90 <run+0x116>
     d72:	4645                	li	a2,17
     d74:	0d11                	addi	s10,s10,4
     d76:	02800593          	li	a1,40
     d7a:	00c68763          	beq	a3,a2,d88 <run+0x10e>
     d7e:	4591                	li	a1,4
     d80:	00d67463          	bgeu	a2,a3,d88 <run+0x10e>
     d84:	04800593          	li	a1,72
     d88:	2328                	lbu	a0,2(a4)
     d8a:	312010ef          	jal	ra,209c <gpio_init_pin>
     d8e:	bf01                	j	c9e <run+0x24>
     d90:	4655                	li	a2,21
     d92:	20c68463          	beq	a3,a2,f9a <run+0x320>
     d96:	45d1                	li	a1,20
     d98:	04d67a63          	bgeu	a2,a3,dec <run+0x172>
     d9c:	14fd                	addi	s1,s1,-1
     d9e:	00249793          	slli	a5,s1,0x2
     da2:	0898                	addi	a4,sp,80
     da4:	97ba                	add	a5,a5,a4
     da6:	fc07ad03          	lw	s10,-64(a5)
     daa:	bdd5                	j	c9e <run+0x24>
     dac:	21868763          	beq	a3,s8,fba <run+0x340>
     db0:	02dc6263          	bltu	s8,a3,dd4 <run+0x15a>
     db4:	1eb68f63          	beq	a3,a1,fb2 <run+0x338>
     db8:	22d5ed63          	bltu	a1,a3,ff2 <run+0x378>
     dbc:	ef069ae3          	bne	a3,a6,cb0 <run+0x36>
     dc0:	400116b7          	lui	a3,0x40011
     dc4:	80068693          	addi	a3,a3,-2048 # 40010800 <_eusrstack+0x2000b800>
     dc8:	4694                	lw	a3,8(a3)
     dca:	2338                	lbu	a4,2(a4)
     dcc:	82a1                	srli	a3,a3,0x8
     dce:	9722                	add	a4,a4,s0
     dd0:	a314                	sb	a3,0(a4)
     dd2:	a005                	j	df2 <run+0x178>
     dd4:	23968963          	beq	a3,s9,1006 <run+0x38c>
     dd8:	2596ef63          	bltu	a3,s9,1036 <run+0x3bc>
     ddc:	1bb68063          	beq	a3,s11,f7c <run+0x302>
     de0:	eca698e3          	bne	a3,a0,cb0 <run+0x36>
     de4:	6161                	addi	sp,sp,80
     de6:	b56ff06f          	j	13c <__riscv_restore_12>
     dea:	45c1                	li	a1,16
     dec:	2328                	lbu	a0,2(a4)
     dee:	2ae010ef          	jal	ra,209c <gpio_init_pin>
     df2:	0d11                	addi	s10,s10,4
     df4:	b56d                	j	c9e <run+0x24>
     df6:	2336                	lhu	a3,2(a4)
     df8:	40011737          	lui	a4,0x40011
     dfc:	80d72823          	sw	a3,-2032(a4) # 40010810 <_eusrstack+0x2000b810>
     e00:	8d3e                	mv	s10,a5
     e02:	bd71                	j	c9e <run+0x24>
     e04:	3328                	lbu	a0,3(a4)
     e06:	00274a03          	lbu	s4,2(a4)
     e0a:	4fa070ef          	jal	ra,8304 <start_timer_us_u8>
     e0e:	4705                	li	a4,1
     e10:	01471a33          	sll	s4,a4,s4
     e14:	400116b7          	lui	a3,0x40011
     e18:	8086a703          	lw	a4,-2040(a3) # 40010808 <_eusrstack+0x2000b808>
     e1c:	01477733          	and	a4,a4,s4
     e20:	eb19                	bnez	a4,e36 <run+0x1bc>
     e22:	400116b7          	lui	a3,0x40011
     e26:	8086a703          	lw	a4,-2040(a3) # 40010808 <_eusrstack+0x2000b808>
     e2a:	00ea7733          	and	a4,s4,a4
     e2e:	cb11                	beqz	a4,e42 <run+0x1c8>
     e30:	4f0070ef          	jal	ra,8320 <reset_timer>
     e34:	bf7d                	j	df2 <run+0x178>
     e36:	4e0070ef          	jal	ra,8316 <has_timer_timeout>
     e3a:	400116b7          	lui	a3,0x40011
     e3e:	dd69                	beqz	a0,e18 <run+0x19e>
     e40:	b7cd                	j	e22 <run+0x1a8>
     e42:	4d4070ef          	jal	ra,8316 <has_timer_timeout>
     e46:	400116b7          	lui	a3,0x40011
     e4a:	dd71                	beqz	a0,e26 <run+0x1ac>
     e4c:	b7d5                	j	e30 <run+0x1b6>
     e4e:	3328                	lbu	a0,3(a4)
     e50:	00274a03          	lbu	s4,2(a4)
     e54:	4b0070ef          	jal	ra,8304 <start_timer_us_u8>
     e58:	4705                	li	a4,1
     e5a:	01471a33          	sll	s4,a4,s4
     e5e:	400116b7          	lui	a3,0x40011
     e62:	8086a703          	lw	a4,-2040(a3) # 40010808 <_eusrstack+0x2000b808>
     e66:	01477733          	and	a4,a4,s4
     e6a:	cf11                	beqz	a4,e86 <run+0x20c>
     e6c:	400116b7          	lui	a3,0x40011
     e70:	8086a703          	lw	a4,-2040(a3) # 40010808 <_eusrstack+0x2000b808>
     e74:	00ea7733          	and	a4,s4,a4
     e78:	df45                	beqz	a4,e30 <run+0x1b6>
     e7a:	49c070ef          	jal	ra,8316 <has_timer_timeout>
     e7e:	400116b7          	lui	a3,0x40011
     e82:	d57d                	beqz	a0,e70 <run+0x1f6>
     e84:	b775                	j	e30 <run+0x1b6>
     e86:	490070ef          	jal	ra,8316 <has_timer_timeout>
     e8a:	400116b7          	lui	a3,0x40011
     e8e:	d971                	beqz	a0,e62 <run+0x1e8>
     e90:	bff1                	j	e6c <run+0x1f2>
     e92:	2334                	lbu	a3,2(a4)
     e94:	3328                	lbu	a0,3(a4)
     e96:	4a05                	li	s4,1
     e98:	c636                	sw	a3,12(sp)
     e9a:	46a070ef          	jal	ra,8304 <start_timer_us_u8>
     e9e:	46b2                	lw	a3,12(sp)
     ea0:	00da1a33          	sll	s4,s4,a3
     ea4:	400116b7          	lui	a3,0x40011
     ea8:	8086a703          	lw	a4,-2040(a3) # 40010808 <_eusrstack+0x2000b808>
     eac:	01477733          	and	a4,a4,s4
     eb0:	d341                	beqz	a4,e30 <run+0x1b6>
     eb2:	464070ef          	jal	ra,8316 <has_timer_timeout>
     eb6:	400116b7          	lui	a3,0x40011
     eba:	d57d                	beqz	a0,ea8 <run+0x22e>
     ebc:	bf95                	j	e30 <run+0x1b6>
     ebe:	400116b7          	lui	a3,0x40011
     ec2:	8086a603          	lw	a2,-2040(a3) # 40010808 <_eusrstack+0x2000b808>
     ec6:	232c                	lbu	a1,2(a4)
     ec8:	3334                	lbu	a3,3(a4)
     eca:	4705                	li	a4,1
     ecc:	00b71733          	sll	a4,a4,a1
     ed0:	96a2                	add	a3,a3,s0
     ed2:	8f71                	and	a4,a4,a2
     ed4:	2290                	lbu	a2,0(a3)
     ed6:	00e03733          	snez	a4,a4
     eda:	0606                	slli	a2,a2,0x1
     edc:	8f51                	or	a4,a4,a2
     ede:	a298                	sb	a4,0(a3)
     ee0:	bf09                	j	df2 <run+0x178>
     ee2:	3330                	lbu	a2,3(a4)
     ee4:	232c                	lbu	a1,2(a4)
     ee6:	9622                	add	a2,a2,s0
     ee8:	2218                	lbu	a4,0(a2)
     eea:	00175693          	srli	a3,a4,0x1
     eee:	a214                	sb	a3,0(a2)
     ef0:	4685                	li	a3,1
     ef2:	00177613          	andi	a2,a4,1
     ef6:	40011737          	lui	a4,0x40011
     efa:	00b696b3          	sll	a3,a3,a1
     efe:	80070713          	addi	a4,a4,-2048 # 40010800 <_eusrstack+0x2000b800>
     f02:	c219                	beqz	a2,f08 <run+0x28e>
     f04:	cb14                	sw	a3,16(a4)
     f06:	b5f5                	j	df2 <run+0x178>
     f08:	cb54                	sw	a3,20(a4)
     f0a:	b5e5                	j	df2 <run+0x178>
     f0c:	3334                	lbu	a3,3(a4)
     f0e:	232c                	lbu	a1,2(a4)
     f10:	4610                	lw	a2,8(a2)
     f12:	4705                	li	a4,1
     f14:	96a2                	add	a3,a3,s0
     f16:	00b71733          	sll	a4,a4,a1
     f1a:	8f71                	and	a4,a4,a2
     f1c:	2290                	lbu	a2,0(a3)
     f1e:	00e03733          	snez	a4,a4
     f22:	071e                	slli	a4,a4,0x7
     f24:	8205                	srli	a2,a2,0x1
     f26:	8f51                	or	a4,a4,a2
     f28:	a298                	sb	a4,0(a3)
     f2a:	bdd9                	j	e00 <run+0x186>
     f2c:	332c                	lbu	a1,3(a4)
     f2e:	2328                	lbu	a0,2(a4)
     f30:	95a2                	add	a1,a1,s0
     f32:	2194                	lbu	a3,0(a1)
     f34:	00169713          	slli	a4,a3,0x1
     f38:	06e2                	slli	a3,a3,0x18
     f3a:	a198                	sb	a4,0(a1)
     f3c:	86e1                	srai	a3,a3,0x18
     f3e:	4705                	li	a4,1
     f40:	00a71733          	sll	a4,a4,a0
     f44:	0006d463          	bgez	a3,f4c <run+0x2d2>
     f48:	ca18                	sw	a4,16(a2)
     f4a:	bd5d                	j	e00 <run+0x186>
     f4c:	ca58                	sw	a4,20(a2)
     f4e:	bd4d                	j	e00 <run+0x186>
     f50:	2338                	lbu	a4,2(a4)
     f52:	400116b7          	lui	a3,0x40011
     f56:	80c6a603          	lw	a2,-2036(a3) # 4001080c <_eusrstack+0x2000b80c>
     f5a:	9722                	add	a4,a4,s0
     f5c:	2318                	lbu	a4,0(a4)
     f5e:	f0f67613          	andi	a2,a2,-241
     f62:	0722                	slli	a4,a4,0x8
     f64:	8f51                	or	a4,a4,a2
     f66:	80e6a623          	sw	a4,-2036(a3)
     f6a:	b561                	j	df2 <run+0x178>
     f6c:	400116b7          	lui	a3,0x40011
     f70:	80068693          	addi	a3,a3,-2048 # 40010800 <_eusrstack+0x2000b800>
     f74:	4694                	lw	a3,8(a3)
     f76:	2338                	lbu	a4,2(a4)
     f78:	9722                	add	a4,a4,s0
     f7a:	bd99                	j	dd0 <run+0x156>
     f7c:	2336                	lhu	a3,2(a4)
     f7e:	4701                	li	a4,0
     f80:	e6d759e3          	bge	a4,a3,df2 <run+0x178>
     f84:	0001                	nop
     f86:	0705                	addi	a4,a4,1
     f88:	bfe5                	j	f80 <run+0x306>
     f8a:	232a                	lhu	a0,2(a4)
     f8c:	320070ef          	jal	ra,82ac <Delay_Ticks>
     f90:	b58d                	j	df2 <run+0x178>
     f92:	232a                	lhu	a0,2(a4)
     f94:	2e2070ef          	jal	ra,8276 <Delay_Ms>
     f98:	bda9                	j	df2 <run+0x178>
     f9a:	00249693          	slli	a3,s1,0x2
     f9e:	089c                	addi	a5,sp,80
     fa0:	96be                	add	a3,a3,a5
     fa2:	004d0793          	addi	a5,s10,4
     fa6:	fcf6a023          	sw	a5,-64(a3)
     faa:	00275d03          	lhu	s10,2(a4)
     fae:	0485                	addi	s1,s1,1
     fb0:	b1fd                	j	c9e <run+0x24>
     fb2:	3334                	lbu	a3,3(a4)
     fb4:	96a2                	add	a3,a3,s0
     fb6:	2294                	lbu	a3,0(a3)
     fb8:	bf7d                	j	f76 <run+0x2fc>
     fba:	00092683          	lw	a3,0(s2)
     fbe:	40011637          	lui	a2,0x40011
     fc2:	2338                	lbu	a4,2(a4)
     fc4:	80862803          	lw	a6,-2040(a2) # 40010808 <_eusrstack+0x2000b808>
     fc8:	4585                	li	a1,1
     fca:	0076f613          	andi	a2,a3,7
     fce:	00c59633          	sll	a2,a1,a2
     fd2:	828d                	srli	a3,a3,0x3
     fd4:	00e595b3          	sll	a1,a1,a4
     fd8:	96da                	add	a3,a3,s6
     fda:	0105f5b3          	and	a1,a1,a6
     fde:	2288                	lbu	a0,0(a3)
     fe0:	cd99                	beqz	a1,ffe <run+0x384>
     fe2:	8e49                	or	a2,a2,a0
     fe4:	a290                	sb	a2,0(a3)
     fe6:	00092703          	lw	a4,0(s2)
     fea:	0705                	addi	a4,a4,1
     fec:	00e92023          	sw	a4,0(s2)
     ff0:	b509                	j	df2 <run+0x178>
     ff2:	00092603          	lw	a2,0(s2)
     ff6:	7ff00693          	li	a3,2047
     ffa:	8e91                	sub	a3,a3,a2
     ffc:	b7c9                	j	fbe <run+0x344>
     ffe:	fff64613          	not	a2,a2
    1002:	8e69                	and	a2,a2,a0
    1004:	b7c5                	j	fe4 <run+0x36a>
    1006:	2330                	lbu	a2,2(a4)
    1008:	0009a703          	lw	a4,0(s3)
    100c:	177d                	addi	a4,a4,-1
    100e:	00e9a023          	sw	a4,0(s3)
    1012:	00375593          	srli	a1,a4,0x3
    1016:	95d6                	add	a1,a1,s5
    1018:	218c                	lbu	a1,0(a1)
    101a:	4685                	li	a3,1
    101c:	8b1d                	andi	a4,a4,7
    101e:	00e69733          	sll	a4,a3,a4
    1022:	00c69633          	sll	a2,a3,a2
    1026:	8f6d                	and	a4,a4,a1
    1028:	400116b7          	lui	a3,0x40011
    102c:	80068693          	addi	a3,a3,-2048 # 40010800 <_eusrstack+0x2000b800>
    1030:	cf11                	beqz	a4,104c <run+0x3d2>
    1032:	ca90                	sw	a2,16(a3)
    1034:	bb7d                	j	df2 <run+0x178>
    1036:	2330                	lbu	a2,2(a4)
    1038:	0009a703          	lw	a4,0(s3)
    103c:	fff70693          	addi	a3,a4,-1
    1040:	7ff00713          	li	a4,2047
    1044:	00d9a023          	sw	a3,0(s3)
    1048:	8f15                	sub	a4,a4,a3
    104a:	b7e1                	j	1012 <run+0x398>
    104c:	cad0                	sw	a2,20(a3)
    104e:	b355                	j	df2 <run+0x178>

00001050 <reads_registers>:
    1050:	818016b7          	lui	a3,0x81801
    1054:	4701                	li	a4,0
    1056:	467d                	li	a2,31
    1058:	06c1                	addi	a3,a3,16
    105a:	00b76463          	bltu	a4,a1,1062 <reads_registers+0x12>
    105e:	4501                	li	a0,0
    1060:	8082                	ret
    1062:	00e507b3          	add	a5,a0,a4
    1066:	239c                	lbu	a5,0(a5)
    1068:	00f66663          	bltu	a2,a5,1074 <reads_registers+0x24>
    106c:	00f6d7b3          	srl	a5,a3,a5
    1070:	8b85                	andi	a5,a5,1
    1072:	e399                	bnez	a5,1078 <reads_registers+0x28>
    1074:	070d                	addi	a4,a4,3
    1076:	b7d5                	j	105a <reads_registers+0xa>
    1078:	4505                	li	a0,1
    107a:	8082                	ret

0000107c <writes_registers>:
    107c:	8000e6b7          	lui	a3,0x8000e
    1080:	4701                	li	a4,0
    1082:	467d                	li	a2,31
    1084:	06a1                	addi	a3,a3,8
    1086:	00b76463          	bltu	a4,a1,108e <writes_registers+0x12>
    108a:	4501                	li	a0,0
    108c:	8082                	ret
    108e:	00e507b3          	add	a5,a0,a4
    1092:	239c                	lbu	a5,0(a5)
    1094:	00f66663          	bltu	a2,a5,10a0 <writes_registers+0x24>
    1098:	00f6d7b3          	srl	a5,a3,a5
    109c:	8b85                	andi	a5,a5,1
    109e:	e399                	bnez	a5,10a4 <writes_registers+0x28>
    10a0:	0711                	addi	a4,a4,4
    10a2:	b7d5                	j	1086 <writes_registers+0xa>
    10a4:	4505                	li	a0,1
    10a6:	8082                	ret

000010a8 <reads_pile>:
    10a8:	4701                	li	a4,0
    10aa:	4685                	li	a3,1
    10ac:	00b76463          	bltu	a4,a1,10b4 <reads_pile+0xc>
    10b0:	4501                	li	a0,0
    10b2:	8082                	ret
    10b4:	00e507b3          	add	a5,a0,a4
    10b8:	239c                	lbu	a5,0(a5)
    10ba:	fde78793          	addi	a5,a5,-34
    10be:	0ff7f793          	andi	a5,a5,255
    10c2:	00f6f463          	bgeu	a3,a5,10ca <reads_pile+0x22>
    10c6:	070d                	addi	a4,a4,3
    10c8:	b7d5                	j	10ac <reads_pile+0x4>
    10ca:	4505                	li	a0,1
    10cc:	8082                	ret

000010ce <writes_pile>:
    10ce:	4701                	li	a4,0
    10d0:	4685                	li	a3,1
    10d2:	00b76463          	bltu	a4,a1,10da <writes_pile+0xc>
    10d6:	4501                	li	a0,0
    10d8:	8082                	ret
    10da:	00e507b3          	add	a5,a0,a4
    10de:	239c                	lbu	a5,0(a5)
    10e0:	1781                	addi	a5,a5,-32
    10e2:	0ff7f793          	andi	a5,a5,255
    10e6:	00f6f463          	bgeu	a3,a5,10ee <writes_pile+0x20>
    10ea:	070d                	addi	a4,a4,3
    10ec:	b7dd                	j	10d2 <writes_pile+0x4>
    10ee:	4505                	li	a0,1
    10f0:	8082                	ret

000010f2 <USBFS_RCC_Init>:
    10f2:	83eff2ef          	jal	t0,130 <__riscv_save_0>
    10f6:	4509                	li	a0,2
    10f8:	3f1060ef          	jal	ra,7ce8 <RCC_USBCLKConfig>
    10fc:	4585                	li	a1,1
    10fe:	6505                	lui	a0,0x1
    1100:	4d3060ef          	jal	ra,7dd2 <RCC_AHBPeriphClockCmd>
    1104:	850ff06f          	j	154 <__riscv_restore_0>

00001108 <USBFS_Device_Endp_Init>:
    1108:	500007b7          	lui	a5,0x50000
    110c:	04000713          	li	a4,64
    1110:	a7d8                	sb	a4,12(a5)
    1112:	04800713          	li	a4,72
    1116:	b7d8                	sb	a4,13(a5)
    1118:	20001737          	lui	a4,0x20001
    111c:	55070713          	addi	a4,a4,1360 # 20001550 <USBFS_EP0_Buf>
    1120:	cb98                	sw	a4,16(a5)
    1122:	20001737          	lui	a4,0x20001
    1126:	59070713          	addi	a4,a4,1424 # 20001590 <USBFS_EP1_Buf>
    112a:	cbd8                	sw	a4,20(a5)
    112c:	20001737          	lui	a4,0x20001
    1130:	5d070713          	addi	a4,a4,1488 # 200015d0 <USBFS_EP2_Buf>
    1134:	cf98                	sw	a4,24(a5)
    1136:	20001737          	lui	a4,0x20001
    113a:	61070713          	addi	a4,a4,1552 # 20001610 <USBFS_EP3_Buf>
    113e:	cfd8                	sw	a4,28(a5)
    1140:	020789a3          	sb	zero,51(a5) # 50000033 <_eusrstack+0x2fffb033>
    1144:	02078da3          	sb	zero,59(a5)
    1148:	02079a23          	sh	zero,52(a5)
    114c:	02079e23          	sh	zero,60(a5)
    1150:	4709                	li	a4,2
    1152:	02e78923          	sb	a4,50(a5)
    1156:	02e78b23          	sb	a4,54(a5)
    115a:	02e78f23          	sb	a4,62(a5)
    115e:	82818793          	addi	a5,gp,-2008 # 20000110 <USBFS_Endp_Busy>
    1162:	00078023          	sb	zero,0(a5)
    1166:	000780a3          	sb	zero,1(a5)
    116a:	00078123          	sb	zero,2(a5)
    116e:	000781a3          	sb	zero,3(a5)
    1172:	00078223          	sb	zero,4(a5)
    1176:	000782a3          	sb	zero,5(a5)
    117a:	00078323          	sb	zero,6(a5)
    117e:	000783a3          	sb	zero,7(a5)
    1182:	8082                	ret

00001184 <USBFS_Device_Init>:
    1184:	fadfe2ef          	jal	t0,130 <__riscv_save_0>
    1188:	50000437          	lui	s0,0x50000
    118c:	4799                	li	a5,6
    118e:	a01c                	sb	a5,0(s0)
    1190:	c51d                	beqz	a0,11be <USBFS_Device_Init+0x3a>
    1192:	4529                	li	a0,10
    1194:	0ac070ef          	jal	ra,8240 <Delay_Us>
    1198:	479d                	li	a5,7
    119a:	00040023          	sb	zero,0(s0) # 50000000 <_eusrstack+0x2fffb000>
    119e:	a03c                	sb	a5,2(s0)
    11a0:	02900793          	li	a5,41
    11a4:	a01c                	sb	a5,0(s0)
    11a6:	378d                	jal	1108 <USBFS_Device_Endp_Init>
    11a8:	f8100793          	li	a5,-127
    11ac:	b01c                	sb	a5,1(s0)
    11ae:	08000737          	lui	a4,0x8000
    11b2:	e000e7b7          	lui	a5,0xe000e
    11b6:	10e7a223          	sw	a4,260(a5) # e000e104 <_eusrstack+0xc0009104>
    11ba:	f9bfe06f          	j	154 <__riscv_restore_0>
    11be:	4529                	li	a0,10
    11c0:	080070ef          	jal	ra,8240 <Delay_Us>
    11c4:	e000e7b7          	lui	a5,0xe000e
    11c8:	00040023          	sb	zero,0(s0)
    11cc:	08000737          	lui	a4,0x8000
    11d0:	18e7a223          	sw	a4,388(a5) # e000e184 <_eusrstack+0xc0009184>
    11d4:	0000100f          	fence.i
    11d8:	b7cd                	j	11ba <USBFS_Device_Init+0x36>

000011da <USBFS_Endp_DataUp>:
    11da:	fff50793          	addi	a5,a0,-1 # fff <run+0x385>
    11de:	0ff7f793          	andi	a5,a5,255
    11e2:	4819                	li	a6,6
    11e4:	0cf86d63          	bltu	a6,a5,12be <USBFS_Endp_DataUp+0xe4>
    11e8:	f2ffe2ef          	jal	t0,116 <__riscv_save_4>
    11ec:	82818793          	addi	a5,gp,-2008 # 20000110 <USBFS_Endp_Busy>
    11f0:	97aa                	add	a5,a5,a0
    11f2:	239c                	lbu	a5,0(a5)
    11f4:	82818493          	addi	s1,gp,-2008 # 20000110 <USBFS_Endp_Busy>
    11f8:	4705                	li	a4,1
    11fa:	0ff7f793          	andi	a5,a5,255
    11fe:	ebcd                	bnez	a5,12b0 <USBFS_Endp_DataUp+0xd6>
    1200:	4785                	li	a5,1
    1202:	00f50563          	beq	a0,a5,120c <USBFS_Endp_DataUp+0x32>
    1206:	4711                	li	a4,4
    1208:	00e51c63          	bne	a0,a4,1220 <USBFS_Endp_DataUp+0x46>
    120c:	500007b7          	lui	a5,0x50000
    1210:	27dc                	lbu	a5,12(a5)
    1212:	4705                	li	a4,1
    1214:	0ff7f793          	andi	a5,a5,255
    1218:	02e51e63          	bne	a0,a4,1254 <USBFS_Endp_DataUp+0x7a>
    121c:	8391                	srli	a5,a5,0x4
    121e:	a81d                	j	1254 <USBFS_Endp_DataUp+0x7a>
    1220:	ffe50713          	addi	a4,a0,-2
    1224:	0ff77713          	andi	a4,a4,255
    1228:	00e7e963          	bltu	a5,a4,123a <USBFS_Endp_DataUp+0x60>
    122c:	500007b7          	lui	a5,0x50000
    1230:	37dc                	lbu	a5,13(a5)
    1232:	470d                	li	a4,3
    1234:	0ff7f793          	andi	a5,a5,255
    1238:	b7c5                	j	1218 <USBFS_Endp_DataUp+0x3e>
    123a:	ffb50713          	addi	a4,a0,-5
    123e:	0ff77713          	andi	a4,a4,255
    1242:	04e7e063          	bltu	a5,a4,1282 <USBFS_Endp_DataUp+0xa8>
    1246:	500007b7          	lui	a5,0x50000
    124a:	27fc                	lbu	a5,14(a5)
    124c:	0ff7f793          	andi	a5,a5,255
    1250:	fd0506e3          	beq	a0,a6,121c <USBFS_Endp_DataUp+0x42>
    1254:	0047f813          	andi	a6,a5,4
    1258:	4701                	li	a4,0
    125a:	04080b63          	beqz	a6,12b0 <USBFS_Endp_DataUp+0xd6>
    125e:	14000437          	lui	s0,0x14000
    1262:	0411                	addi	s0,s0,4
    1264:	942a                	add	s0,s0,a0
    1266:	8ba1                	andi	a5,a5,8
    1268:	89b2                	mv	s3,a2
    126a:	892a                	mv	s2,a0
    126c:	040a                	slli	s0,s0,0x2
    126e:	c385                	beqz	a5,128e <USBFS_Endp_DataUp+0xb4>
    1270:	4008                	lw	a0,0(s0)
    1272:	200007b7          	lui	a5,0x20000
    1276:	04078793          	addi	a5,a5,64 # 20000040 <pin_port_mapping+0x2c>
    127a:	953e                	add	a0,a0,a5
    127c:	6e0070ef          	jal	ra,895c <memcpy>
    1280:	a819                	j	1296 <USBFS_Endp_DataUp+0xbc>
    1282:	500007b7          	lui	a5,0x50000
    1286:	37fc                	lbu	a5,15(a5)
    1288:	0ff7f793          	andi	a5,a5,255
    128c:	b7e1                	j	1254 <USBFS_Endp_DataUp+0x7a>
    128e:	e685                	bnez	a3,12b6 <USBFS_Endp_DataUp+0xdc>
    1290:	05c2                	slli	a1,a1,0x10
    1292:	81c1                	srli	a1,a1,0x10
    1294:	c00c                	sw	a1,0(s0)
    1296:	03341023          	sh	s3,32(s0) # 14000020 <_data_lma+0x13ff4fd4>
    129a:	02244783          	lbu	a5,34(s0)
    129e:	01248533          	add	a0,s1,s2
    12a2:	4701                	li	a4,0
    12a4:	0fc7f793          	andi	a5,a5,252
    12a8:	02f40123          	sb	a5,34(s0)
    12ac:	4785                	li	a5,1
    12ae:	a11c                	sb	a5,0(a0)
    12b0:	853a                	mv	a0,a4
    12b2:	e99fe06f          	j	14a <__riscv_restore_4>
    12b6:	4008                	lw	a0,0(s0)
    12b8:	200007b7          	lui	a5,0x20000
    12bc:	bf7d                	j	127a <USBFS_Endp_DataUp+0xa0>
    12be:	4705                	li	a4,1
    12c0:	853a                	mv	a0,a4
    12c2:	8082                	ret

000012c4 <USBFS_IRQHandler>:
    12c4:	1101                	addi	sp,sp,-32
    12c6:	ce22                	sw	s0,28(sp)
    12c8:	cc26                	sw	s1,24(sp)
    12ca:	ca4a                	sw	s2,20(sp)
    12cc:	c84e                	sw	s3,16(sp)
    12ce:	c652                	sw	s4,12(sp)
    12d0:	c456                	sw	s5,8(sp)
    12d2:	50000437          	lui	s0,0x50000
    12d6:	2078                	lbu	a4,6(s0)
    12d8:	307c                	lbu	a5,7(s0)
    12da:	0ff77713          	andi	a4,a4,255
    12de:	00277693          	andi	a3,a4,2
    12e2:	58068963          	beqz	a3,1874 <USBFS_IRQHandler+0x5b0>
    12e6:	0ff7f793          	andi	a5,a5,255
    12ea:	0307f713          	andi	a4,a5,48
    12ee:	02000593          	li	a1,32
    12f2:	04b70063          	beq	a4,a1,1332 <USBFS_IRQHandler+0x6e>
    12f6:	03000693          	li	a3,48
    12fa:	1ad70063          	beq	a4,a3,149a <USBFS_IRQHandler+0x1d6>
    12fe:	e36d                	bnez	a4,13e0 <USBFS_IRQHandler+0x11c>
    1300:	03f7f713          	andi	a4,a5,63
    1304:	12070b63          	beqz	a4,143a <USBFS_IRQHandler+0x176>
    1308:	4789                	li	a5,2
    130a:	0cf71b63          	bne	a4,a5,13e0 <USBFS_IRQHandler+0x11c>
    130e:	03b44783          	lbu	a5,59(s0) # 5000003b <_eusrstack+0x2fffb03b>
    1312:	0047c793          	xori	a5,a5,4
    1316:	02f40da3          	sb	a5,59(s0)
    131a:	4408                	lw	a0,8(s0)
    131c:	0542                	slli	a0,a0,0x10
    131e:	8141                	srli	a0,a0,0x10
    1320:	03d000ef          	jal	ra,1b5c <usbSerial_on_ep2_out>
    1324:	03b44783          	lbu	a5,59(s0)
    1328:	0fc7f793          	andi	a5,a5,252
    132c:	02f40da3          	sb	a5,59(s0)
    1330:	a845                	j	13e0 <USBFS_IRQHandler+0x11c>
    1332:	03f7f793          	andi	a5,a5,63
    1336:	02100693          	li	a3,33
    133a:	0ad78863          	beq	a5,a3,13ea <USBFS_IRQHandler+0x126>
    133e:	02300693          	li	a3,35
    1342:	0cd78763          	beq	a5,a3,1410 <USBFS_IRQHandler+0x14c>
    1346:	08e79d63          	bne	a5,a4,13e0 <USBFS_IRQHandler+0x11c>
    134a:	83418793          	addi	a5,gp,-1996 # 2000011c <USBFS_SetupReqLen>
    134e:	239e                	lhu	a5,0(a5)
    1350:	83418493          	addi	s1,gp,-1996 # 2000011c <USBFS_SetupReqLen>
    1354:	07c2                	slli	a5,a5,0x10
    1356:	83c1                	srli	a5,a5,0x10
    1358:	e781                	bnez	a5,1360 <USBFS_IRQHandler+0x9c>
    135a:	4791                	li	a5,4
    135c:	02f409a3          	sb	a5,51(s0)
    1360:	8361c783          	lbu	a5,-1994(gp) # 2000011e <USBFS_SetupReqType>
    1364:	0607f793          	andi	a5,a5,96
    1368:	efa5                	bnez	a5,13e0 <USBFS_IRQHandler+0x11c>
    136a:	8301c783          	lbu	a5,-2000(gp) # 20000118 <USBFS_SetupReqCode>
    136e:	4715                	li	a4,5
    1370:	0ff7f793          	andi	a5,a5,255
    1374:	04e78d63          	beq	a5,a4,13ce <USBFS_IRQHandler+0x10a>
    1378:	4719                	li	a4,6
    137a:	06e79363          	bne	a5,a4,13e0 <USBFS_IRQHandler+0x11c>
    137e:	209e                	lhu	a5,0(s1)
    1380:	03f00713          	li	a4,63
    1384:	04000413          	li	s0,64
    1388:	00f76563          	bltu	a4,a5,1392 <USBFS_IRQHandler+0xce>
    138c:	2082                	lhu	s0,0(s1)
    138e:	0442                	slli	s0,s0,0x10
    1390:	8041                	srli	s0,s0,0x10
    1392:	83c18913          	addi	s2,gp,-1988 # 20000124 <pUSBFS_Descr>
    1396:	00092983          	lw	s3,0(s2)
    139a:	20001537          	lui	a0,0x20001
    139e:	8622                	mv	a2,s0
    13a0:	85ce                	mv	a1,s3
    13a2:	55050513          	addi	a0,a0,1360 # 20001550 <USBFS_EP0_Buf>
    13a6:	5b6070ef          	jal	ra,895c <memcpy>
    13aa:	209e                	lhu	a5,0(s1)
    13ac:	99a2                	add	s3,s3,s0
    13ae:	01392023          	sw	s3,0(s2)
    13b2:	8f81                	sub	a5,a5,s0
    13b4:	07c2                	slli	a5,a5,0x10
    13b6:	83c1                	srli	a5,a5,0x10
    13b8:	a09e                	sh	a5,0(s1)
    13ba:	500007b7          	lui	a5,0x50000
    13be:	bb82                	sh	s0,48(a5)
    13c0:	0327c703          	lbu	a4,50(a5) # 50000032 <_eusrstack+0x2fffb032>
    13c4:	00474713          	xori	a4,a4,4
    13c8:	02e78923          	sb	a4,50(a5)
    13cc:	a811                	j	13e0 <USBFS_IRQHandler+0x11c>
    13ce:	50000737          	lui	a4,0x50000
    13d2:	333c                	lbu	a5,3(a4)
    13d4:	8241c683          	lbu	a3,-2012(gp) # 2000010c <USBFS_DevAddr>
    13d8:	0807f793          	andi	a5,a5,128
    13dc:	8fd5                	or	a5,a5,a3
    13de:	b33c                	sb	a5,3(a4)
    13e0:	500007b7          	lui	a5,0x50000
    13e4:	4709                	li	a4,2
    13e6:	a3f8                	sb	a4,6(a5)
    13e8:	a979                	j	1886 <USBFS_IRQHandler+0x5c2>
    13ea:	03644783          	lbu	a5,54(s0)
    13ee:	0047c793          	xori	a5,a5,4
    13f2:	02f40b23          	sb	a5,54(s0)
    13f6:	03644783          	lbu	a5,54(s0)
    13fa:	0fc7f793          	andi	a5,a5,252
    13fe:	0027e793          	ori	a5,a5,2
    1402:	02f40b23          	sb	a5,54(s0)
    1406:	82818793          	addi	a5,gp,-2008 # 20000110 <USBFS_Endp_Busy>
    140a:	000780a3          	sb	zero,1(a5) # 50000001 <_eusrstack+0x2fffb001>
    140e:	bfc9                	j	13e0 <USBFS_IRQHandler+0x11c>
    1410:	03e44783          	lbu	a5,62(s0)
    1414:	0047c793          	xori	a5,a5,4
    1418:	02f40f23          	sb	a5,62(s0)
    141c:	03e44783          	lbu	a5,62(s0)
    1420:	0fc7f793          	andi	a5,a5,252
    1424:	0027e793          	ori	a5,a5,2
    1428:	02f40f23          	sb	a5,62(s0)
    142c:	82818793          	addi	a5,gp,-2008 # 20000110 <USBFS_Endp_Busy>
    1430:	000781a3          	sb	zero,3(a5)
    1434:	79a000ef          	jal	ra,1bce <usbSerial_on_ep3_in_done>
    1438:	b765                	j	13e0 <USBFS_IRQHandler+0x11c>
    143a:	4418                	lw	a4,8(s0)
    143c:	0407f793          	andi	a5,a5,64
    1440:	d3c5                	beqz	a5,13e0 <USBFS_IRQHandler+0x11c>
    1442:	8361c783          	lbu	a5,-1994(gp) # 2000011e <USBFS_SetupReqType>
    1446:	83418713          	addi	a4,gp,-1996 # 2000011c <USBFS_SetupReqLen>
    144a:	0607f793          	andi	a5,a5,96
    144e:	cf85                	beqz	a5,1486 <USBFS_IRQHandler+0x1c2>
    1450:	00071023          	sh	zero,0(a4) # 50000000 <_eusrstack+0x2fffb000>
    1454:	8301c783          	lbu	a5,-2000(gp) # 20000118 <USBFS_SetupReqCode>
    1458:	02f59763          	bne	a1,a5,1486 <USBFS_IRQHandler+0x1c2>
    145c:	20001637          	lui	a2,0x20001
    1460:	200006b7          	lui	a3,0x20000
    1464:	4781                	li	a5,0
    1466:	55060613          	addi	a2,a2,1360 # 20001550 <USBFS_EP0_Buf>
    146a:	0e868693          	addi	a3,a3,232 # 200000e8 <g_line_coding>
    146e:	459d                	li	a1,7
    1470:	00f60533          	add	a0,a2,a5
    1474:	00054803          	lbu	a6,0(a0)
    1478:	00f68533          	add	a0,a3,a5
    147c:	0785                	addi	a5,a5,1
    147e:	01050023          	sb	a6,0(a0)
    1482:	feb797e3          	bne	a5,a1,1470 <USBFS_IRQHandler+0x1ac>
    1486:	231e                	lhu	a5,0(a4)
    1488:	07c2                	slli	a5,a5,0x10
    148a:	83c1                	srli	a5,a5,0x10
    148c:	fbb1                	bnez	a5,13e0 <USBFS_IRQHandler+0x11c>
    148e:	500007b7          	lui	a5,0x50000
    1492:	02079823          	sh	zero,48(a5) # 50000030 <_eusrstack+0x2fffb030>
    1496:	4711                	li	a4,4
    1498:	bf05                	j	13c8 <USBFS_IRQHandler+0x104>
    149a:	4799                	li	a5,6
    149c:	02f40923          	sb	a5,50(s0)
    14a0:	20001537          	lui	a0,0x20001
    14a4:	02f409a3          	sb	a5,51(s0)
    14a8:	55050693          	addi	a3,a0,1360 # 20001550 <USBFS_EP0_Buf>
    14ac:	229c                	lbu	a5,0(a3)
    14ae:	83618613          	addi	a2,gp,-1994 # 2000011e <USBFS_SetupReqType>
    14b2:	a21c                	sb	a5,0(a2)
    14b4:	329c                	lbu	a5,1(a3)
    14b6:	0066d803          	lhu	a6,6(a3)
    14ba:	83018713          	addi	a4,gp,-2000 # 20000118 <USBFS_SetupReqCode>
    14be:	a31c                	sb	a5,0(a4)
    14c0:	0026d883          	lhu	a7,2(a3)
    14c4:	83418793          	addi	a5,gp,-1996 # 2000011c <USBFS_SetupReqLen>
    14c8:	01079023          	sh	a6,0(a5)
    14cc:	83818813          	addi	a6,gp,-1992 # 20000120 <USBFS_SetupReqValue>
    14d0:	01181023          	sh	a7,0(a6)
    14d4:	0046d883          	lhu	a7,4(a3)
    14d8:	83218813          	addi	a6,gp,-1998 # 2000011a <USBFS_SetupReqIndex>
    14dc:	01181023          	sh	a7,0(a6)
    14e0:	00064803          	lbu	a6,0(a2)
    14e4:	83418913          	addi	s2,gp,-1996 # 2000011c <USBFS_SetupReqLen>
    14e8:	83618993          	addi	s3,gp,-1994 # 2000011e <USBFS_SetupReqType>
    14ec:	06087813          	andi	a6,a6,96
    14f0:	55050613          	addi	a2,a0,1360
    14f4:	83818793          	addi	a5,gp,-1992 # 20000120 <USBFS_SetupReqValue>
    14f8:	83218693          	addi	a3,gp,-1998 # 2000011a <USBFS_SetupReqIndex>
    14fc:	0a080463          	beqz	a6,15a4 <USBFS_IRQHandler+0x2e0>
    1500:	0009c783          	lbu	a5,0(s3)
    1504:	83c18493          	addi	s1,gp,-1988 # 20000124 <pUSBFS_Descr>
    1508:	0207f793          	andi	a5,a5,32
    150c:	c3c9                	beqz	a5,158e <USBFS_IRQHandler+0x2ca>
    150e:	231c                	lbu	a5,0(a4)
    1510:	02100713          	li	a4,33
    1514:	0ff7f793          	andi	a5,a5,255
    1518:	06e78563          	beq	a5,a4,1582 <USBFS_IRQHandler+0x2be>
    151c:	04f76b63          	bltu	a4,a5,1572 <USBFS_IRQHandler+0x2ae>
    1520:	4401                	li	s0,0
    1522:	00b78463          	beq	a5,a1,152a <USBFS_IRQHandler+0x266>
    1526:	0ff00413          	li	s0,255
    152a:	00095783          	lhu	a5,0(s2)
    152e:	03f00713          	li	a4,63
    1532:	04000a13          	li	s4,64
    1536:	00f76763          	bltu	a4,a5,1544 <USBFS_IRQHandler+0x280>
    153a:	00095a03          	lhu	s4,0(s2)
    153e:	0a42                	slli	s4,s4,0x10
    1540:	010a5a13          	srli	s4,s4,0x10
    1544:	0004aa83          	lw	s5,0(s1)
    1548:	8652                	mv	a2,s4
    154a:	55050513          	addi	a0,a0,1360
    154e:	85d6                	mv	a1,s5
    1550:	9a56                	add	s4,s4,s5
    1552:	40a070ef          	jal	ra,895c <memcpy>
    1556:	0144a023          	sw	s4,0(s1)
    155a:	0ff00793          	li	a5,255
    155e:	10f41563          	bne	s0,a5,1668 <USBFS_IRQHandler+0x3a4>
    1562:	500007b7          	lui	a5,0x50000
    1566:	471d                	li	a4,7
    1568:	02e78923          	sb	a4,50(a5) # 50000032 <_eusrstack+0x2fffb032>
    156c:	02e789a3          	sb	a4,51(a5)
    1570:	bd85                	j	13e0 <USBFS_IRQHandler+0x11c>
    1572:	02300713          	li	a4,35
    1576:	0ff00413          	li	s0,255
    157a:	faf768e3          	bltu	a4,a5,152a <USBFS_IRQHandler+0x266>
    157e:	4401                	li	s0,0
    1580:	b76d                	j	152a <USBFS_IRQHandler+0x266>
    1582:	200007b7          	lui	a5,0x20000
    1586:	0e878793          	addi	a5,a5,232 # 200000e8 <g_line_coding>
    158a:	c09c                	sw	a5,0(s1)
    158c:	bfcd                	j	157e <USBFS_IRQHandler+0x2ba>
    158e:	0009c403          	lbu	s0,0(s3)
    1592:	8019                	srli	s0,s0,0x6
    1594:	00144413          	xori	s0,s0,1
    1598:	8805                	andi	s0,s0,1
    159a:	40800433          	neg	s0,s0
    159e:	0ff47413          	andi	s0,s0,255
    15a2:	b761                	j	152a <USBFS_IRQHandler+0x266>
    15a4:	2318                	lbu	a4,0(a4)
    15a6:	45ad                	li	a1,11
    15a8:	0ff77713          	andi	a4,a4,255
    15ac:	fae5ebe3          	bltu	a1,a4,1562 <USBFS_IRQHandler+0x29e>
    15b0:	65a9                	lui	a1,0xa
    15b2:	070a                	slli	a4,a4,0x2
    15b4:	d9058593          	addi	a1,a1,-624 # 9d90 <_exit+0x2c>
    15b8:	972e                	add	a4,a4,a1
    15ba:	4318                	lw	a4,0(a4)
    15bc:	8702                	jr	a4
    15be:	239a                	lhu	a4,0(a5)
    15c0:	4689                	li	a3,2
    15c2:	8321                	srli	a4,a4,0x8
    15c4:	83c18493          	addi	s1,gp,-1988 # 20000124 <pUSBFS_Descr>
    15c8:	02d70663          	beq	a4,a3,15f4 <USBFS_IRQHandler+0x330>
    15cc:	460d                	li	a2,3
    15ce:	02c70e63          	beq	a4,a2,160a <USBFS_IRQHandler+0x346>
    15d2:	4785                	li	a5,1
    15d4:	04f71663          	bne	a4,a5,1620 <USBFS_IRQHandler+0x35c>
    15d8:	67a9                	lui	a5,0xa
    15da:	e0478713          	addi	a4,a5,-508 # 9e04 <MyDevDescr>
    15de:	e047c783          	lbu	a5,-508(a5)
    15e2:	c098                	sw	a4,0(s1)
    15e4:	4401                	li	s0,0
    15e6:	00095703          	lhu	a4,0(s2)
    15ea:	f4e7f0e3          	bgeu	a5,a4,152a <USBFS_IRQHandler+0x266>
    15ee:	00f91023          	sh	a5,0(s2)
    15f2:	bf25                	j	152a <USBFS_IRQHandler+0x266>
    15f4:	6729                	lui	a4,0xa
    15f6:	dc070713          	addi	a4,a4,-576 # 9dc0 <MyCfgDescr>
    15fa:	333c                	lbu	a5,3(a4)
    15fc:	c098                	sw	a4,0(s1)
    15fe:	2338                	lbu	a4,2(a4)
    1600:	07a2                	slli	a5,a5,0x8
    1602:	97ba                	add	a5,a5,a4
    1604:	07c2                	slli	a5,a5,0x10
    1606:	83c1                	srli	a5,a5,0x10
    1608:	bff1                	j	15e4 <USBFS_IRQHandler+0x320>
    160a:	239e                	lhu	a5,0(a5)
    160c:	4605                	li	a2,1
    160e:	0ff7f793          	andi	a5,a5,255
    1612:	02c78163          	beq	a5,a2,1634 <USBFS_IRQHandler+0x370>
    1616:	cb89                	beqz	a5,1628 <USBFS_IRQHandler+0x364>
    1618:	02d78563          	beq	a5,a3,1642 <USBFS_IRQHandler+0x37e>
    161c:	02e78a63          	beq	a5,a4,1650 <USBFS_IRQHandler+0x38c>
    1620:	4781                	li	a5,0
    1622:	0ff00413          	li	s0,255
    1626:	b7c1                	j	15e6 <USBFS_IRQHandler+0x322>
    1628:	81818713          	addi	a4,gp,-2024 # 20000100 <MyLangDescr>
    162c:	c098                	sw	a4,0(s1)
    162e:	8181c783          	lbu	a5,-2024(gp) # 20000100 <MyLangDescr>
    1632:	bf4d                	j	15e4 <USBFS_IRQHandler+0x320>
    1634:	67a9                	lui	a5,0xa
    1636:	e1878713          	addi	a4,a5,-488 # 9e18 <MyManuInfo>
    163a:	c098                	sw	a4,0(s1)
    163c:	e187c783          	lbu	a5,-488(a5)
    1640:	b755                	j	15e4 <USBFS_IRQHandler+0x320>
    1642:	67a9                	lui	a5,0xa
    1644:	e2878713          	addi	a4,a5,-472 # 9e28 <MyProdInfo>
    1648:	c098                	sw	a4,0(s1)
    164a:	e287c783          	lbu	a5,-472(a5)
    164e:	bf59                	j	15e4 <USBFS_IRQHandler+0x320>
    1650:	67a9                	lui	a5,0xa
    1652:	e4078713          	addi	a4,a5,-448 # 9e40 <MySerNumInfo>
    1656:	c098                	sw	a4,0(s1)
    1658:	e407c783          	lbu	a5,-448(a5)
    165c:	b761                	j	15e4 <USBFS_IRQHandler+0x320>
    165e:	239e                	lhu	a5,0(a5)
    1660:	0ff7f793          	andi	a5,a5,255
    1664:	82f18223          	sb	a5,-2012(gp) # 2000010c <USBFS_DevAddr>
    1668:	0009c783          	lbu	a5,0(s3)
    166c:	07e2                	slli	a5,a5,0x18
    166e:	87e1                	srai	a5,a5,0x18
    1670:	1e07d863          	bgez	a5,1860 <USBFS_IRQHandler+0x59c>
    1674:	00095703          	lhu	a4,0(s2)
    1678:	04000793          	li	a5,64
    167c:	00e7e663          	bltu	a5,a4,1688 <USBFS_IRQHandler+0x3c4>
    1680:	00095783          	lhu	a5,0(s2)
    1684:	07c2                	slli	a5,a5,0x10
    1686:	83c1                	srli	a5,a5,0x10
    1688:	00095703          	lhu	a4,0(s2)
    168c:	8f1d                	sub	a4,a4,a5
    168e:	0742                	slli	a4,a4,0x10
    1690:	8341                	srli	a4,a4,0x10
    1692:	00e91023          	sh	a4,0(s2)
    1696:	50000737          	lui	a4,0x50000
    169a:	bb1e                	sh	a5,48(a4)
    169c:	4791                	li	a5,4
    169e:	02f70923          	sb	a5,50(a4) # 50000032 <_eusrstack+0x2fffb032>
    16a2:	bb3d                	j	13e0 <USBFS_IRQHandler+0x11c>
    16a4:	8251c783          	lbu	a5,-2011(gp) # 2000010d <USBFS_DevConfig>
    16a8:	a21c                	sb	a5,0(a2)
    16aa:	00095703          	lhu	a4,0(s2)
    16ae:	4785                	li	a5,1
    16b0:	fae7fce3          	bgeu	a5,a4,1668 <USBFS_IRQHandler+0x3a4>
    16b4:	00f91023          	sh	a5,0(s2)
    16b8:	bf45                	j	1668 <USBFS_IRQHandler+0x3a4>
    16ba:	239e                	lhu	a5,0(a5)
    16bc:	0ff7f793          	andi	a5,a5,255
    16c0:	82f182a3          	sb	a5,-2011(gp) # 2000010d <USBFS_DevConfig>
    16c4:	4705                	li	a4,1
    16c6:	82e18323          	sb	a4,-2010(gp) # 2000010e <USBFS_DevEnumStatus>
    16ca:	bf79                	j	1668 <USBFS_IRQHandler+0x3a4>
    16cc:	0009c703          	lbu	a4,0(s3)
    16d0:	8b7d                	andi	a4,a4,31
    16d2:	ef11                	bnez	a4,16ee <USBFS_IRQHandler+0x42a>
    16d4:	239e                	lhu	a5,0(a5)
    16d6:	4705                	li	a4,1
    16d8:	0ff7f793          	andi	a5,a5,255
    16dc:	f8e796e3          	bne	a5,a4,1668 <USBFS_IRQHandler+0x3a4>
    16e0:	82718793          	addi	a5,gp,-2009 # 2000010f <USBFS_DevSleepStatus>
    16e4:	2398                	lbu	a4,0(a5)
    16e6:	0fe77713          	andi	a4,a4,254
    16ea:	a398                	sb	a4,0(a5)
    16ec:	bfb5                	j	1668 <USBFS_IRQHandler+0x3a4>
    16ee:	0009c703          	lbu	a4,0(s3)
    16f2:	4609                	li	a2,2
    16f4:	8b7d                	andi	a4,a4,31
    16f6:	e6c716e3          	bne	a4,a2,1562 <USBFS_IRQHandler+0x29e>
    16fa:	239e                	lhu	a5,0(a5)
    16fc:	0ff7f793          	andi	a5,a5,255
    1700:	e60791e3          	bnez	a5,1562 <USBFS_IRQHandler+0x29e>
    1704:	229e                	lhu	a5,0(a3)
    1706:	08100693          	li	a3,129
    170a:	0ff7f793          	andi	a5,a5,255
    170e:	00d78d63          	beq	a5,a3,1728 <USBFS_IRQHandler+0x464>
    1712:	08300693          	li	a3,131
    1716:	00d78e63          	beq	a5,a3,1732 <USBFS_IRQHandler+0x46e>
    171a:	e4e794e3          	bne	a5,a4,1562 <USBFS_IRQHandler+0x29e>
    171e:	500007b7          	lui	a5,0x50000
    1722:	02078da3          	sb	zero,59(a5) # 5000003b <_eusrstack+0x2fffb03b>
    1726:	b789                	j	1668 <USBFS_IRQHandler+0x3a4>
    1728:	500007b7          	lui	a5,0x50000
    172c:	02e78b23          	sb	a4,54(a5) # 50000036 <_eusrstack+0x2fffb036>
    1730:	bf25                	j	1668 <USBFS_IRQHandler+0x3a4>
    1732:	500007b7          	lui	a5,0x50000
    1736:	02e78f23          	sb	a4,62(a5) # 5000003e <_eusrstack+0x2fffb03e>
    173a:	b73d                	j	1668 <USBFS_IRQHandler+0x3a4>
    173c:	0009c703          	lbu	a4,0(s3)
    1740:	8b7d                	andi	a4,a4,31
    1742:	e705                	bnez	a4,176a <USBFS_IRQHandler+0x4a6>
    1744:	239e                	lhu	a5,0(a5)
    1746:	4705                	li	a4,1
    1748:	0ff7f793          	andi	a5,a5,255
    174c:	e0e79be3          	bne	a5,a4,1562 <USBFS_IRQHandler+0x29e>
    1750:	67a9                	lui	a5,0xa
    1752:	dc77c783          	lbu	a5,-569(a5) # 9dc7 <MyCfgDescr+0x7>
    1756:	0207f793          	andi	a5,a5,32
    175a:	e00784e3          	beqz	a5,1562 <USBFS_IRQHandler+0x29e>
    175e:	82718793          	addi	a5,gp,-2009 # 2000010f <USBFS_DevSleepStatus>
    1762:	2398                	lbu	a4,0(a5)
    1764:	00176713          	ori	a4,a4,1
    1768:	b749                	j	16ea <USBFS_IRQHandler+0x426>
    176a:	0009c703          	lbu	a4,0(s3)
    176e:	4609                	li	a2,2
    1770:	8b7d                	andi	a4,a4,31
    1772:	dec718e3          	bne	a4,a2,1562 <USBFS_IRQHandler+0x29e>
    1776:	239e                	lhu	a5,0(a5)
    1778:	0ff7f793          	andi	a5,a5,255
    177c:	de0793e3          	bnez	a5,1562 <USBFS_IRQHandler+0x29e>
    1780:	229e                	lhu	a5,0(a3)
    1782:	08100693          	li	a3,129
    1786:	0ff7f793          	andi	a5,a5,255
    178a:	02d78163          	beq	a5,a3,17ac <USBFS_IRQHandler+0x4e8>
    178e:	08300693          	li	a3,131
    1792:	02d78663          	beq	a5,a3,17be <USBFS_IRQHandler+0x4fa>
    1796:	dce796e3          	bne	a5,a4,1562 <USBFS_IRQHandler+0x29e>
    179a:	50000737          	lui	a4,0x50000
    179e:	03b74783          	lbu	a5,59(a4) # 5000003b <_eusrstack+0x2fffb03b>
    17a2:	0037e793          	ori	a5,a5,3
    17a6:	02f70da3          	sb	a5,59(a4)
    17aa:	bd7d                	j	1668 <USBFS_IRQHandler+0x3a4>
    17ac:	50000737          	lui	a4,0x50000
    17b0:	03674783          	lbu	a5,54(a4) # 50000036 <_eusrstack+0x2fffb036>
    17b4:	0037e793          	ori	a5,a5,3
    17b8:	02f70b23          	sb	a5,54(a4)
    17bc:	b575                	j	1668 <USBFS_IRQHandler+0x3a4>
    17be:	50000737          	lui	a4,0x50000
    17c2:	03e74783          	lbu	a5,62(a4) # 5000003e <_eusrstack+0x2fffb03e>
    17c6:	0037e793          	ori	a5,a5,3
    17ca:	02f70f23          	sb	a5,62(a4)
    17ce:	bd69                	j	1668 <USBFS_IRQHandler+0x3a4>
    17d0:	00060023          	sb	zero,0(a2)
    17d4:	bdd9                	j	16aa <USBFS_IRQHandler+0x3e6>
    17d6:	0009c783          	lbu	a5,0(s3)
    17da:	00061023          	sh	zero,0(a2)
    17de:	8bfd                	andi	a5,a5,31
    17e0:	e385                	bnez	a5,1800 <USBFS_IRQHandler+0x53c>
    17e2:	8271c783          	lbu	a5,-2009(gp) # 2000010f <USBFS_DevSleepStatus>
    17e6:	4401                	li	s0,0
    17e8:	8b85                	andi	a5,a5,1
    17ea:	c399                	beqz	a5,17f0 <USBFS_IRQHandler+0x52c>
    17ec:	4789                	li	a5,2
    17ee:	a21c                	sb	a5,0(a2)
    17f0:	00095703          	lhu	a4,0(s2)
    17f4:	4789                	li	a5,2
    17f6:	d6e7f2e3          	bgeu	a5,a4,155a <USBFS_IRQHandler+0x296>
    17fa:	00f91023          	sh	a5,0(s2)
    17fe:	bbb1                	j	155a <USBFS_IRQHandler+0x296>
    1800:	0009c703          	lbu	a4,0(s3)
    1804:	4789                	li	a5,2
    1806:	0ff00413          	li	s0,255
    180a:	8b7d                	andi	a4,a4,31
    180c:	fef712e3          	bne	a4,a5,17f0 <USBFS_IRQHandler+0x52c>
    1810:	229e                	lhu	a5,0(a3)
    1812:	08100693          	li	a3,129
    1816:	0ff7f793          	andi	a5,a5,255
    181a:	02d78163          	beq	a5,a3,183c <USBFS_IRQHandler+0x578>
    181e:	08300693          	li	a3,131
    1822:	02d78a63          	beq	a5,a3,1856 <USBFS_IRQHandler+0x592>
    1826:	fce795e3          	bne	a5,a4,17f0 <USBFS_IRQHandler+0x52c>
    182a:	500007b7          	lui	a5,0x50000
    182e:	03b7c783          	lbu	a5,59(a5) # 5000003b <_eusrstack+0x2fffb03b>
    1832:	8b8d                	andi	a5,a5,3
    1834:	470d                	li	a4,3
    1836:	00e79e63          	bne	a5,a4,1852 <USBFS_IRQHandler+0x58e>
    183a:	a811                	j	184e <USBFS_IRQHandler+0x58a>
    183c:	500007b7          	lui	a5,0x50000
    1840:	0367c783          	lbu	a5,54(a5) # 50000036 <_eusrstack+0x2fffb036>
    1844:	470d                	li	a4,3
    1846:	4401                	li	s0,0
    1848:	8b8d                	andi	a5,a5,3
    184a:	fae793e3          	bne	a5,a4,17f0 <USBFS_IRQHandler+0x52c>
    184e:	4785                	li	a5,1
    1850:	a21c                	sb	a5,0(a2)
    1852:	4401                	li	s0,0
    1854:	bf71                	j	17f0 <USBFS_IRQHandler+0x52c>
    1856:	500007b7          	lui	a5,0x50000
    185a:	03e7c783          	lbu	a5,62(a5) # 5000003e <_eusrstack+0x2fffb03e>
    185e:	bfd1                	j	1832 <USBFS_IRQHandler+0x56e>
    1860:	00095783          	lhu	a5,0(s2)
    1864:	07c2                	slli	a5,a5,0x10
    1866:	83c1                	srli	a5,a5,0x10
    1868:	c20783e3          	beqz	a5,148e <USBFS_IRQHandler+0x1ca>
    186c:	500007b7          	lui	a5,0x50000
    1870:	4711                	li	a4,4
    1872:	b9ed                	j	156c <USBFS_IRQHandler+0x2a8>
    1874:	00177793          	andi	a5,a4,1
    1878:	c385                	beqz	a5,1898 <USBFS_IRQHandler+0x5d4>
    187a:	000401a3          	sb	zero,3(s0)
    187e:	88bff0ef          	jal	ra,1108 <USBFS_Device_Endp_Init>
    1882:	4785                	li	a5,1
    1884:	a07c                	sb	a5,6(s0)
    1886:	4472                	lw	s0,28(sp)
    1888:	44e2                	lw	s1,24(sp)
    188a:	4952                	lw	s2,20(sp)
    188c:	49c2                	lw	s3,16(sp)
    188e:	4a32                	lw	s4,12(sp)
    1890:	4aa2                	lw	s5,8(sp)
    1892:	6105                	addi	sp,sp,32
    1894:	30200073          	mret
    1898:	00477793          	andi	a5,a4,4
    189c:	c785                	beqz	a5,18c4 <USBFS_IRQHandler+0x600>
    189e:	3058                	lbu	a4,5(s0)
    18a0:	82718793          	addi	a5,gp,-2009 # 2000010f <USBFS_DevSleepStatus>
    18a4:	8b11                	andi	a4,a4,4
    18a6:	cb11                	beqz	a4,18ba <USBFS_IRQHandler+0x5f6>
    18a8:	2398                	lbu	a4,0(a5)
    18aa:	00276713          	ori	a4,a4,2
    18ae:	a398                	sb	a4,0(a5)
    18b0:	239c                	lbu	a5,0(a5)
    18b2:	500007b7          	lui	a5,0x50000
    18b6:	4711                	li	a4,4
    18b8:	b63d                	j	13e6 <USBFS_IRQHandler+0x122>
    18ba:	2398                	lbu	a4,0(a5)
    18bc:	0fd77713          	andi	a4,a4,253
    18c0:	a398                	sb	a4,0(a5)
    18c2:	bfc5                	j	18b2 <USBFS_IRQHandler+0x5ee>
    18c4:	a078                	sb	a4,6(s0)
    18c6:	b7c1                	j	1886 <USBFS_IRQHandler+0x5c2>

000018c8 <usbSerial_begin>:
    18c8:	869fe2ef          	jal	t0,130 <__riscv_save_0>
    18cc:	827ff0ef          	jal	ra,10f2 <USBFS_RCC_Init>
    18d0:	4505                	li	a0,1
    18d2:	8b3ff0ef          	jal	ra,1184 <USBFS_Device_Init>
    18d6:	84019123          	sh	zero,-1982(gp) # 2000012a <rx_tail>
    18da:	84019023          	sh	zero,-1984(gp) # 20000128 <rx_head>
    18de:	84019423          	sh	zero,-1976(gp) # 20000130 <tx_tail>
    18e2:	84019223          	sh	zero,-1980(gp) # 2000012c <tx_head>
    18e6:	86ffe06f          	j	154 <__riscv_restore_0>

000018ea <usbSerial_connected>:
    18ea:	8261c783          	lbu	a5,-2010(gp) # 2000010e <USBFS_DevEnumStatus>
    18ee:	4705                	li	a4,1
    18f0:	4501                	li	a0,0
    18f2:	00f71863          	bne	a4,a5,1902 <usbSerial_connected+0x18>
    18f6:	8251c503          	lbu	a0,-2011(gp) # 2000010d <USBFS_DevConfig>
    18fa:	0ff57513          	andi	a0,a0,255
    18fe:	00a03533          	snez	a0,a0
    1902:	8082                	ret

00001904 <tx_kick>:
    1904:	82dfe2ef          	jal	t0,130 <__riscv_save_0>
    1908:	7139                	addi	sp,sp,-64
    190a:	37c5                	jal	18ea <usbSerial_connected>
    190c:	cd25                	beqz	a0,1984 <tx_kick+0x80>
    190e:	82818793          	addi	a5,gp,-2008 # 20000110 <USBFS_Endp_Busy>
    1912:	33bc                	lbu	a5,3(a5)
    1914:	0ff7f793          	andi	a5,a5,255
    1918:	e7b5                	bnez	a5,1984 <tx_kick+0x80>
    191a:	84818693          	addi	a3,gp,-1976 # 20000130 <tx_tail>
    191e:	8441d783          	lhu	a5,-1980(gp) # 2000012c <tx_head>
    1922:	2296                	lhu	a3,0(a3)
    1924:	84818713          	addi	a4,gp,-1976 # 20000130 <tx_tail>
    1928:	07c2                	slli	a5,a5,0x10
    192a:	06c2                	slli	a3,a3,0x10
    192c:	83c1                	srli	a5,a5,0x10
    192e:	82c1                	srli	a3,a3,0x10
    1930:	04d7ed63          	bltu	a5,a3,198a <tx_kick+0x86>
    1934:	8f95                	sub	a5,a5,a3
    1936:	07c2                	slli	a5,a5,0x10
    1938:	83c1                	srli	a5,a5,0x10
    193a:	c7a9                	beqz	a5,1984 <tx_kick+0x80>
    193c:	04000693          	li	a3,64
    1940:	863e                	mv	a2,a5
    1942:	00f6f463          	bgeu	a3,a5,194a <tx_kick+0x46>
    1946:	04000613          	li	a2,64
    194a:	0642                	slli	a2,a2,0x10
    194c:	200025b7          	lui	a1,0x20002
    1950:	8241                	srli	a2,a2,0x10
    1952:	4681                	li	a3,0
    1954:	e5058593          	addi	a1,a1,-432 # 20001e50 <tx_ring>
    1958:	231e                	lhu	a5,0(a4)
    195a:	00d10533          	add	a0,sp,a3
    195e:	0685                	addi	a3,a3,1
    1960:	97ae                	add	a5,a5,a1
    1962:	239c                	lbu	a5,0(a5)
    1964:	a11c                	sb	a5,0(a0)
    1966:	231e                	lhu	a5,0(a4)
    1968:	0785                	addi	a5,a5,1
    196a:	7ff7f793          	andi	a5,a5,2047
    196e:	a31e                	sh	a5,0(a4)
    1970:	01069793          	slli	a5,a3,0x10
    1974:	83c1                	srli	a5,a5,0x10
    1976:	fec7e1e3          	bltu	a5,a2,1958 <tx_kick+0x54>
    197a:	4685                	li	a3,1
    197c:	858a                	mv	a1,sp
    197e:	450d                	li	a0,3
    1980:	85bff0ef          	jal	ra,11da <USBFS_Endp_DataUp>
    1984:	6121                	addi	sp,sp,64
    1986:	fcefe06f          	j	154 <__riscv_restore_0>
    198a:	6605                	lui	a2,0x1
    198c:	80060613          	addi	a2,a2,-2048 # 800 <__stack_size>
    1990:	97b2                	add	a5,a5,a2
    1992:	b74d                	j	1934 <tx_kick+0x30>

00001994 <usbSerial_available>:
    1994:	8401d503          	lhu	a0,-1984(gp) # 20000128 <rx_head>
    1998:	8421d783          	lhu	a5,-1982(gp) # 2000012a <rx_tail>
    199c:	0542                	slli	a0,a0,0x10
    199e:	8141                	srli	a0,a0,0x10
    19a0:	07c2                	slli	a5,a5,0x10
    19a2:	83c1                	srli	a5,a5,0x10
    19a4:	00f56663          	bltu	a0,a5,19b0 <usbSerial_available+0x1c>
    19a8:	8d1d                	sub	a0,a0,a5
    19aa:	0542                	slli	a0,a0,0x10
    19ac:	8141                	srli	a0,a0,0x10
    19ae:	8082                	ret
    19b0:	6705                	lui	a4,0x1
    19b2:	80070713          	addi	a4,a4,-2048 # 800 <__stack_size>
    19b6:	953a                	add	a0,a0,a4
    19b8:	bfc5                	j	19a8 <usbSerial_available+0x14>

000019ba <usbSerial_read>:
    19ba:	8401d683          	lhu	a3,-1984(gp) # 20000128 <rx_head>
    19be:	84218793          	addi	a5,gp,-1982 # 2000012a <rx_tail>
    19c2:	239a                	lhu	a4,0(a5)
    19c4:	4501                	li	a0,0
    19c6:	0742                	slli	a4,a4,0x10
    19c8:	8341                	srli	a4,a4,0x10
    19ca:	00d70e63          	beq	a4,a3,19e6 <usbSerial_read+0x2c>
    19ce:	2396                	lhu	a3,0(a5)
    19d0:	20001737          	lui	a4,0x20001
    19d4:	65070713          	addi	a4,a4,1616 # 20001650 <rx_ring>
    19d8:	9736                	add	a4,a4,a3
    19da:	2308                	lbu	a0,0(a4)
    19dc:	239a                	lhu	a4,0(a5)
    19de:	0705                	addi	a4,a4,1
    19e0:	7ff77713          	andi	a4,a4,2047
    19e4:	a39a                	sh	a4,0(a5)
    19e6:	8082                	ret

000019e8 <usbSerial_blocking_read_u8>:
    19e8:	f48fe2ef          	jal	t0,130 <__riscv_save_0>
    19ec:	3765                	jal	1994 <usbSerial_available>
    19ee:	dd7d                	beqz	a0,19ec <usbSerial_blocking_read_u8+0x4>
    19f0:	37e9                	jal	19ba <usbSerial_read>
    19f2:	f62fe06f          	j	154 <__riscv_restore_0>

000019f6 <usbSerial_blocking_read_bytes>:
    19f6:	f3afe2ef          	jal	t0,130 <__riscv_save_0>
    19fa:	842e                	mv	s0,a1
    19fc:	00b504b3          	add	s1,a0,a1
    1a00:	00941463          	bne	s0,s1,1a08 <usbSerial_blocking_read_bytes+0x12>
    1a04:	f50fe06f          	j	154 <__riscv_restore_0>
    1a08:	3771                	jal	1994 <usbSerial_available>
    1a0a:	dd7d                	beqz	a0,1a08 <usbSerial_blocking_read_bytes+0x12>
    1a0c:	377d                	jal	19ba <usbSerial_read>
    1a0e:	a008                	sb	a0,0(s0)
    1a10:	0405                	addi	s0,s0,1
    1a12:	b7fd                	j	1a00 <usbSerial_blocking_read_bytes+0xa>

00001a14 <usbSerial_writeP>:
    1a14:	f1cfe2ef          	jal	t0,130 <__riscv_save_0>
    1a18:	6605                	lui	a2,0x1
    1a1a:	20002837          	lui	a6,0x20002
    1a1e:	4681                	li	a3,0
    1a20:	80060613          	addi	a2,a2,-2048 # 800 <__stack_size>
    1a24:	7ff00e93          	li	t4,2047
    1a28:	e5080813          	addi	a6,a6,-432 # 20001e50 <tx_ring>
    1a2c:	01069413          	slli	s0,a3,0x10
    1a30:	8041                	srli	s0,s0,0x10
    1a32:	00b46663          	bltu	s0,a1,1a3e <usbSerial_writeP+0x2a>
    1a36:	35f9                	jal	1904 <tx_kick>
    1a38:	8522                	mv	a0,s0
    1a3a:	f1afe06f          	j	154 <__riscv_restore_0>
    1a3e:	84418793          	addi	a5,gp,-1980 # 2000012c <tx_head>
    1a42:	84818713          	addi	a4,gp,-1976 # 20000130 <tx_tail>
    1a46:	239e                	lhu	a5,0(a5)
    1a48:	231a                	lhu	a4,0(a4)
    1a4a:	84418893          	addi	a7,gp,-1980 # 2000012c <tx_head>
    1a4e:	07c2                	slli	a5,a5,0x10
    1a50:	0742                	slli	a4,a4,0x10
    1a52:	83c1                	srli	a5,a5,0x10
    1a54:	8341                	srli	a4,a4,0x10
    1a56:	02e7e763          	bltu	a5,a4,1a84 <usbSerial_writeP+0x70>
    1a5a:	8f99                	sub	a5,a5,a4
    1a5c:	07c2                	slli	a5,a5,0x10
    1a5e:	83c1                	srli	a5,a5,0x10
    1a60:	fdd78be3          	beq	a5,t4,1a36 <usbSerial_writeP+0x22>
    1a64:	0008d783          	lhu	a5,0(a7)
    1a68:	00d50733          	add	a4,a0,a3
    1a6c:	2318                	lbu	a4,0(a4)
    1a6e:	97c2                	add	a5,a5,a6
    1a70:	0685                	addi	a3,a3,1
    1a72:	a398                	sb	a4,0(a5)
    1a74:	0008d783          	lhu	a5,0(a7)
    1a78:	0785                	addi	a5,a5,1
    1a7a:	7ff7f793          	andi	a5,a5,2047
    1a7e:	00f89023          	sh	a5,0(a7)
    1a82:	b76d                	j	1a2c <usbSerial_writeP+0x18>
    1a84:	97b2                	add	a5,a5,a2
    1a86:	bfd1                	j	1a5a <usbSerial_writeP+0x46>

00001a88 <usbSerial_blocking_read_u32>:
    1a88:	ea8fe2ef          	jal	t0,130 <__riscv_save_0>
    1a8c:	3fb1                	jal	19e8 <usbSerial_blocking_read_u8>
    1a8e:	892a                	mv	s2,a0
    1a90:	3fa1                	jal	19e8 <usbSerial_blocking_read_u8>
    1a92:	842a                	mv	s0,a0
    1a94:	3f91                	jal	19e8 <usbSerial_blocking_read_u8>
    1a96:	84aa                	mv	s1,a0
    1a98:	3f81                	jal	19e8 <usbSerial_blocking_read_u8>
    1a9a:	00841793          	slli	a5,s0,0x8
    1a9e:	01049713          	slli	a4,s1,0x10
    1aa2:	8fd9                	or	a5,a5,a4
    1aa4:	0127e7b3          	or	a5,a5,s2
    1aa8:	0562                	slli	a0,a0,0x18
    1aaa:	8d5d                	or	a0,a0,a5
    1aac:	ea8fe06f          	j	154 <__riscv_restore_0>

00001ab0 <usbSerial_flush>:
    1ab0:	e80fe2ef          	jal	t0,130 <__riscv_save_0>
    1ab4:	3d81                	jal	1904 <tx_kick>
    1ab6:	e9efe06f          	j	154 <__riscv_restore_0>

00001aba <usbSerial_tx_pending>:
    1aba:	8441d503          	lhu	a0,-1980(gp) # 2000012c <tx_head>
    1abe:	8481d783          	lhu	a5,-1976(gp) # 20000130 <tx_tail>
    1ac2:	0542                	slli	a0,a0,0x10
    1ac4:	8141                	srli	a0,a0,0x10
    1ac6:	07c2                	slli	a5,a5,0x10
    1ac8:	83c1                	srli	a5,a5,0x10
    1aca:	00f56663          	bltu	a0,a5,1ad6 <usbSerial_tx_pending+0x1c>
    1ace:	8d1d                	sub	a0,a0,a5
    1ad0:	0542                	slli	a0,a0,0x10
    1ad2:	8141                	srli	a0,a0,0x10
    1ad4:	8082                	ret
    1ad6:	6705                	lui	a4,0x1
    1ad8:	80070713          	addi	a4,a4,-2048 # 800 <__stack_size>
    1adc:	953a                	add	a0,a0,a4
    1ade:	bfc5                	j	1ace <usbSerial_tx_pending+0x14>

00001ae0 <usbSerial_send_zlp>:
    1ae0:	e50fe2ef          	jal	t0,130 <__riscv_save_0>
    1ae4:	6431                	lui	s0,0xc
    1ae6:	35140413          	addi	s0,s0,849 # c351 <_data_lma+0x1305>
    1aea:	82818493          	addi	s1,gp,-2008 # 20000110 <USBFS_Endp_Busy>
    1aee:	30bc                	lbu	a5,3(s1)
    1af0:	0ff7f793          	andi	a5,a5,255
    1af4:	c399                	beqz	a5,1afa <usbSerial_send_zlp+0x1a>
    1af6:	147d                	addi	s0,s0,-1
    1af8:	e005                	bnez	s0,1b18 <usbSerial_send_zlp+0x38>
    1afa:	30bc                	lbu	a5,3(s1)
    1afc:	0ff7f793          	andi	a5,a5,255
    1b00:	eb91                	bnez	a5,1b14 <usbSerial_send_zlp+0x34>
    1b02:	200015b7          	lui	a1,0x20001
    1b06:	4685                	li	a3,1
    1b08:	4601                	li	a2,0
    1b0a:	61058593          	addi	a1,a1,1552 # 20001610 <USBFS_EP3_Buf>
    1b0e:	450d                	li	a0,3
    1b10:	ecaff0ef          	jal	ra,11da <USBFS_Endp_DataUp>
    1b14:	e40fe06f          	j	154 <__riscv_restore_0>
    1b18:	4529                	li	a0,10
    1b1a:	726060ef          	jal	ra,8240 <Delay_Us>
    1b1e:	bfc1                	j	1aee <usbSerial_send_zlp+0xe>

00001b20 <usbSerial_blocking_writeP>:
    1b20:	e10fe2ef          	jal	t0,130 <__riscv_save_0>
    1b24:	842e                	mv	s0,a1
    1b26:	35fd                	jal	1a14 <usbSerial_writeP>
    1b28:	3f49                	jal	1aba <usbSerial_tx_pending>
    1b2a:	e901                	bnez	a0,1b3a <usbSerial_blocking_writeP+0x1a>
    1b2c:	c409                	beqz	s0,1b36 <usbSerial_blocking_writeP+0x16>
    1b2e:	03f47413          	andi	s0,s0,63
    1b32:	e011                	bnez	s0,1b36 <usbSerial_blocking_writeP+0x16>
    1b34:	3775                	jal	1ae0 <usbSerial_send_zlp>
    1b36:	e1efe06f          	j	154 <__riscv_restore_0>
    1b3a:	dcbff0ef          	jal	ra,1904 <tx_kick>
    1b3e:	06400513          	li	a0,100
    1b42:	6fe060ef          	jal	ra,8240 <Delay_Us>
    1b46:	b7cd                	j	1b28 <usbSerial_blocking_writeP+0x8>

00001b48 <usbSerial_blocking_writeP_u32>:
    1b48:	de8fe2ef          	jal	t0,130 <__riscv_save_0>
    1b4c:	1141                	addi	sp,sp,-16
    1b4e:	c62a                	sw	a0,12(sp)
    1b50:	4591                	li	a1,4
    1b52:	0068                	addi	a0,sp,12
    1b54:	37f1                	jal	1b20 <usbSerial_blocking_writeP>
    1b56:	0141                	addi	sp,sp,16
    1b58:	dfcfe06f          	j	154 <__riscv_restore_0>

00001b5c <usbSerial_on_ep2_out>:
    1b5c:	6605                	lui	a2,0x1
    1b5e:	200015b7          	lui	a1,0x20001
    1b62:	20001837          	lui	a6,0x20001
    1b66:	4681                	li	a3,0
    1b68:	80060613          	addi	a2,a2,-2048 # 800 <__stack_size>
    1b6c:	7ff00e93          	li	t4,2047
    1b70:	65058593          	addi	a1,a1,1616 # 20001650 <rx_ring>
    1b74:	5d080813          	addi	a6,a6,1488 # 200015d0 <USBFS_EP2_Buf>
    1b78:	01069793          	slli	a5,a3,0x10
    1b7c:	83c1                	srli	a5,a5,0x10
    1b7e:	00a7e363          	bltu	a5,a0,1b84 <usbSerial_on_ep2_out+0x28>
    1b82:	8082                	ret
    1b84:	84018793          	addi	a5,gp,-1984 # 20000128 <rx_head>
    1b88:	84218713          	addi	a4,gp,-1982 # 2000012a <rx_tail>
    1b8c:	239e                	lhu	a5,0(a5)
    1b8e:	231a                	lhu	a4,0(a4)
    1b90:	84018893          	addi	a7,gp,-1984 # 20000128 <rx_head>
    1b94:	07c2                	slli	a5,a5,0x10
    1b96:	0742                	slli	a4,a4,0x10
    1b98:	83c1                	srli	a5,a5,0x10
    1b9a:	8341                	srli	a4,a4,0x10
    1b9c:	02e7e763          	bltu	a5,a4,1bca <usbSerial_on_ep2_out+0x6e>
    1ba0:	8f99                	sub	a5,a5,a4
    1ba2:	07c2                	slli	a5,a5,0x10
    1ba4:	83c1                	srli	a5,a5,0x10
    1ba6:	fdd78ee3          	beq	a5,t4,1b82 <usbSerial_on_ep2_out+0x26>
    1baa:	0008d783          	lhu	a5,0(a7)
    1bae:	01068733          	add	a4,a3,a6
    1bb2:	2318                	lbu	a4,0(a4)
    1bb4:	97ae                	add	a5,a5,a1
    1bb6:	0685                	addi	a3,a3,1
    1bb8:	a398                	sb	a4,0(a5)
    1bba:	0008d783          	lhu	a5,0(a7)
    1bbe:	0785                	addi	a5,a5,1
    1bc0:	7ff7f793          	andi	a5,a5,2047
    1bc4:	00f89023          	sh	a5,0(a7)
    1bc8:	bf45                	j	1b78 <usbSerial_on_ep2_out+0x1c>
    1bca:	97b2                	add	a5,a5,a2
    1bcc:	bfd1                	j	1ba0 <usbSerial_on_ep2_out+0x44>

00001bce <usbSerial_on_ep3_in_done>:
    1bce:	4705                	li	a4,1
    1bd0:	84e18323          	sb	a4,-1978(gp) # 2000012e <tx_pending_kick>
    1bd4:	8082                	ret

00001bd6 <adc_init>:
    1bd6:	d5afe2ef          	jal	t0,130 <__riscv_save_0>
    1bda:	1101                	addi	sp,sp,-32
    1bdc:	02000613          	li	a2,32
    1be0:	4581                	li	a1,0
    1be2:	850a                	mv	a0,sp
    1be4:	d7cfe0ef          	jal	ra,160 <memset>
    1be8:	6531                	lui	a0,0xc
    1bea:	40012437          	lui	s0,0x40012
    1bee:	114060ef          	jal	ra,7d02 <RCC_ADCCLKConfig>
    1bf2:	40040513          	addi	a0,s0,1024 # 40012400 <_eusrstack+0x2000d400>
    1bf6:	185050ef          	jal	ra,757a <ADC_DeInit>
    1bfa:	000e07b7          	lui	a5,0xe0
    1bfe:	c63e                	sw	a5,12(sp)
    1c00:	858a                	mv	a1,sp
    1c02:	4785                	li	a5,1
    1c04:	40040513          	addi	a0,s0,1024
    1c08:	00f10a23          	sb	a5,20(sp)
    1c0c:	c002                	sw	zero,0(sp)
    1c0e:	c202                	sw	zero,4(sp)
    1c10:	c402                	sw	zero,8(sp)
    1c12:	c802                	sw	zero,16(sp)
    1c14:	1ad050ef          	jal	ra,75c0 <ADC_Init>
    1c18:	4581                	li	a1,0
    1c1a:	40040513          	addi	a0,s0,1024
    1c1e:	305050ef          	jal	ra,7722 <ADC_InjectedDiscModeCmd>
    1c22:	4581                	li	a1,0
    1c24:	40040513          	addi	a0,s0,1024
    1c28:	30f050ef          	jal	ra,7736 <ADC_ExternalTrigInjectedConvCmd>
    1c2c:	4585                	li	a1,1
    1c2e:	40040513          	addi	a0,s0,1024
    1c32:	1e5050ef          	jal	ra,7616 <ADC_Cmd>
    1c36:	4581                	li	a1,0
    1c38:	40040513          	addi	a0,s0,1024
    1c3c:	321050ef          	jal	ra,775c <ADC_BufferCmd>
    1c40:	40040513          	addi	a0,s0,1024
    1c44:	1e3050ef          	jal	ra,7626 <ADC_ResetCalibration>
    1c48:	40040493          	addi	s1,s0,1024
    1c4c:	8526                	mv	a0,s1
    1c4e:	1e3050ef          	jal	ra,7630 <ADC_GetResetCalibrationStatus>
    1c52:	fd6d                	bnez	a0,1c4c <adc_init+0x76>
    1c54:	40040513          	addi	a0,s0,1024
    1c58:	40012437          	lui	s0,0x40012
    1c5c:	1dd050ef          	jal	ra,7638 <ADC_StartCalibration>
    1c60:	40040493          	addi	s1,s0,1024 # 40012400 <_eusrstack+0x2000d400>
    1c64:	8526                	mv	a0,s1
    1c66:	1dd050ef          	jal	ra,7642 <ADC_GetCalibrationStatus>
    1c6a:	fd6d                	bnez	a0,1c64 <adc_init+0x8e>
    1c6c:	4585                	li	a1,1
    1c6e:	40040513          	addi	a0,s0,1024
    1c72:	2eb050ef          	jal	ra,775c <ADC_BufferCmd>
    1c76:	6105                	addi	sp,sp,32
    1c78:	cdcfe06f          	j	154 <__riscv_restore_0>

00001c7c <adc_read>:
    1c7c:	cb4fe2ef          	jal	t0,130 <__riscv_save_0>
    1c80:	479d                	li	a5,7
    1c82:	85aa                	mv	a1,a0
    1c84:	00a7f663          	bgeu	a5,a0,1c90 <adc_read+0x14>
    1c88:	ff850593          	addi	a1,a0,-8 # bff8 <_data_lma+0xfac>
    1c8c:	0ff5f593          	andi	a1,a1,255
    1c90:	40012437          	lui	s0,0x40012
    1c94:	4695                	li	a3,5
    1c96:	4605                	li	a2,1
    1c98:	40040513          	addi	a0,s0,1024 # 40012400 <_eusrstack+0x2000d400>
    1c9c:	1c7050ef          	jal	ra,7662 <ADC_RegularChannelConfig>
    1ca0:	4585                	li	a1,1
    1ca2:	40040513          	addi	a0,s0,1024
    1ca6:	1a5050ef          	jal	ra,764a <ADC_SoftwareStartConvCmd>
    1caa:	40040493          	addi	s1,s0,1024
    1cae:	4589                	li	a1,2
    1cb0:	8526                	mv	a0,s1
    1cb2:	299050ef          	jal	ra,774a <ADC_GetFlagStatus>
    1cb6:	dd65                	beqz	a0,1cae <adc_read+0x32>
    1cb8:	40040513          	addi	a0,s0,1024
    1cbc:	25f050ef          	jal	ra,771a <ADC_GetConversionValue>
    1cc0:	84aa                	mv	s1,a0
    1cc2:	4589                	li	a1,2
    1cc4:	40040513          	addi	a0,s0,1024
    1cc8:	28d050ef          	jal	ra,7754 <ADC_ClearFlag>
    1ccc:	8526                	mv	a0,s1
    1cce:	c86fe06f          	j	154 <__riscv_restore_0>

00001cd2 <flash_sync>:
    1cd2:	4501                	li	a0,0
    1cd4:	8082                	ret

00001cd6 <flash_erase>:
    1cd6:	02700713          	li	a4,39
    1cda:	57a9                	li	a5,-22
    1cdc:	04b76063          	bltu	a4,a1,1d1c <flash_erase+0x46>
    1ce0:	c50fe2ef          	jal	t0,130 <__riscv_save_0>
    1ce4:	1141                	addi	sp,sp,-16
    1ce6:	842e                	mv	s0,a1
    1ce8:	31f050ef          	jal	ra,7806 <FLASH_Unlock>
    1cec:	03100513          	li	a0,49
    1cf0:	33f050ef          	jal	ra,782e <FLASH_ClearFlag>
    1cf4:	65a1                	lui	a1,0x8
    1cf6:	05c1                	addi	a1,a1,16
    1cf8:	95a2                	add	a1,a1,s0
    1cfa:	00c59513          	slli	a0,a1,0xc
    1cfe:	375050ef          	jal	ra,7872 <FLASH_ErasePage>
    1d02:	c62a                	sw	a0,12(sp)
    1d04:	31d050ef          	jal	ra,7820 <FLASH_Lock>
    1d08:	4532                	lw	a0,12(sp)
    1d0a:	4711                	li	a4,4
    1d0c:	4781                	li	a5,0
    1d0e:	00e50363          	beq	a0,a4,1d14 <flash_erase+0x3e>
    1d12:	57ed                	li	a5,-5
    1d14:	853e                	mv	a0,a5
    1d16:	0141                	addi	sp,sp,16
    1d18:	c3cfe06f          	j	154 <__riscv_restore_0>
    1d1c:	853e                	mv	a0,a5
    1d1e:	8082                	ret

00001d20 <flash_read>:
    1d20:	87b2                	mv	a5,a2
    1d22:	02700613          	li	a2,39
    1d26:	5529                	li	a0,-22
    1d28:	02b66563          	bltu	a2,a1,1d52 <flash_read+0x32>
    1d2c:	00e78633          	add	a2,a5,a4
    1d30:	6805                	lui	a6,0x1
    1d32:	02c86063          	bltu	a6,a2,1d52 <flash_read+0x32>
    1d36:	bfafe2ef          	jal	t0,130 <__riscv_save_0>
    1d3a:	863a                	mv	a2,a4
    1d3c:	6721                	lui	a4,0x8
    1d3e:	0741                	addi	a4,a4,16
    1d40:	95ba                	add	a1,a1,a4
    1d42:	05b2                	slli	a1,a1,0xc
    1d44:	8536                	mv	a0,a3
    1d46:	95be                	add	a1,a1,a5
    1d48:	415060ef          	jal	ra,895c <memcpy>
    1d4c:	4501                	li	a0,0
    1d4e:	c06fe06f          	j	154 <__riscv_restore_0>
    1d52:	8082                	ret

00001d54 <flash_prog>:
    1d54:	02700793          	li	a5,39
    1d58:	5529                	li	a0,-22
    1d5a:	06b7e463          	bltu	a5,a1,1dc2 <flash_prog+0x6e>
    1d5e:	00e607b3          	add	a5,a2,a4
    1d62:	6805                	lui	a6,0x1
    1d64:	04f86f63          	bltu	a6,a5,1dc2 <flash_prog+0x6e>
    1d68:	00e667b3          	or	a5,a2,a4
    1d6c:	8b85                	andi	a5,a5,1
    1d6e:	ebb1                	bnez	a5,1dc2 <flash_prog+0x6e>
    1d70:	ba6fe2ef          	jal	t0,116 <__riscv_save_4>
    1d74:	6421                	lui	s0,0x8
    1d76:	0441                	addi	s0,s0,16
    1d78:	942e                	add	s0,s0,a1
    1d7a:	0432                	slli	s0,s0,0xc
    1d7c:	893a                	mv	s2,a4
    1d7e:	84b6                	mv	s1,a3
    1d80:	9432                	add	s0,s0,a2
    1d82:	285050ef          	jal	ra,7806 <FLASH_Unlock>
    1d86:	03100513          	li	a0,49
    1d8a:	2a5050ef          	jal	ra,782e <FLASH_ClearFlag>
    1d8e:	4981                	li	s3,0
    1d90:	4a11                	li	s4,4
    1d92:	0129e663          	bltu	s3,s2,1d9e <flash_prog+0x4a>
    1d96:	28b050ef          	jal	ra,7820 <FLASH_Lock>
    1d9a:	4501                	li	a0,0
    1d9c:	a839                	j	1dba <flash_prog+0x66>
    1d9e:	309c                	lbu	a5,1(s1)
    1da0:	208c                	lbu	a1,0(s1)
    1da2:	01340533          	add	a0,s0,s3
    1da6:	07a2                	slli	a5,a5,0x8
    1da8:	8ddd                	or	a1,a1,a5
    1daa:	305050ef          	jal	ra,78ae <FLASH_ProgramHalfWord>
    1dae:	0489                	addi	s1,s1,2
    1db0:	01450763          	beq	a0,s4,1dbe <flash_prog+0x6a>
    1db4:	26d050ef          	jal	ra,7820 <FLASH_Lock>
    1db8:	556d                	li	a0,-5
    1dba:	b90fe06f          	j	14a <__riscv_restore_4>
    1dbe:	0989                	addi	s3,s3,2
    1dc0:	bfc9                	j	1d92 <flash_prog+0x3e>
    1dc2:	8082                	ret

00001dc4 <allocate_fh>:
    1dc4:	200037b7          	lui	a5,0x20003
    1dc8:	88078713          	addi	a4,a5,-1920 # 20002880 <file_handles>
    1dcc:	4501                	li	a0,0
    1dce:	88078793          	addi	a5,a5,-1920
    1dd2:	46a9                	li	a3,10
    1dd4:	4b70                	lw	a2,84(a4)
    1dd6:	ea09                	bnez	a2,1de8 <allocate_fh+0x24>
    1dd8:	05800713          	li	a4,88
    1ddc:	02e50733          	mul	a4,a0,a4
    1de0:	97ba                	add	a5,a5,a4
    1de2:	4705                	li	a4,1
    1de4:	cbf8                	sw	a4,84(a5)
    1de6:	8082                	ret
    1de8:	0505                	addi	a0,a0,1
    1dea:	05870713          	addi	a4,a4,88 # 8058 <TIM_OC4Init+0x18>
    1dee:	fed513e3          	bne	a0,a3,1dd4 <allocate_fh+0x10>
    1df2:	557d                	li	a0,-1
    1df4:	8082                	ret

00001df6 <allocate_dh>:
    1df6:	200027b7          	lui	a5,0x20002
    1dfa:	65078713          	addi	a4,a5,1616 # 20002650 <dir_handles>
    1dfe:	4501                	li	a0,0
    1e00:	65078793          	addi	a5,a5,1616
    1e04:	46a9                	li	a3,10
    1e06:	5b50                	lw	a2,52(a4)
    1e08:	ea09                	bnez	a2,1e1a <allocate_dh+0x24>
    1e0a:	03800713          	li	a4,56
    1e0e:	02e50733          	mul	a4,a0,a4
    1e12:	97ba                	add	a5,a5,a4
    1e14:	4705                	li	a4,1
    1e16:	dbd8                	sw	a4,52(a5)
    1e18:	8082                	ret
    1e1a:	0505                	addi	a0,a0,1
    1e1c:	03870713          	addi	a4,a4,56
    1e20:	fed513e3          	bne	a0,a3,1e06 <allocate_dh+0x10>
    1e24:	557d                	li	a0,-1
    1e26:	8082                	ret

00001e28 <flashfs_init>:
    1e28:	b08fe2ef          	jal	t0,130 <__riscv_save_0>
    1e2c:	64a9                	lui	s1,0xa
    1e2e:	20003437          	lui	s0,0x20003
    1e32:	e5848593          	addi	a1,s1,-424 # 9e58 <cfg>
    1e36:	cf840513          	addi	a0,s0,-776 # 20002cf8 <lfs>
    1e3a:	74a040ef          	jal	ra,6584 <lfs_mount>
    1e3e:	cd09                	beqz	a0,1e58 <flashfs_init+0x30>
    1e40:	e5848593          	addi	a1,s1,-424
    1e44:	cf840513          	addi	a0,s0,-776
    1e48:	63a040ef          	jal	ra,6482 <lfs_format>
    1e4c:	e5848593          	addi	a1,s1,-424
    1e50:	cf840513          	addi	a0,s0,-776
    1e54:	730040ef          	jal	ra,6584 <lfs_mount>
    1e58:	afcfe06f          	j	154 <__riscv_restore_0>

00001e5c <flashfs_remove>:
    1e5c:	ad4fe2ef          	jal	t0,130 <__riscv_save_0>
    1e60:	85aa                	mv	a1,a0
    1e62:	20003537          	lui	a0,0x20003
    1e66:	cf850513          	addi	a0,a0,-776 # 20002cf8 <lfs>
    1e6a:	1c1040ef          	jal	ra,682a <lfs_remove>
    1e6e:	ae6fe06f          	j	154 <__riscv_restore_0>

00001e72 <flashfs_move>:
    1e72:	abefe2ef          	jal	t0,130 <__riscv_save_0>
    1e76:	862e                	mv	a2,a1
    1e78:	85aa                	mv	a1,a0
    1e7a:	20003537          	lui	a0,0x20003
    1e7e:	cf850513          	addi	a0,a0,-776 # 20002cf8 <lfs>
    1e82:	2b3040ef          	jal	ra,6934 <lfs_rename>
    1e86:	acefe06f          	j	154 <__riscv_restore_0>

00001e8a <flashfs_file_open>:
    1e8a:	aa6fe2ef          	jal	t0,130 <__riscv_save_0>
    1e8e:	1141                	addi	sp,sp,-16
    1e90:	c62a                	sw	a0,12(sp)
    1e92:	c42e                	sw	a1,8(sp)
    1e94:	3f05                	jal	1dc4 <allocate_fh>
    1e96:	57fd                	li	a5,-1
    1e98:	842a                	mv	s0,a0
    1e9a:	02f50663          	beq	a0,a5,1ec6 <flashfs_file_open+0x3c>
    1e9e:	05800793          	li	a5,88
    1ea2:	02f507b3          	mul	a5,a0,a5
    1ea6:	200035b7          	lui	a1,0x20003
    1eaa:	46a2                	lw	a3,8(sp)
    1eac:	4632                	lw	a2,12(sp)
    1eae:	88058593          	addi	a1,a1,-1920 # 20002880 <file_handles>
    1eb2:	20003537          	lui	a0,0x20003
    1eb6:	cf850513          	addi	a0,a0,-776 # 20002cf8 <lfs>
    1eba:	95be                	add	a1,a1,a5
    1ebc:	525040ef          	jal	ra,6be0 <lfs_file_open>
    1ec0:	00055363          	bgez	a0,1ec6 <flashfs_file_open+0x3c>
    1ec4:	842a                	mv	s0,a0
    1ec6:	8522                	mv	a0,s0
    1ec8:	0141                	addi	sp,sp,16
    1eca:	a8afe06f          	j	154 <__riscv_restore_0>

00001ece <flashfs_file_close>:
    1ece:	a62fe2ef          	jal	t0,130 <__riscv_save_0>
    1ed2:	05800413          	li	s0,88
    1ed6:	02850533          	mul	a0,a0,s0
    1eda:	20003437          	lui	s0,0x20003
    1ede:	88040413          	addi	s0,s0,-1920 # 20002880 <file_handles>
    1ee2:	942a                	add	s0,s0,a0
    1ee4:	20003537          	lui	a0,0x20003
    1ee8:	85a2                	mv	a1,s0
    1eea:	cf850513          	addi	a0,a0,-776 # 20002cf8 <lfs>
    1eee:	541040ef          	jal	ra,6c2e <lfs_file_close>
    1ef2:	04042a23          	sw	zero,84(s0)
    1ef6:	a5efe06f          	j	154 <__riscv_restore_0>

00001efa <flashfs_file_read>:
    1efa:	a36fe2ef          	jal	t0,130 <__riscv_save_0>
    1efe:	05800793          	li	a5,88
    1f02:	02f50533          	mul	a0,a0,a5
    1f06:	86b2                	mv	a3,a2
    1f08:	862e                	mv	a2,a1
    1f0a:	200035b7          	lui	a1,0x20003
    1f0e:	88058593          	addi	a1,a1,-1920 # 20002880 <file_handles>
    1f12:	95aa                	add	a1,a1,a0
    1f14:	20003537          	lui	a0,0x20003
    1f18:	cf850513          	addi	a0,a0,-776 # 20002cf8 <lfs>
    1f1c:	54f040ef          	jal	ra,6c6a <lfs_file_read>
    1f20:	a34fe06f          	j	154 <__riscv_restore_0>

00001f24 <flashfs_file_write>:
    1f24:	a0cfe2ef          	jal	t0,130 <__riscv_save_0>
    1f28:	05800793          	li	a5,88
    1f2c:	02f50533          	mul	a0,a0,a5
    1f30:	86b2                	mv	a3,a2
    1f32:	862e                	mv	a2,a1
    1f34:	200035b7          	lui	a1,0x20003
    1f38:	88058593          	addi	a1,a1,-1920 # 20002880 <file_handles>
    1f3c:	95aa                	add	a1,a1,a0
    1f3e:	20003537          	lui	a0,0x20003
    1f42:	cf850513          	addi	a0,a0,-776 # 20002cf8 <lfs>
    1f46:	5a7040ef          	jal	ra,6cec <lfs_file_write>
    1f4a:	a0afe06f          	j	154 <__riscv_restore_0>

00001f4e <flashfs_file_seek>:
    1f4e:	9e2fe2ef          	jal	t0,130 <__riscv_save_0>
    1f52:	05800793          	li	a5,88
    1f56:	02f50533          	mul	a0,a0,a5
    1f5a:	86b2                	mv	a3,a2
    1f5c:	862e                	mv	a2,a1
    1f5e:	200035b7          	lui	a1,0x20003
    1f62:	88058593          	addi	a1,a1,-1920 # 20002880 <file_handles>
    1f66:	95aa                	add	a1,a1,a0
    1f68:	20003537          	lui	a0,0x20003
    1f6c:	cf850513          	addi	a0,a0,-776 # 20002cf8 <lfs>
    1f70:	5c5040ef          	jal	ra,6d34 <lfs_file_seek>
    1f74:	9e0fe06f          	j	154 <__riscv_restore_0>

00001f78 <flashfs_file_truncate>:
    1f78:	9b8fe2ef          	jal	t0,130 <__riscv_save_0>
    1f7c:	05800793          	li	a5,88
    1f80:	02f50533          	mul	a0,a0,a5
    1f84:	862e                	mv	a2,a1
    1f86:	200035b7          	lui	a1,0x20003
    1f8a:	88058593          	addi	a1,a1,-1920 # 20002880 <file_handles>
    1f8e:	95aa                	add	a1,a1,a0
    1f90:	20003537          	lui	a0,0x20003
    1f94:	cf850513          	addi	a0,a0,-776 # 20002cf8 <lfs>
    1f98:	5e5040ef          	jal	ra,6d7c <lfs_file_truncate>
    1f9c:	9b8fe06f          	j	154 <__riscv_restore_0>

00001fa0 <flashfs_mkdir>:
    1fa0:	990fe2ef          	jal	t0,130 <__riscv_save_0>
    1fa4:	85aa                	mv	a1,a0
    1fa6:	20003537          	lui	a0,0x20003
    1faa:	cf850513          	addi	a0,a0,-776 # 20002cf8 <lfs>
    1fae:	71b040ef          	jal	ra,6ec8 <lfs_mkdir>
    1fb2:	9a2fe06f          	j	154 <__riscv_restore_0>

00001fb6 <flashfs_dir_open>:
    1fb6:	97afe2ef          	jal	t0,130 <__riscv_save_0>
    1fba:	1141                	addi	sp,sp,-16
    1fbc:	c62a                	sw	a0,12(sp)
    1fbe:	e39ff0ef          	jal	ra,1df6 <allocate_dh>
    1fc2:	57fd                	li	a5,-1
    1fc4:	842a                	mv	s0,a0
    1fc6:	02f50563          	beq	a0,a5,1ff0 <flashfs_dir_open+0x3a>
    1fca:	03800793          	li	a5,56
    1fce:	02f507b3          	mul	a5,a0,a5
    1fd2:	200025b7          	lui	a1,0x20002
    1fd6:	4632                	lw	a2,12(sp)
    1fd8:	65058593          	addi	a1,a1,1616 # 20002650 <dir_handles>
    1fdc:	20003537          	lui	a0,0x20003
    1fe0:	cf850513          	addi	a0,a0,-776 # 20002cf8 <lfs>
    1fe4:	95be                	add	a1,a1,a5
    1fe6:	034050ef          	jal	ra,701a <lfs_dir_open>
    1fea:	00055363          	bgez	a0,1ff0 <flashfs_dir_open+0x3a>
    1fee:	842a                	mv	s0,a0
    1ff0:	8522                	mv	a0,s0
    1ff2:	0141                	addi	sp,sp,16
    1ff4:	960fe06f          	j	154 <__riscv_restore_0>

00001ff8 <flashfs_dir_close>:
    1ff8:	938fe2ef          	jal	t0,130 <__riscv_save_0>
    1ffc:	03800413          	li	s0,56
    2000:	02850533          	mul	a0,a0,s0
    2004:	20002437          	lui	s0,0x20002
    2008:	65040413          	addi	s0,s0,1616 # 20002650 <dir_handles>
    200c:	942a                	add	s0,s0,a0
    200e:	20003537          	lui	a0,0x20003
    2012:	85a2                	mv	a1,s0
    2014:	cf850513          	addi	a0,a0,-776 # 20002cf8 <lfs>
    2018:	0c0050ef          	jal	ra,70d8 <lfs_dir_close>
    201c:	02042a23          	sw	zero,52(s0)
    2020:	934fe06f          	j	154 <__riscv_restore_0>

00002024 <flashfs_dir_read>:
    2024:	90cfe2ef          	jal	t0,130 <__riscv_save_0>
    2028:	03800593          	li	a1,56
    202c:	02b50533          	mul	a0,a0,a1
    2030:	200025b7          	lui	a1,0x20002
    2034:	65058593          	addi	a1,a1,1616 # 20002650 <dir_handles>
    2038:	20003637          	lui	a2,0x20003
    203c:	bf060613          	addi	a2,a2,-1040 # 20002bf0 <file_info>
    2040:	95aa                	add	a1,a1,a0
    2042:	20003537          	lui	a0,0x20003
    2046:	cf850513          	addi	a0,a0,-776 # 20002cf8 <lfs>
    204a:	0a8050ef          	jal	ra,70f2 <lfs_dir_read>
    204e:	906fe06f          	j	154 <__riscv_restore_0>

00002052 <gpio_base_init_pins>:
    2052:	4685                	li	a3,1
    2054:	00b696b3          	sll	a3,a3,a1
    2058:	06c2                	slli	a3,a3,0x10
    205a:	00f67793          	andi	a5,a2,15
    205e:	8a41                	andi	a2,a2,16
    2060:	82c1                	srli	a3,a3,0x10
    2062:	c219                	beqz	a2,2068 <gpio_base_init_pins+0x16>
    2064:	0037e793          	ori	a5,a5,3
    2068:	0ff00713          	li	a4,255
    206c:	02d77463          	bgeu	a4,a3,2094 <gpio_base_init_pins+0x42>
    2070:	4150                	lw	a2,4(a0)
    2072:	15e1                	addi	a1,a1,-8
    2074:	058a                	slli	a1,a1,0x2
    2076:	473d                	li	a4,15
    2078:	00b71733          	sll	a4,a4,a1
    207c:	fff74713          	not	a4,a4
    2080:	00b795b3          	sll	a1,a5,a1
    2084:	8f71                	and	a4,a4,a2
    2086:	0ff00793          	li	a5,255
    208a:	8dd9                	or	a1,a1,a4
    208c:	00d7f663          	bgeu	a5,a3,2098 <gpio_base_init_pins+0x46>
    2090:	c14c                	sw	a1,4(a0)
    2092:	8082                	ret
    2094:	4110                	lw	a2,0(a0)
    2096:	bff9                	j	2074 <gpio_base_init_pins+0x22>
    2098:	c10c                	sw	a1,0(a0)
    209a:	8082                	ret

0000209c <gpio_init_pin>:
    209c:	894fe2ef          	jal	t0,130 <__riscv_save_0>
    20a0:	200007b7          	lui	a5,0x20000
    20a4:	00078793          	mv	a5,a5
    20a8:	97aa                	add	a5,a5,a0
    20aa:	00251713          	slli	a4,a0,0x2
    20ae:	20000537          	lui	a0,0x20000
    20b2:	01450513          	addi	a0,a0,20 # 20000014 <pin_port_mapping>
    20b6:	953a                	add	a0,a0,a4
    20b8:	862e                	mv	a2,a1
    20ba:	4108                	lw	a0,0(a0)
    20bc:	238c                	lbu	a1,0(a5)
    20be:	3f51                	jal	2052 <gpio_base_init_pins>
    20c0:	894fe06f          	j	154 <__riscv_restore_0>

000020c4 <gpio_init_default>:
    20c4:	852fe2ef          	jal	t0,116 <__riscv_save_4>
    20c8:	20000437          	lui	s0,0x20000
    20cc:	20000937          	lui	s2,0x20000
    20d0:	01440413          	addi	s0,s0,20 # 20000014 <pin_port_mapping>
    20d4:	4481                	li	s1,0
    20d6:	00090913          	mv	s2,s2
    20da:	49d1                	li	s3,20
    20dc:	009907b3          	add	a5,s2,s1
    20e0:	4008                	lw	a0,0(s0)
    20e2:	238c                	lbu	a1,0(a5)
    20e4:	4611                	li	a2,4
    20e6:	0485                	addi	s1,s1,1
    20e8:	f6bff0ef          	jal	ra,2052 <gpio_base_init_pins>
    20ec:	0411                	addi	s0,s0,4
    20ee:	ff3497e3          	bne	s1,s3,20dc <gpio_init_default+0x18>
    20f2:	400116b7          	lui	a3,0x40011
    20f6:	c006a783          	lw	a5,-1024(a3) # 40010c00 <_eusrstack+0x2000bc00>
    20fa:	7745                	lui	a4,0xffff1
    20fc:	177d                	addi	a4,a4,-1
    20fe:	8ff9                	and	a5,a5,a4
    2100:	670d                	lui	a4,0x3
    2102:	8fd9                	or	a5,a5,a4
    2104:	c0f6a023          	sw	a5,-1024(a3)
    2108:	842fe06f          	j	14a <__riscv_restore_4>

0000210c <gpio_read_pin>:
    210c:	20000737          	lui	a4,0x20000
    2110:	00251793          	slli	a5,a0,0x2
    2114:	01470713          	addi	a4,a4,20 # 20000014 <pin_port_mapping>
    2118:	973e                	add	a4,a4,a5
    211a:	431c                	lw	a5,0(a4)
    211c:	4798                	lw	a4,8(a5)
    211e:	200007b7          	lui	a5,0x20000
    2122:	00078793          	mv	a5,a5
    2126:	97aa                	add	a5,a5,a0
    2128:	239c                	lbu	a5,0(a5)
    212a:	4505                	li	a0,1
    212c:	00f51533          	sll	a0,a0,a5
    2130:	8d79                	and	a0,a0,a4
    2132:	00a03533          	snez	a0,a0
    2136:	8082                	ret

00002138 <gpio_set_pin>:
    2138:	20000737          	lui	a4,0x20000
    213c:	00251793          	slli	a5,a0,0x2
    2140:	01470713          	addi	a4,a4,20 # 20000014 <pin_port_mapping>
    2144:	973e                	add	a4,a4,a5
    2146:	200007b7          	lui	a5,0x20000
    214a:	00078793          	mv	a5,a5
    214e:	97aa                	add	a5,a5,a0
    2150:	2394                	lbu	a3,0(a5)
    2152:	4318                	lw	a4,0(a4)
    2154:	4785                	li	a5,1
    2156:	00d797b3          	sll	a5,a5,a3
    215a:	cb1c                	sw	a5,16(a4)
    215c:	8082                	ret

0000215e <gpio_clear_pin>:
    215e:	20000737          	lui	a4,0x20000
    2162:	00251793          	slli	a5,a0,0x2
    2166:	01470713          	addi	a4,a4,20 # 20000014 <pin_port_mapping>
    216a:	973e                	add	a4,a4,a5
    216c:	200007b7          	lui	a5,0x20000
    2170:	00078793          	mv	a5,a5
    2174:	97aa                	add	a5,a5,a0
    2176:	2394                	lbu	a3,0(a5)
    2178:	4318                	lw	a4,0(a4)
    217a:	4785                	li	a5,1
    217c:	00d797b3          	sll	a5,a5,a3
    2180:	cb5c                	sw	a5,20(a4)
    2182:	8082                	ret

00002184 <i2c_delay>:
    2184:	57fd                	li	a5,-1
    2186:	157d                	addi	a0,a0,-1
    2188:	00f51363          	bne	a0,a5,218e <i2c_delay+0xa>
    218c:	8082                	ret
    218e:	0001                	nop
    2190:	bfdd                	j	2186 <i2c_delay+0x2>

00002192 <i2c_start>:
    2192:	f85fd2ef          	jal	t0,116 <__riscv_save_4>
    2196:	1141                	addi	sp,sp,-16
    2198:	4485                	li	s1,1
    219a:	00a499b3          	sll	s3,s1,a0
    219e:	40011437          	lui	s0,0x40011
    21a2:	c62e                	sw	a1,12(sp)
    21a4:	8532                	mv	a0,a2
    21a6:	81342823          	sw	s3,-2032(s0) # 40010810 <_eusrstack+0x2000b810>
    21aa:	8932                	mv	s2,a2
    21ac:	3fe1                	jal	2184 <i2c_delay>
    21ae:	45b2                	lw	a1,12(sp)
    21b0:	854a                	mv	a0,s2
    21b2:	80040413          	addi	s0,s0,-2048
    21b6:	00b494b3          	sll	s1,s1,a1
    21ba:	c804                	sw	s1,16(s0)
    21bc:	37e1                	jal	2184 <i2c_delay>
    21be:	854a                	mv	a0,s2
    21c0:	01342a23          	sw	s3,20(s0)
    21c4:	37c1                	jal	2184 <i2c_delay>
    21c6:	854a                	mv	a0,s2
    21c8:	c844                	sw	s1,20(s0)
    21ca:	3f6d                	jal	2184 <i2c_delay>
    21cc:	0141                	addi	sp,sp,16
    21ce:	f7dfd06f          	j	14a <__riscv_restore_4>

000021d2 <i2c_send_byte>:
    21d2:	f37fd2ef          	jal	t0,108 <__riscv_save_10>
    21d6:	4485                	li	s1,1
    21d8:	00a49933          	sll	s2,s1,a0
    21dc:	1141                	addi	sp,sp,-16
    21de:	8ab6                	mv	s5,a3
    21e0:	00b494b3          	sll	s1,s1,a1
    21e4:	499d                	li	s3,7
    21e6:	4b85                	li	s7,1
    21e8:	40011a37          	lui	s4,0x40011
    21ec:	5b7d                	li	s6,-1
    21ee:	013b97b3          	sll	a5,s7,s3
    21f2:	8ff1                	and	a5,a5,a2
    21f4:	800a0713          	addi	a4,s4,-2048 # 40010800 <_eusrstack+0x2000b800>
    21f8:	c3ad                	beqz	a5,225a <i2c_send_byte+0x88>
    21fa:	01272823          	sw	s2,16(a4)
    21fe:	8556                	mv	a0,s5
    2200:	c632                	sw	a2,12(sp)
    2202:	f83ff0ef          	jal	ra,2184 <i2c_delay>
    2206:	8556                	mv	a0,s5
    2208:	809a2823          	sw	s1,-2032(s4)
    220c:	f79ff0ef          	jal	ra,2184 <i2c_delay>
    2210:	8556                	mv	a0,s5
    2212:	809a2a23          	sw	s1,-2028(s4)
    2216:	f6fff0ef          	jal	ra,2184 <i2c_delay>
    221a:	19fd                	addi	s3,s3,-1
    221c:	800a0413          	addi	s0,s4,-2048
    2220:	4632                	lw	a2,12(sp)
    2222:	fd6996e3          	bne	s3,s6,21ee <i2c_send_byte+0x1c>
    2226:	8556                	mv	a0,s5
    2228:	812a2823          	sw	s2,-2032(s4)
    222c:	f59ff0ef          	jal	ra,2184 <i2c_delay>
    2230:	8556                	mv	a0,s5
    2232:	809a2823          	sw	s1,-2032(s4)
    2236:	f4fff0ef          	jal	ra,2184 <i2c_delay>
    223a:	808a2983          	lw	s3,-2040(s4)
    223e:	8556                	mv	a0,s5
    2240:	809a2a23          	sw	s1,-2028(s4)
    2244:	f41ff0ef          	jal	ra,2184 <i2c_delay>
    2248:	0129f533          	and	a0,s3,s2
    224c:	812a2823          	sw	s2,-2032(s4)
    2250:	00153513          	seqz	a0,a0
    2254:	0141                	addi	sp,sp,16
    2256:	eebfd06f          	j	140 <__riscv_restore_10>
    225a:	01272a23          	sw	s2,20(a4)
    225e:	b745                	j	21fe <i2c_send_byte+0x2c>

00002260 <i2c_recv_byte>:
    2260:	ea9fd2ef          	jal	t0,108 <__riscv_save_10>
    2264:	4985                	li	s3,1
    2266:	00a99b33          	sll	s6,s3,a0
    226a:	1141                	addi	sp,sp,-16
    226c:	8baa                	mv	s7,a0
    226e:	8a36                	mv	s4,a3
    2270:	893a                	mv	s2,a4
    2272:	00060023          	sb	zero,0(a2)
    2276:	00b999b3          	sll	s3,s3,a1
    227a:	4a9d                	li	s5,7
    227c:	40011cb7          	lui	s9,0x40011
    2280:	5c7d                	li	s8,-1
    2282:	c632                	sw	a2,12(sp)
    2284:	854a                	mv	a0,s2
    2286:	816ca823          	sw	s6,-2032(s9) # 40010810 <_eusrstack+0x2000b810>
    228a:	efbff0ef          	jal	ra,2184 <i2c_delay>
    228e:	854a                	mv	a0,s2
    2290:	813ca823          	sw	s3,-2032(s9)
    2294:	ef1ff0ef          	jal	ra,2184 <i2c_delay>
    2298:	854a                	mv	a0,s2
    229a:	808ca483          	lw	s1,-2040(s9)
    229e:	813caa23          	sw	s3,-2028(s9)
    22a2:	ee3ff0ef          	jal	ra,2184 <i2c_delay>
    22a6:	4632                	lw	a2,12(sp)
    22a8:	009b74b3          	and	s1,s6,s1
    22ac:	009034b3          	snez	s1,s1
    22b0:	221c                	lbu	a5,0(a2)
    22b2:	015494b3          	sll	s1,s1,s5
    22b6:	1afd                	addi	s5,s5,-1
    22b8:	8cdd                	or	s1,s1,a5
    22ba:	a204                	sb	s1,0(a2)
    22bc:	800c8413          	addi	s0,s9,-2048
    22c0:	fd8a91e3          	bne	s5,s8,2282 <i2c_recv_byte+0x22>
    22c4:	854a                	mv	a0,s2
    22c6:	816ca823          	sw	s6,-2032(s9)
    22ca:	ebbff0ef          	jal	ra,2184 <i2c_delay>
    22ce:	017a1a33          	sll	s4,s4,s7
    22d2:	854a                	mv	a0,s2
    22d4:	814caa23          	sw	s4,-2028(s9)
    22d8:	eadff0ef          	jal	ra,2184 <i2c_delay>
    22dc:	854a                	mv	a0,s2
    22de:	813ca823          	sw	s3,-2032(s9)
    22e2:	ea3ff0ef          	jal	ra,2184 <i2c_delay>
    22e6:	854a                	mv	a0,s2
    22e8:	813caa23          	sw	s3,-2028(s9)
    22ec:	e99ff0ef          	jal	ra,2184 <i2c_delay>
    22f0:	814ca823          	sw	s4,-2032(s9)
    22f4:	0141                	addi	sp,sp,16
    22f6:	e4bfd06f          	j	140 <__riscv_restore_10>

000022fa <i2c_stop>:
    22fa:	e37fd2ef          	jal	t0,130 <__riscv_save_0>
    22fe:	4485                	li	s1,1
    2300:	00b495b3          	sll	a1,s1,a1
    2304:	40011437          	lui	s0,0x40011
    2308:	1141                	addi	sp,sp,-16
    230a:	80b42823          	sw	a1,-2032(s0) # 40010810 <_eusrstack+0x2000b810>
    230e:	892a                	mv	s2,a0
    2310:	8532                	mv	a0,a2
    2312:	c632                	sw	a2,12(sp)
    2314:	e71ff0ef          	jal	ra,2184 <i2c_delay>
    2318:	4632                	lw	a2,12(sp)
    231a:	012494b3          	sll	s1,s1,s2
    231e:	80942823          	sw	s1,-2032(s0)
    2322:	8532                	mv	a0,a2
    2324:	80040413          	addi	s0,s0,-2048
    2328:	e5dff0ef          	jal	ra,2184 <i2c_delay>
    232c:	0141                	addi	sp,sp,16
    232e:	e27fd06f          	j	154 <__riscv_restore_0>

00002332 <i2c_scan_address>:
    2332:	de5fd2ef          	jal	t0,116 <__riscv_save_4>
    2336:	84b2                	mv	s1,a2
    2338:	8636                	mv	a2,a3
    233a:	8436                	mv	s0,a3
    233c:	892a                	mv	s2,a0
    233e:	89ae                	mv	s3,a1
    2340:	e53ff0ef          	jal	ra,2192 <i2c_start>
    2344:	00149613          	slli	a2,s1,0x1
    2348:	86a2                	mv	a3,s0
    234a:	85ce                	mv	a1,s3
    234c:	0fe67613          	andi	a2,a2,254
    2350:	854a                	mv	a0,s2
    2352:	e81ff0ef          	jal	ra,21d2 <i2c_send_byte>
    2356:	84aa                	mv	s1,a0
    2358:	8622                	mv	a2,s0
    235a:	854a                	mv	a0,s2
    235c:	85ce                	mv	a1,s3
    235e:	f9dff0ef          	jal	ra,22fa <i2c_stop>
    2362:	8526                	mv	a0,s1
    2364:	de7fd06f          	j	14a <__riscv_restore_4>

00002368 <i2c_send_bytes>:
    2368:	daffd2ef          	jal	t0,116 <__riscv_save_4>
    236c:	1141                	addi	sp,sp,-16
    236e:	8a32                	mv	s4,a2
    2370:	8642                	mv	a2,a6
    2372:	8436                	mv	s0,a3
    2374:	c63a                	sw	a4,12(sp)
    2376:	84c2                	mv	s1,a6
    2378:	892a                	mv	s2,a0
    237a:	89ae                	mv	s3,a1
    237c:	8abe                	mv	s5,a5
    237e:	e15ff0ef          	jal	ra,2192 <i2c_start>
    2382:	8652                	mv	a2,s4
    2384:	86a6                	mv	a3,s1
    2386:	85ce                	mv	a1,s3
    2388:	854a                	mv	a0,s2
    238a:	e49ff0ef          	jal	ra,21d2 <i2c_send_byte>
    238e:	4732                	lw	a4,12(sp)
    2390:	00e40a33          	add	s4,s0,a4
    2394:	01441c63          	bne	s0,s4,23ac <i2c_send_bytes+0x44>
    2398:	000a8763          	beqz	s5,23a6 <i2c_send_bytes+0x3e>
    239c:	8626                	mv	a2,s1
    239e:	85ce                	mv	a1,s3
    23a0:	854a                	mv	a0,s2
    23a2:	f59ff0ef          	jal	ra,22fa <i2c_stop>
    23a6:	0141                	addi	sp,sp,16
    23a8:	da3fd06f          	j	14a <__riscv_restore_4>
    23ac:	2010                	lbu	a2,0(s0)
    23ae:	86a6                	mv	a3,s1
    23b0:	85ce                	mv	a1,s3
    23b2:	854a                	mv	a0,s2
    23b4:	e1fff0ef          	jal	ra,21d2 <i2c_send_byte>
    23b8:	0405                	addi	s0,s0,1
    23ba:	bfe9                	j	2394 <i2c_send_bytes+0x2c>

000023bc <i2c_recv_bytes>:
    23bc:	d4dfd2ef          	jal	t0,108 <__riscv_save_10>
    23c0:	8432                	mv	s0,a2
    23c2:	8642                	mv	a2,a6
    23c4:	8a3a                	mv	s4,a4
    23c6:	84c2                	mv	s1,a6
    23c8:	892a                	mv	s2,a0
    23ca:	89ae                	mv	s3,a1
    23cc:	8b36                	mv	s6,a3
    23ce:	8abe                	mv	s5,a5
    23d0:	dc3ff0ef          	jal	ra,2192 <i2c_start>
    23d4:	00146613          	ori	a2,s0,1
    23d8:	86a6                	mv	a3,s1
    23da:	85ce                	mv	a1,s3
    23dc:	854a                	mv	a0,s2
    23de:	df5ff0ef          	jal	ra,21d2 <i2c_send_byte>
    23e2:	4401                	li	s0,0
    23e4:	fffa0b93          	addi	s7,s4,-1
    23e8:	01441b63          	bne	s0,s4,23fe <i2c_recv_bytes+0x42>
    23ec:	000a8763          	beqz	s5,23fa <i2c_recv_bytes+0x3e>
    23f0:	8626                	mv	a2,s1
    23f2:	85ce                	mv	a1,s3
    23f4:	854a                	mv	a0,s2
    23f6:	f05ff0ef          	jal	ra,22fa <i2c_stop>
    23fa:	d47fd06f          	j	140 <__riscv_restore_10>
    23fe:	017436b3          	sltu	a3,s0,s7
    2402:	008b0633          	add	a2,s6,s0
    2406:	8726                	mv	a4,s1
    2408:	85ce                	mv	a1,s3
    240a:	854a                	mv	a0,s2
    240c:	e55ff0ef          	jal	ra,2260 <i2c_recv_byte>
    2410:	0405                	addi	s0,s0,1
    2412:	bfd9                	j	23e8 <i2c_recv_bytes+0x2c>

00002414 <i2c_send_recv_bytes>:
    2414:	cf5fd2ef          	jal	t0,108 <__riscv_save_10>
    2418:	5442                	lw	s0,48(sp)
    241a:	8b32                	mv	s6,a2
    241c:	84b6                	mv	s1,a3
    241e:	8622                	mv	a2,s0
    2420:	8a3a                	mv	s4,a4
    2422:	892a                	mv	s2,a0
    2424:	89ae                	mv	s3,a1
    2426:	8c3e                	mv	s8,a5
    2428:	8ac2                	mv	s5,a6
    242a:	8bc6                	mv	s7,a7
    242c:	d67ff0ef          	jal	ra,2192 <i2c_start>
    2430:	86a2                	mv	a3,s0
    2432:	865a                	mv	a2,s6
    2434:	85ce                	mv	a1,s3
    2436:	854a                	mv	a0,s2
    2438:	d9bff0ef          	jal	ra,21d2 <i2c_send_byte>
    243c:	9a26                	add	s4,s4,s1
    243e:	03449c63          	bne	s1,s4,2476 <i2c_send_recv_bytes+0x62>
    2442:	8622                	mv	a2,s0
    2444:	85ce                	mv	a1,s3
    2446:	854a                	mv	a0,s2
    2448:	d4bff0ef          	jal	ra,2192 <i2c_start>
    244c:	86a2                	mv	a3,s0
    244e:	001b6613          	ori	a2,s6,1
    2452:	85ce                	mv	a1,s3
    2454:	854a                	mv	a0,s2
    2456:	d7dff0ef          	jal	ra,21d2 <i2c_send_byte>
    245a:	4481                	li	s1,0
    245c:	fffa8a13          	addi	s4,s5,-1
    2460:	03549363          	bne	s1,s5,2486 <i2c_send_recv_bytes+0x72>
    2464:	000b8763          	beqz	s7,2472 <i2c_send_recv_bytes+0x5e>
    2468:	8622                	mv	a2,s0
    246a:	85ce                	mv	a1,s3
    246c:	854a                	mv	a0,s2
    246e:	e8dff0ef          	jal	ra,22fa <i2c_stop>
    2472:	ccffd06f          	j	140 <__riscv_restore_10>
    2476:	2090                	lbu	a2,0(s1)
    2478:	86a2                	mv	a3,s0
    247a:	85ce                	mv	a1,s3
    247c:	854a                	mv	a0,s2
    247e:	d55ff0ef          	jal	ra,21d2 <i2c_send_byte>
    2482:	0485                	addi	s1,s1,1
    2484:	bf6d                	j	243e <i2c_send_recv_bytes+0x2a>
    2486:	0144b6b3          	sltu	a3,s1,s4
    248a:	009c0633          	add	a2,s8,s1
    248e:	8722                	mv	a4,s0
    2490:	85ce                	mv	a1,s3
    2492:	854a                	mv	a0,s2
    2494:	dcdff0ef          	jal	ra,2260 <i2c_recv_byte>
    2498:	0485                	addi	s1,s1,1
    249a:	b7d9                	j	2460 <i2c_send_recv_bytes+0x4c>

0000249c <neopixel_send_bit>:
    249c:	c90c                	sw	a1,16(a0)
    249e:	ca19                	beqz	a2,24b4 <neopixel_send_bit+0x18>
    24a0:	47e1                	li	a5,24
    24a2:	0001                	nop
    24a4:	17fd                	addi	a5,a5,-1
    24a6:	fff5                	bnez	a5,24a2 <neopixel_send_bit+0x6>
    24a8:	c94c                	sw	a1,20(a0)
    24aa:	47c9                	li	a5,18
    24ac:	0001                	nop
    24ae:	17fd                	addi	a5,a5,-1
    24b0:	fff5                	bnez	a5,24ac <neopixel_send_bit+0x10>
    24b2:	8082                	ret
    24b4:	47ad                	li	a5,11
    24b6:	0001                	nop
    24b8:	17fd                	addi	a5,a5,-1
    24ba:	fff5                	bnez	a5,24b6 <neopixel_send_bit+0x1a>
    24bc:	c94c                	sw	a1,20(a0)
    24be:	47fd                	li	a5,31
    24c0:	0001                	nop
    24c2:	17fd                	addi	a5,a5,-1
    24c4:	fff5                	bnez	a5,24c0 <neopixel_send_bit+0x24>
    24c6:	8082                	ret

000024c8 <neopixel_send_byte>:
    24c8:	c69fd2ef          	jal	t0,130 <__riscv_save_0>
    24cc:	8432                	mv	s0,a2
    24ce:	08067613          	andi	a2,a2,128
    24d2:	84aa                	mv	s1,a0
    24d4:	892e                	mv	s2,a1
    24d6:	fc7ff0ef          	jal	ra,249c <neopixel_send_bit>
    24da:	04047613          	andi	a2,s0,64
    24de:	85ca                	mv	a1,s2
    24e0:	8526                	mv	a0,s1
    24e2:	fbbff0ef          	jal	ra,249c <neopixel_send_bit>
    24e6:	02047613          	andi	a2,s0,32
    24ea:	85ca                	mv	a1,s2
    24ec:	8526                	mv	a0,s1
    24ee:	fafff0ef          	jal	ra,249c <neopixel_send_bit>
    24f2:	01047613          	andi	a2,s0,16
    24f6:	85ca                	mv	a1,s2
    24f8:	8526                	mv	a0,s1
    24fa:	fa3ff0ef          	jal	ra,249c <neopixel_send_bit>
    24fe:	00847613          	andi	a2,s0,8
    2502:	85ca                	mv	a1,s2
    2504:	8526                	mv	a0,s1
    2506:	f97ff0ef          	jal	ra,249c <neopixel_send_bit>
    250a:	00447613          	andi	a2,s0,4
    250e:	85ca                	mv	a1,s2
    2510:	8526                	mv	a0,s1
    2512:	f8bff0ef          	jal	ra,249c <neopixel_send_bit>
    2516:	00247613          	andi	a2,s0,2
    251a:	85ca                	mv	a1,s2
    251c:	8526                	mv	a0,s1
    251e:	f7fff0ef          	jal	ra,249c <neopixel_send_bit>
    2522:	00147613          	andi	a2,s0,1
    2526:	85ca                	mv	a1,s2
    2528:	8526                	mv	a0,s1
    252a:	f73ff0ef          	jal	ra,249c <neopixel_send_bit>
    252e:	c27fd06f          	j	154 <__riscv_restore_0>

00002532 <neopixel_send_buffer>:
    2532:	be5fd2ef          	jal	t0,116 <__riscv_save_4>
    2536:	1141                	addi	sp,sp,-16
    2538:	84aa                	mv	s1,a0
    253a:	892e                	mv	s2,a1
    253c:	89b2                	mv	s3,a2
    253e:	8432                	mv	s0,a2
    2540:	413407b3          	sub	a5,s0,s3
    2544:	00d7e563          	bltu	a5,a3,254e <neopixel_send_buffer+0x1c>
    2548:	0141                	addi	sp,sp,16
    254a:	c01fd06f          	j	14a <__riscv_restore_4>
    254e:	2010                	lbu	a2,0(s0)
    2550:	00144a83          	lbu	s5,1(s0)
    2554:	85ca                	mv	a1,s2
    2556:	8526                	mv	a0,s1
    2558:	c636                	sw	a3,12(sp)
    255a:	00244a03          	lbu	s4,2(s0)
    255e:	f6bff0ef          	jal	ra,24c8 <neopixel_send_byte>
    2562:	8656                	mv	a2,s5
    2564:	85ca                	mv	a1,s2
    2566:	8526                	mv	a0,s1
    2568:	f61ff0ef          	jal	ra,24c8 <neopixel_send_byte>
    256c:	8652                	mv	a2,s4
    256e:	85ca                	mv	a1,s2
    2570:	8526                	mv	a0,s1
    2572:	f57ff0ef          	jal	ra,24c8 <neopixel_send_byte>
    2576:	0c800513          	li	a0,200
    257a:	4c7050ef          	jal	ra,8240 <Delay_Us>
    257e:	040d                	addi	s0,s0,3
    2580:	46b2                	lw	a3,12(sp)
    2582:	bf7d                	j	2540 <neopixel_send_buffer+0xe>

00002584 <one_wire_reset>:
    2584:	badfd2ef          	jal	t0,130 <__riscv_save_0>
    2588:	842a                	mv	s0,a0
    258a:	4501                	li	a0,0
    258c:	4b5050ef          	jal	ra,8240 <Delay_Us>
    2590:	400114b7          	lui	s1,0x40011
    2594:	8084aa23          	sw	s0,-2028(s1) # 40010814 <_eusrstack+0x2000b814>
    2598:	1e000513          	li	a0,480
    259c:	4a5050ef          	jal	ra,8240 <Delay_Us>
    25a0:	04600513          	li	a0,70
    25a4:	8084a823          	sw	s0,-2032(s1)
    25a8:	80048493          	addi	s1,s1,-2048
    25ac:	495050ef          	jal	ra,8240 <Delay_Us>
    25b0:	4484                	lw	s1,8(s1)
    25b2:	19a00513          	li	a0,410
    25b6:	48b050ef          	jal	ra,8240 <Delay_Us>
    25ba:	00947533          	and	a0,s0,s1
    25be:	00153513          	seqz	a0,a0
    25c2:	b93fd06f          	j	154 <__riscv_restore_0>

000025c6 <one_wire_write0>:
    25c6:	b6bfd2ef          	jal	t0,130 <__riscv_save_0>
    25ca:	40011437          	lui	s0,0x40011
    25ce:	80a42a23          	sw	a0,-2028(s0) # 40010814 <_eusrstack+0x2000b814>
    25d2:	84aa                	mv	s1,a0
    25d4:	03c00513          	li	a0,60
    25d8:	469050ef          	jal	ra,8240 <Delay_Us>
    25dc:	4529                	li	a0,10
    25de:	80942823          	sw	s1,-2032(s0)
    25e2:	45f050ef          	jal	ra,8240 <Delay_Us>
    25e6:	80040413          	addi	s0,s0,-2048
    25ea:	b6bfd06f          	j	154 <__riscv_restore_0>

000025ee <one_wire_write1>:
    25ee:	b43fd2ef          	jal	t0,130 <__riscv_save_0>
    25f2:	40011437          	lui	s0,0x40011
    25f6:	80a42a23          	sw	a0,-2028(s0) # 40010814 <_eusrstack+0x2000b814>
    25fa:	84aa                	mv	s1,a0
    25fc:	4519                	li	a0,6
    25fe:	443050ef          	jal	ra,8240 <Delay_Us>
    2602:	04000513          	li	a0,64
    2606:	80942823          	sw	s1,-2032(s0)
    260a:	437050ef          	jal	ra,8240 <Delay_Us>
    260e:	80040413          	addi	s0,s0,-2048
    2612:	b43fd06f          	j	154 <__riscv_restore_0>

00002616 <one_wire_read>:
    2616:	b1bfd2ef          	jal	t0,130 <__riscv_save_0>
    261a:	400114b7          	lui	s1,0x40011
    261e:	842a                	mv	s0,a0
    2620:	80a4aa23          	sw	a0,-2028(s1) # 40010814 <_eusrstack+0x2000b814>
    2624:	4519                	li	a0,6
    2626:	41b050ef          	jal	ra,8240 <Delay_Us>
    262a:	4525                	li	a0,9
    262c:	8084a823          	sw	s0,-2032(s1)
    2630:	80048493          	addi	s1,s1,-2048
    2634:	40d050ef          	jal	ra,8240 <Delay_Us>
    2638:	4484                	lw	s1,8(s1)
    263a:	03700513          	li	a0,55
    263e:	403050ef          	jal	ra,8240 <Delay_Us>
    2642:	00947533          	and	a0,s0,s1
    2646:	00a03533          	snez	a0,a0
    264a:	b0bfd06f          	j	154 <__riscv_restore_0>

0000264e <EXTI_INIT>:
    264e:	ae3fd2ef          	jal	t0,130 <__riscv_save_0>
    2652:	1101                	addi	sp,sp,-32
    2654:	0ff57593          	andi	a1,a0,255
    2658:	842a                	mv	s0,a0
    265a:	4501                	li	a0,0
    265c:	c802                	sw	zero,16(sp)
    265e:	ca02                	sw	zero,20(sp)
    2660:	cc02                	sw	zero,24(sp)
    2662:	ce02                	sw	zero,28(sp)
    2664:	c402                	sw	zero,8(sp)
    2666:	c602                	sw	zero,12(sp)
    2668:	462050ef          	jal	ra,7aca <GPIO_EXTILineConfig>
    266c:	4785                	li	a5,1
    266e:	008794b3          	sll	s1,a5,s0
    2672:	4741                	li	a4,16
    2674:	0808                	addi	a0,sp,16
    2676:	ce3e                	sw	a5,28(sp)
    2678:	cc3a                	sw	a4,24(sp)
    267a:	c826                	sw	s1,16(sp)
    267c:	ca02                	sw	zero,20(sp)
    267e:	0f6050ef          	jal	ra,7774 <EXTI_Init>
    2682:	8526                	mv	a0,s1
    2684:	178050ef          	jal	ra,77fc <EXTI_ClearITPendingBit>
    2688:	4791                	li	a5,4
    268a:	0287e163          	bltu	a5,s0,26ac <EXTI_INIT+0x5e>
    268e:	01640793          	addi	a5,s0,22
    2692:	845c                	sb	a5,8(sp)
    2694:	4785                	li	a5,1
    2696:	84dc                	sb	a5,9(sp)
    2698:	4789                	li	a5,2
    269a:	855c                	sb	a5,10(sp)
    269c:	0028                	addi	a0,sp,8
    269e:	4785                	li	a5,1
    26a0:	c63e                	sw	a5,12(sp)
    26a2:	5e4050ef          	jal	ra,7c86 <NVIC_Init>
    26a6:	6105                	addi	sp,sp,32
    26a8:	aadfd06f          	j	154 <__riscv_restore_0>
    26ac:	4725                	li	a4,9
    26ae:	02700793          	li	a5,39
    26b2:	fe8770e3          	bgeu	a4,s0,2692 <EXTI_INIT+0x44>
    26b6:	03800793          	li	a5,56
    26ba:	bfe1                	j	2692 <EXTI_INIT+0x44>

000026bc <EXTI_DEINIT>:
    26bc:	a75fd2ef          	jal	t0,130 <__riscv_save_0>
    26c0:	1141                	addi	sp,sp,-16
    26c2:	4405                	li	s0,1
    26c4:	00a41433          	sll	s0,s0,a0
    26c8:	47c1                	li	a5,16
    26ca:	850a                	mv	a0,sp
    26cc:	c43e                	sw	a5,8(sp)
    26ce:	c022                	sw	s0,0(sp)
    26d0:	c202                	sw	zero,4(sp)
    26d2:	c602                	sw	zero,12(sp)
    26d4:	0a0050ef          	jal	ra,7774 <EXTI_Init>
    26d8:	8522                	mv	a0,s0
    26da:	122050ef          	jal	ra,77fc <EXTI_ClearITPendingBit>
    26de:	0141                	addi	sp,sp,16
    26e0:	a75fd06f          	j	154 <__riscv_restore_0>

000026e4 <pulseio_in_init>:
    26e4:	a4dfd2ef          	jal	t0,130 <__riscv_save_0>
    26e8:	1101                	addi	sp,sp,-32
    26ea:	57fd                	li	a5,-1
    26ec:	c202                	sw	zero,4(sp)
    26ee:	0068                	addi	a0,sp,12
    26f0:	827c                	sh	a5,4(sp)
    26f2:	c002                	sw	zero,0(sp)
    26f4:	00011423          	sh	zero,8(sp)
    26f8:	61c050ef          	jal	ra,7d14 <RCC_GetClocksFreq>
    26fc:	40021737          	lui	a4,0x40021
    2700:	4358                	lw	a4,4(a4)
    2702:	47d2                	lw	a5,20(sp)
    2704:	8321                	srli	a4,a4,0x8
    2706:	8b11                	andi	a4,a4,4
    2708:	c311                	beqz	a4,270c <pulseio_in_init+0x28>
    270a:	0786                	slli	a5,a5,0x1
    270c:	000f4737          	lui	a4,0xf4
    2710:	24070713          	addi	a4,a4,576 # f4240 <_data_lma+0xe91f4>
    2714:	02e7d7b3          	divu	a5,a5,a4
    2718:	40001437          	lui	s0,0x40001
    271c:	858a                	mv	a1,sp
    271e:	80040513          	addi	a0,s0,-2048 # 40000800 <_eusrstack+0x1fffb800>
    2722:	00011323          	sh	zero,6(sp)
    2726:	00011123          	sh	zero,2(sp)
    272a:	00010423          	sb	zero,8(sp)
    272e:	17fd                	addi	a5,a5,-1
    2730:	807c                	sh	a5,0(sp)
    2732:	718050ef          	jal	ra,7e4a <TIM_TimeBaseInit>
    2736:	80040513          	addi	a0,s0,-2048
    273a:	4585                	li	a1,1
    273c:	19f050ef          	jal	ra,80da <TIM_ARRPreloadConfig>
    2740:	80040513          	addi	a0,s0,-2048
    2744:	4581                	li	a1,0
    2746:	167050ef          	jal	ra,80ac <TIM_Cmd>
    274a:	45fd                	li	a1,31
    274c:	80040513          	addi	a0,s0,-2048
    2750:	1f1050ef          	jal	ra,8140 <TIM_ClearFlag>
    2754:	6105                	addi	sp,sp,32
    2756:	9fffd06f          	j	154 <__riscv_restore_0>

0000275a <pulseio_in_tim4_start>:
    275a:	9d7fd2ef          	jal	t0,130 <__riscv_save_0>
    275e:	40001437          	lui	s0,0x40001
    2762:	80040513          	addi	a0,s0,-2048 # 40000800 <_eusrstack+0x1fffb800>
    2766:	4581                	li	a1,0
    2768:	1d5050ef          	jal	ra,813c <TIM_SetCounter>
    276c:	80040513          	addi	a0,s0,-2048
    2770:	45fd                	li	a1,31
    2772:	1cf050ef          	jal	ra,8140 <TIM_ClearFlag>
    2776:	4585                	li	a1,1
    2778:	80040513          	addi	a0,s0,-2048
    277c:	131050ef          	jal	ra,80ac <TIM_Cmd>
    2780:	9d5fd06f          	j	154 <__riscv_restore_0>

00002784 <pulseio_in_tim4_stop>:
    2784:	9adfd2ef          	jal	t0,130 <__riscv_save_0>
    2788:	40001537          	lui	a0,0x40001
    278c:	80050513          	addi	a0,a0,-2048 # 40000800 <_eusrstack+0x1fffb800>
    2790:	3142                	lhu	s0,36(a0)
    2792:	4581                	li	a1,0
    2794:	119050ef          	jal	ra,80ac <TIM_Cmd>
    2798:	0442                	slli	s0,s0,0x10
    279a:	8041                	srli	s0,s0,0x10
    279c:	8522                	mv	a0,s0
    279e:	9b7fd06f          	j	154 <__riscv_restore_0>

000027a2 <pulseio_in_resume>:
    27a2:	975fd2ef          	jal	t0,116 <__riscv_save_4>
    27a6:	892a                	mv	s2,a0
    27a8:	c195                	beqz	a1,27cc <pulseio_in_resume+0x2a>
    27aa:	89ae                	mv	s3,a1
    27ac:	4485                	li	s1,1
    27ae:	45d1                	li	a1,20
    27b0:	8edff0ef          	jal	ra,209c <gpio_init_pin>
    27b4:	40011437          	lui	s0,0x40011
    27b8:	012494b3          	sll	s1,s1,s2
    27bc:	80942a23          	sw	s1,-2028(s0) # 40010814 <_eusrstack+0x2000b814>
    27c0:	854e                	mv	a0,s3
    27c2:	27f050ef          	jal	ra,8240 <Delay_Us>
    27c6:	80040413          	addi	s0,s0,-2048
    27ca:	c804                	sw	s1,16(s0)
    27cc:	4591                	li	a1,4
    27ce:	854a                	mv	a0,s2
    27d0:	8cdff0ef          	jal	ra,209c <gpio_init_pin>
    27d4:	854a                	mv	a0,s2
    27d6:	e79ff0ef          	jal	ra,264e <EXTI_INIT>
    27da:	f81ff0ef          	jal	ra,275a <pulseio_in_tim4_start>
    27de:	96dfd06f          	j	14a <__riscv_restore_4>

000027e2 <pulseio_in_clear>:
    27e2:	08800793          	li	a5,136
    27e6:	8007b073          	csrc	0x800,a5
    27ea:	0000100f          	fence.i
    27ee:	8401a823          	sw	zero,-1968(gp) # 20000138 <pio_head>
    27f2:	8401a623          	sw	zero,-1972(gp) # 20000134 <pio_count>
    27f6:	8007a073          	csrs	0x800,a5
    27fa:	8082                	ret

000027fc <pulseio_in_stop>:
    27fc:	935fd2ef          	jal	t0,130 <__riscv_save_0>
    2800:	ebdff0ef          	jal	ra,26bc <EXTI_DEINIT>
    2804:	f81ff0ef          	jal	ra,2784 <pulseio_in_tim4_stop>
    2808:	94dfd06f          	j	154 <__riscv_restore_0>

0000280c <pulseio_in_read>:
    280c:	90bfd2ef          	jal	t0,116 <__riscv_save_4>
    2810:	08800793          	li	a5,136
    2814:	8007b073          	csrc	0x800,a5
    2818:	0000100f          	fence.i
    281c:	8501a403          	lw	s0,-1968(gp) # 20000138 <pio_head>
    2820:	8007a073          	csrs	0x800,a5
    2824:	84c1a903          	lw	s2,-1972(gp) # 20000134 <pio_count>
    2828:	01257363          	bgeu	a0,s2,282e <pulseio_in_read+0x22>
    282c:	892a                	mv	s2,a0
    282e:	854a                	mv	a0,s2
    2830:	b18ff0ef          	jal	ra,1b48 <usbSerial_blocking_writeP_u32>
    2834:	6785                	lui	a5,0x1
    2836:	bb878793          	addi	a5,a5,-1096 # bb8 <comms_send_u32+0x6>
    283a:	943e                	add	s0,s0,a5
    283c:	41240433          	sub	s0,s0,s2
    2840:	02f47433          	remu	s0,s0,a5
    2844:	20003a37          	lui	s4,0x20003
    2848:	4981                	li	s3,0
    284a:	84be                	mv	s1,a5
    284c:	d78a0a13          	addi	s4,s4,-648 # 20002d78 <pio_buffer>
    2850:	01391463          	bne	s2,s3,2858 <pulseio_in_read+0x4c>
    2854:	8f7fd06f          	j	14a <__riscv_restore_4>
    2858:	008987b3          	add	a5,s3,s0
    285c:	0297f7b3          	remu	a5,a5,s1
    2860:	0985                	addi	s3,s3,1
    2862:	0786                	slli	a5,a5,0x1
    2864:	97d2                	add	a5,a5,s4
    2866:	238a                	lhu	a0,0(a5)
    2868:	ae0ff0ef          	jal	ra,1b48 <usbSerial_blocking_writeP_u32>
    286c:	b7d5                	j	2850 <pulseio_in_read+0x44>

0000286e <pulseio_out_send>:
    286e:	8a9fd2ef          	jal	t0,116 <__riscv_save_4>
    2872:	00169993          	slli	s3,a3,0x1
    2876:	84aa                	mv	s1,a0
    2878:	8aae                	mv	s5,a1
    287a:	8932                	mv	s2,a2
    287c:	8a36                	mv	s4,a3
    287e:	8432                	mv	s0,a2
    2880:	99b2                	add	s3,s3,a2
    2882:	01341a63          	bne	s0,s3,2896 <pulseio_out_send+0x28>
    2886:	4401                	li	s0,0
    2888:	01441c63          	bne	s0,s4,28a0 <pulseio_out_send+0x32>
    288c:	4581                	li	a1,0
    288e:	8526                	mv	a0,s1
    2890:	28f5                	jal	298c <pwm_set_duty>
    2892:	8b9fd06f          	j	14a <__riscv_restore_4>
    2896:	9f2ff0ef          	jal	ra,1a88 <usbSerial_blocking_read_u32>
    289a:	a00a                	sh	a0,0(s0)
    289c:	0409                	addi	s0,s0,2
    289e:	b7d5                	j	2882 <pulseio_out_send+0x14>
    28a0:	00147793          	andi	a5,s0,1
    28a4:	4581                	li	a1,0
    28a6:	e391                	bnez	a5,28aa <pulseio_out_send+0x3c>
    28a8:	85d6                	mv	a1,s5
    28aa:	8526                	mv	a0,s1
    28ac:	20c5                	jal	298c <pwm_set_duty>
    28ae:	00141793          	slli	a5,s0,0x1
    28b2:	97ca                	add	a5,a5,s2
    28b4:	238a                	lhu	a0,0(a5)
    28b6:	0405                	addi	s0,s0,1
    28b8:	189050ef          	jal	ra,8240 <Delay_Us>
    28bc:	b7f1                	j	2888 <pulseio_out_send+0x1a>

000028be <pwm_timer_init>:
    28be:	873fd2ef          	jal	t0,130 <__riscv_save_0>
    28c2:	1101                	addi	sp,sp,-32
    28c4:	0ff00793          	li	a5,255
    28c8:	847c                	sh	a5,8(sp)
    28ca:	004c                	addi	a1,sp,4
    28cc:	47b9                	li	a5,14
    28ce:	842a                	mv	s0,a0
    28d0:	827c                	sh	a5,4(sp)
    28d2:	c802                	sw	zero,16(sp)
    28d4:	ca02                	sw	zero,20(sp)
    28d6:	cc02                	sw	zero,24(sp)
    28d8:	ce02                	sw	zero,28(sp)
    28da:	00011323          	sh	zero,6(sp)
    28de:	00011523          	sh	zero,10(sp)
    28e2:	00011623          	sh	zero,12(sp)
    28e6:	564050ef          	jal	ra,7e4a <TIM_TimeBaseInit>
    28ea:	67c1                	lui	a5,0x10
    28ec:	06078793          	addi	a5,a5,96 # 10060 <_data_lma+0x5014>
    28f0:	080c                	addi	a1,sp,16
    28f2:	8522                	mv	a0,s0
    28f4:	c83e                	sw	a5,16(sp)
    28f6:	00011b23          	sh	zero,22(sp)
    28fa:	00011c23          	sh	zero,24(sp)
    28fe:	5ae050ef          	jal	ra,7eac <TIM_OC1Init>
    2902:	4581                	li	a1,0
    2904:	8522                	mv	a0,s0
    2906:	7ee050ef          	jal	ra,80f4 <TIM_OC1PreloadConfig>
    290a:	080c                	addi	a1,sp,16
    290c:	8522                	mv	a0,s0
    290e:	608050ef          	jal	ra,7f16 <TIM_OC2Init>
    2912:	4581                	li	a1,0
    2914:	8522                	mv	a0,s0
    2916:	7ec050ef          	jal	ra,8102 <TIM_OC2PreloadConfig>
    291a:	080c                	addi	a1,sp,16
    291c:	8522                	mv	a0,s0
    291e:	68e050ef          	jal	ra,7fac <TIM_OC3Init>
    2922:	4581                	li	a1,0
    2924:	8522                	mv	a0,s0
    2926:	7f2050ef          	jal	ra,8118 <TIM_OC3PreloadConfig>
    292a:	080c                	addi	a1,sp,16
    292c:	8522                	mv	a0,s0
    292e:	712050ef          	jal	ra,8040 <TIM_OC4Init>
    2932:	4581                	li	a1,0
    2934:	8522                	mv	a0,s0
    2936:	7f0050ef          	jal	ra,8126 <TIM_OC4PreloadConfig>
    293a:	4585                	li	a1,1
    293c:	8522                	mv	a0,s0
    293e:	79c050ef          	jal	ra,80da <TIM_ARRPreloadConfig>
    2942:	400137b7          	lui	a5,0x40013
    2946:	c0078793          	addi	a5,a5,-1024 # 40012c00 <_eusrstack+0x2000dc00>
    294a:	00f41663          	bne	s0,a5,2956 <pwm_timer_init+0x98>
    294e:	4585                	li	a1,1
    2950:	8522                	mv	a0,s0
    2952:	772050ef          	jal	ra,80c4 <TIM_CtrlPWMOutputs>
    2956:	4585                	li	a1,1
    2958:	8522                	mv	a0,s0
    295a:	752050ef          	jal	ra,80ac <TIM_Cmd>
    295e:	6105                	addi	sp,sp,32
    2960:	ff4fd06f          	j	154 <__riscv_restore_0>

00002964 <pwm_init>:
    2964:	fccfd2ef          	jal	t0,130 <__riscv_save_0>
    2968:	40013537          	lui	a0,0x40013
    296c:	c0050513          	addi	a0,a0,-1024 # 40012c00 <_eusrstack+0x2000dc00>
    2970:	f4fff0ef          	jal	ra,28be <pwm_timer_init>
    2974:	40000537          	lui	a0,0x40000
    2978:	f47ff0ef          	jal	ra,28be <pwm_timer_init>
    297c:	40000537          	lui	a0,0x40000
    2980:	40050513          	addi	a0,a0,1024 # 40000400 <_eusrstack+0x1fffb400>
    2984:	f3bff0ef          	jal	ra,28be <pwm_timer_init>
    2988:	fccfd06f          	j	154 <__riscv_restore_0>

0000298c <pwm_set_duty>:
    298c:	e509                	bnez	a0,2996 <pwm_set_duty+0xa>
    298e:	400007b7          	lui	a5,0x40000
    2992:	bbce                	sh	a1,52(a5)
    2994:	8082                	ret
    2996:	4785                	li	a5,1
    2998:	00f51663          	bne	a0,a5,29a4 <pwm_set_duty+0x18>
    299c:	400007b7          	lui	a5,0x40000
    29a0:	bf8e                	sh	a1,56(a5)
    29a2:	8082                	ret
    29a4:	4789                	li	a5,2
    29a6:	00f51663          	bne	a0,a5,29b2 <pwm_set_duty+0x26>
    29aa:	400007b7          	lui	a5,0x40000
    29ae:	bfce                	sh	a1,60(a5)
    29b0:	8082                	ret
    29b2:	478d                	li	a5,3
    29b4:	00f51763          	bne	a0,a5,29c2 <pwm_set_duty+0x36>
    29b8:	400007b7          	lui	a5,0x40000
    29bc:	04b79023          	sh	a1,64(a5) # 40000040 <_eusrstack+0x1fffb040>
    29c0:	8082                	ret
    29c2:	4799                	li	a5,6
    29c4:	00f51763          	bne	a0,a5,29d2 <pwm_set_duty+0x46>
    29c8:	400007b7          	lui	a5,0x40000
    29cc:	42b79a23          	sh	a1,1076(a5) # 40000434 <_eusrstack+0x1fffb434>
    29d0:	8082                	ret
    29d2:	479d                	li	a5,7
    29d4:	00f51763          	bne	a0,a5,29e2 <pwm_set_duty+0x56>
    29d8:	400007b7          	lui	a5,0x40000
    29dc:	42b79c23          	sh	a1,1080(a5) # 40000438 <_eusrstack+0x1fffb438>
    29e0:	8082                	ret
    29e2:	47c1                	li	a5,16
    29e4:	00f51763          	bne	a0,a5,29f2 <pwm_set_duty+0x66>
    29e8:	400007b7          	lui	a5,0x40000
    29ec:	42b79e23          	sh	a1,1084(a5) # 4000043c <_eusrstack+0x1fffb43c>
    29f0:	8082                	ret
    29f2:	47c5                	li	a5,17
    29f4:	00f51763          	bne	a0,a5,2a02 <pwm_set_duty+0x76>
    29f8:	400007b7          	lui	a5,0x40000
    29fc:	44b79023          	sh	a1,1088(a5) # 40000440 <_eusrstack+0x1fffb440>
    2a00:	8082                	ret
    2a02:	47a1                	li	a5,8
    2a04:	00f51763          	bne	a0,a5,2a12 <pwm_set_duty+0x86>
    2a08:	400137b7          	lui	a5,0x40013
    2a0c:	c2b79a23          	sh	a1,-972(a5) # 40012c34 <_eusrstack+0x2000dc34>
    2a10:	8082                	ret
    2a12:	47a5                	li	a5,9
    2a14:	00f51763          	bne	a0,a5,2a22 <pwm_set_duty+0x96>
    2a18:	400137b7          	lui	a5,0x40013
    2a1c:	c2b79c23          	sh	a1,-968(a5) # 40012c38 <_eusrstack+0x2000dc38>
    2a20:	8082                	ret
    2a22:	47a9                	li	a5,10
    2a24:	00f51763          	bne	a0,a5,2a32 <pwm_set_duty+0xa6>
    2a28:	400137b7          	lui	a5,0x40013
    2a2c:	c2b79e23          	sh	a1,-964(a5) # 40012c3c <_eusrstack+0x2000dc3c>
    2a30:	8082                	ret
    2a32:	47ad                	li	a5,11
    2a34:	00f51663          	bne	a0,a5,2a40 <pwm_set_duty+0xb4>
    2a38:	400137b7          	lui	a5,0x40013
    2a3c:	c4b79023          	sh	a1,-960(a5) # 40012c40 <_eusrstack+0x2000dc40>
    2a40:	8082                	ret

00002a42 <spi_delay_nops>:
    2a42:	57fd                	li	a5,-1
    2a44:	157d                	addi	a0,a0,-1
    2a46:	00f51363          	bne	a0,a5,2a4c <spi_delay_nops+0xa>
    2a4a:	8082                	ret
    2a4c:	0001                	nop
    2a4e:	bfdd                	j	2a44 <spi_delay_nops+0x2>

00002a50 <spi_xfer_byte_bb_ch32>:
    2a50:	eb8fd2ef          	jal	t0,108 <__riscv_save_10>
    2a54:	4405                	li	s0,1
    2a56:	00b419b3          	sll	s3,s0,a1
    2a5a:	00c41bb3          	sll	s7,s0,a2
    2a5e:	00a41433          	sll	s0,s0,a0
    2a62:	8a3e                	mv	s4,a5
    2a64:	00177493          	andi	s1,a4,1
    2a68:	0442                	slli	s0,s0,0x10
    2a6a:	400117b7          	lui	a5,0x40011
    2a6e:	8305                	srli	a4,a4,0x1
    2a70:	8936                	mv	s2,a3
    2a72:	8041                	srli	s0,s0,0x10
    2a74:	80078793          	addi	a5,a5,-2048 # 40010800 <_eusrstack+0x2000b800>
    2a78:	cf25                	beqz	a4,2af0 <spi_xfer_byte_bb_ch32+0xa0>
    2a7a:	cb80                	sw	s0,16(a5)
    2a7c:	4a85                	li	s5,1
    2a7e:	8552                	mv	a0,s4
    2a80:	fc3ff0ef          	jal	ra,2a42 <spi_delay_nops>
    2a84:	4ca1                	li	s9,8
    2a86:	ecbd                	bnez	s1,2b04 <spi_xfer_byte_bb_ch32+0xb4>
    2a88:	6b41                	lui	s6,0x10
    2a8a:	1b7d                	addi	s6,s6,-1
    2a8c:	0169f9b3          	and	s3,s3,s6
    2a90:	40011d37          	lui	s10,0x40011
    2a94:	4c05                	li	s8,1
    2a96:	00795793          	srli	a5,s2,0x7
    2a9a:	800d0713          	addi	a4,s10,-2048 # 40010800 <_eusrstack+0x2000b800>
    2a9e:	cfa1                	beqz	a5,2af6 <spi_xfer_byte_bb_ch32+0xa6>
    2aa0:	01372823          	sw	s3,16(a4)
    2aa4:	0906                	slli	s2,s2,0x1
    2aa6:	0ff97913          	andi	s2,s2,255
    2aaa:	800d0793          	addi	a5,s10,-2048
    2aae:	058a8763          	beq	s5,s8,2afc <spi_xfer_byte_bb_ch32+0xac>
    2ab2:	cb80                	sw	s0,16(a5)
    2ab4:	8552                	mv	a0,s4
    2ab6:	f8dff0ef          	jal	ra,2a42 <spi_delay_nops>
    2aba:	800d0713          	addi	a4,s10,-2048
    2abe:	471c                	lw	a5,8(a4)
    2ac0:	0486                	slli	s1,s1,0x1
    2ac2:	00fbf7b3          	and	a5,s7,a5
    2ac6:	0167f7b3          	and	a5,a5,s6
    2aca:	00f037b3          	snez	a5,a5
    2ace:	8cdd                	or	s1,s1,a5
    2ad0:	0ff4f493          	andi	s1,s1,255
    2ad4:	020a8663          	beqz	s5,2b00 <spi_xfer_byte_bb_ch32+0xb0>
    2ad8:	cb00                	sw	s0,16(a4)
    2ada:	1cfd                	addi	s9,s9,-1
    2adc:	8552                	mv	a0,s4
    2ade:	0ffcfc93          	andi	s9,s9,255
    2ae2:	f61ff0ef          	jal	ra,2a42 <spi_delay_nops>
    2ae6:	fa0c98e3          	bnez	s9,2a96 <spi_xfer_byte_bb_ch32+0x46>
    2aea:	8526                	mv	a0,s1
    2aec:	e54fd06f          	j	140 <__riscv_restore_10>
    2af0:	cbc0                	sw	s0,20(a5)
    2af2:	4a81                	li	s5,0
    2af4:	b769                	j	2a7e <spi_xfer_byte_bb_ch32+0x2e>
    2af6:	01372a23          	sw	s3,20(a4)
    2afa:	b76d                	j	2aa4 <spi_xfer_byte_bb_ch32+0x54>
    2afc:	cbc0                	sw	s0,20(a5)
    2afe:	bf5d                	j	2ab4 <spi_xfer_byte_bb_ch32+0x64>
    2b00:	cb40                	sw	s0,20(a4)
    2b02:	bfe1                	j	2ada <spi_xfer_byte_bb_ch32+0x8a>
    2b04:	6b41                	lui	s6,0x10
    2b06:	1b7d                	addi	s6,s6,-1
    2b08:	4481                	li	s1,0
    2b0a:	4c05                	li	s8,1
    2b0c:	40011d37          	lui	s10,0x40011
    2b10:	0169f9b3          	and	s3,s3,s6
    2b14:	800d0793          	addi	a5,s10,-2048 # 40010800 <_eusrstack+0x2000b800>
    2b18:	058a8a63          	beq	s5,s8,2b6c <spi_xfer_byte_bb_ch32+0x11c>
    2b1c:	cb80                	sw	s0,16(a5)
    2b1e:	8552                	mv	a0,s4
    2b20:	f23ff0ef          	jal	ra,2a42 <spi_delay_nops>
    2b24:	00795793          	srli	a5,s2,0x7
    2b28:	800d0713          	addi	a4,s10,-2048
    2b2c:	c3b1                	beqz	a5,2b70 <spi_xfer_byte_bb_ch32+0x120>
    2b2e:	01372823          	sw	s3,16(a4)
    2b32:	0906                	slli	s2,s2,0x1
    2b34:	0ff97913          	andi	s2,s2,255
    2b38:	800d0793          	addi	a5,s10,-2048
    2b3c:	020a8d63          	beqz	s5,2b76 <spi_xfer_byte_bb_ch32+0x126>
    2b40:	cb80                	sw	s0,16(a5)
    2b42:	8552                	mv	a0,s4
    2b44:	effff0ef          	jal	ra,2a42 <spi_delay_nops>
    2b48:	808d2783          	lw	a5,-2040(s10)
    2b4c:	0486                	slli	s1,s1,0x1
    2b4e:	1cfd                	addi	s9,s9,-1
    2b50:	00fbf7b3          	and	a5,s7,a5
    2b54:	0167f7b3          	and	a5,a5,s6
    2b58:	00f037b3          	snez	a5,a5
    2b5c:	8cdd                	or	s1,s1,a5
    2b5e:	0ffcfc93          	andi	s9,s9,255
    2b62:	0ff4f493          	andi	s1,s1,255
    2b66:	fa0c97e3          	bnez	s9,2b14 <spi_xfer_byte_bb_ch32+0xc4>
    2b6a:	b741                	j	2aea <spi_xfer_byte_bb_ch32+0x9a>
    2b6c:	cbc0                	sw	s0,20(a5)
    2b6e:	bf45                	j	2b1e <spi_xfer_byte_bb_ch32+0xce>
    2b70:	01372a23          	sw	s3,20(a4)
    2b74:	bf7d                	j	2b32 <spi_xfer_byte_bb_ch32+0xe2>
    2b76:	cbc0                	sw	s0,20(a5)
    2b78:	b7e9                	j	2b42 <spi_xfer_byte_bb_ch32+0xf2>

00002b7a <spi_init>:
    2b7a:	db6fd2ef          	jal	t0,130 <__riscv_save_0>
    2b7e:	1141                	addi	sp,sp,-16
    2b80:	842e                	mv	s0,a1
    2b82:	45c1                	li	a1,16
    2b84:	c632                	sw	a2,12(sp)
    2b86:	d16ff0ef          	jal	ra,209c <gpio_init_pin>
    2b8a:	8522                	mv	a0,s0
    2b8c:	45c1                	li	a1,16
    2b8e:	d0eff0ef          	jal	ra,209c <gpio_init_pin>
    2b92:	4632                	lw	a2,12(sp)
    2b94:	4591                	li	a1,4
    2b96:	8532                	mv	a0,a2
    2b98:	d04ff0ef          	jal	ra,209c <gpio_init_pin>
    2b9c:	0141                	addi	sp,sp,16
    2b9e:	db6fd06f          	j	154 <__riscv_restore_0>

00002ba2 <spi_read>:
    2ba2:	d74fd2ef          	jal	t0,116 <__riscv_save_4>
    2ba6:	1141                	addi	sp,sp,-16
    2ba8:	84aa                	mv	s1,a0
    2baa:	892e                	mv	s2,a1
    2bac:	89b2                	mv	s3,a2
    2bae:	8a36                	mv	s4,a3
    2bb0:	8aba                	mv	s5,a4
    2bb2:	8b3e                	mv	s6,a5
    2bb4:	01180433          	add	s0,a6,a7
    2bb8:	00881563          	bne	a6,s0,2bc2 <spi_read+0x20>
    2bbc:	0141                	addi	sp,sp,16
    2bbe:	d8cfd06f          	j	14a <__riscv_restore_4>
    2bc2:	87da                	mv	a5,s6
    2bc4:	8752                	mv	a4,s4
    2bc6:	86d6                	mv	a3,s5
    2bc8:	864e                	mv	a2,s3
    2bca:	85ca                	mv	a1,s2
    2bcc:	8526                	mv	a0,s1
    2bce:	c642                	sw	a6,12(sp)
    2bd0:	e81ff0ef          	jal	ra,2a50 <spi_xfer_byte_bb_ch32>
    2bd4:	4832                	lw	a6,12(sp)
    2bd6:	00a80023          	sb	a0,0(a6) # 1000 <run+0x386>
    2bda:	0805                	addi	a6,a6,1
    2bdc:	bff1                	j	2bb8 <spi_read+0x16>

00002bde <spi_write>:
    2bde:	d38fd2ef          	jal	t0,116 <__riscv_save_4>
    2be2:	892a                	mv	s2,a0
    2be4:	89ae                	mv	s3,a1
    2be6:	8a32                	mv	s4,a2
    2be8:	8ab6                	mv	s5,a3
    2bea:	8b3a                	mv	s6,a4
    2bec:	843e                	mv	s0,a5
    2bee:	010784b3          	add	s1,a5,a6
    2bf2:	00941463          	bne	s0,s1,2bfa <spi_write+0x1c>
    2bf6:	d54fd06f          	j	14a <__riscv_restore_4>
    2bfa:	2014                	lbu	a3,0(s0)
    2bfc:	87da                	mv	a5,s6
    2bfe:	8756                	mv	a4,s5
    2c00:	8652                	mv	a2,s4
    2c02:	85ce                	mv	a1,s3
    2c04:	854a                	mv	a0,s2
    2c06:	e4bff0ef          	jal	ra,2a50 <spi_xfer_byte_bb_ch32>
    2c0a:	0405                	addi	s0,s0,1
    2c0c:	b7dd                	j	2bf2 <spi_write+0x14>

00002c0e <spi_write_read>:
    2c0e:	d08fd2ef          	jal	t0,116 <__riscv_save_4>
    2c12:	1141                	addi	sp,sp,-16
    2c14:	84aa                	mv	s1,a0
    2c16:	892e                	mv	s2,a1
    2c18:	89b2                	mv	s3,a2
    2c1a:	8a36                	mv	s4,a3
    2c1c:	8aba                	mv	s5,a4
    2c1e:	8b3e                	mv	s6,a5
    2c20:	4401                	li	s0,0
    2c22:	01141563          	bne	s0,a7,2c2c <spi_write_read+0x1e>
    2c26:	0141                	addi	sp,sp,16
    2c28:	d22fd06f          	j	14a <__riscv_restore_4>
    2c2c:	008b06b3          	add	a3,s6,s0
    2c30:	2294                	lbu	a3,0(a3)
    2c32:	87d6                	mv	a5,s5
    2c34:	8752                	mv	a4,s4
    2c36:	864e                	mv	a2,s3
    2c38:	85ca                	mv	a1,s2
    2c3a:	8526                	mv	a0,s1
    2c3c:	c642                	sw	a6,12(sp)
    2c3e:	c446                	sw	a7,8(sp)
    2c40:	e11ff0ef          	jal	ra,2a50 <spi_xfer_byte_bb_ch32>
    2c44:	4832                	lw	a6,12(sp)
    2c46:	48a2                	lw	a7,8(sp)
    2c48:	008807b3          	add	a5,a6,s0
    2c4c:	a388                	sb	a0,0(a5)
    2c4e:	0405                	addi	s0,s0,1
    2c50:	bfc9                	j	2c22 <spi_write_read+0x14>

00002c52 <tkey_read>:
    2c52:	479d                	li	a5,7
    2c54:	85aa                	mv	a1,a0
    2c56:	00a7fa63          	bgeu	a5,a0,2c6a <tkey_read+0x18>
    2c5a:	47c1                	li	a5,16
    2c5c:	06f50063          	beq	a0,a5,2cbc <tkey_read+0x6a>
    2c60:	47c5                	li	a5,17
    2c62:	4501                	li	a0,0
    2c64:	04f59e63          	bne	a1,a5,2cc0 <tkey_read+0x6e>
    2c68:	45a5                	li	a1,9
    2c6a:	cc6fd2ef          	jal	t0,130 <__riscv_save_0>
    2c6e:	40012437          	lui	s0,0x40012
    2c72:	40040413          	addi	s0,s0,1024 # 40012400 <_eusrstack+0x2000d400>
    2c76:	405c                	lw	a5,4(s0)
    2c78:	05000737          	lui	a4,0x5000
    2c7c:	4685                	li	a3,1
    2c7e:	8fd9                	or	a5,a5,a4
    2c80:	c05c                	sw	a5,4(s0)
    2c82:	4605                	li	a2,1
    2c84:	8522                	mv	a0,s0
    2c86:	1dd040ef          	jal	ra,7662 <ADC_RegularChannelConfig>
    2c8a:	47c1                	li	a5,16
    2c8c:	dc5c                	sw	a5,60(s0)
    2c8e:	47a1                	li	a5,8
    2c90:	c47c                	sw	a5,76(s0)
    2c92:	4589                	li	a1,2
    2c94:	8522                	mv	a0,s0
    2c96:	2b5040ef          	jal	ra,774a <ADC_GetFlagStatus>
    2c9a:	dd65                	beqz	a0,2c92 <tkey_read+0x40>
    2c9c:	400127b7          	lui	a5,0x40012
    2ca0:	44c7a503          	lw	a0,1100(a5) # 4001244c <_eusrstack+0x2000d44c>
    2ca4:	4047a703          	lw	a4,1028(a5)
    2ca8:	fb0006b7          	lui	a3,0xfb000
    2cac:	16fd                	addi	a3,a3,-1
    2cae:	8f75                	and	a4,a4,a3
    2cb0:	0542                	slli	a0,a0,0x10
    2cb2:	8141                	srli	a0,a0,0x10
    2cb4:	40e7a223          	sw	a4,1028(a5)
    2cb8:	c9cfd06f          	j	154 <__riscv_restore_0>
    2cbc:	45a1                	li	a1,8
    2cbe:	b775                	j	2c6a <tkey_read+0x18>
    2cc0:	8082                	ret

00002cc2 <lfs_pair_isnull>:
    2cc2:	4118                	lw	a4,0(a0)
    2cc4:	57fd                	li	a5,-1
    2cc6:	00f70763          	beq	a4,a5,2cd4 <lfs_pair_isnull+0x12>
    2cca:	4148                	lw	a0,4(a0)
    2ccc:	0505                	addi	a0,a0,1
    2cce:	00153513          	seqz	a0,a0
    2cd2:	8082                	ret
    2cd4:	4505                	li	a0,1
    2cd6:	8082                	ret

00002cd8 <lfs_pair_cmp>:
    2cd8:	4110                	lw	a2,0(a0)
    2cda:	419c                	lw	a5,0(a1)
    2cdc:	00f60e63          	beq	a2,a5,2cf8 <lfs_pair_cmp+0x20>
    2ce0:	4158                	lw	a4,4(a0)
    2ce2:	41d4                	lw	a3,4(a1)
    2ce4:	4501                	li	a0,0
    2ce6:	00d70a63          	beq	a4,a3,2cfa <lfs_pair_cmp+0x22>
    2cea:	00d60863          	beq	a2,a3,2cfa <lfs_pair_cmp+0x22>
    2cee:	40e78533          	sub	a0,a5,a4
    2cf2:	00a03533          	snez	a0,a0
    2cf6:	8082                	ret
    2cf8:	4501                	li	a0,0
    2cfa:	8082                	ret

00002cfc <lfs_tag_dsize>:
    2cfc:	01651793          	slli	a5,a0,0x16
    2d00:	87d9                	srai	a5,a5,0x16
    2d02:	0785                	addi	a5,a5,1
    2d04:	0017b793          	seqz	a5,a5
    2d08:	953e                	add	a0,a0,a5
    2d0a:	3ff57513          	andi	a0,a0,1023
    2d0e:	0511                	addi	a0,a0,4
    2d10:	8082                	ret

00002d12 <lfs_gstate_xor>:
    2d12:	4198                	lw	a4,0(a1)
    2d14:	411c                	lw	a5,0(a0)
    2d16:	8fb9                	xor	a5,a5,a4
    2d18:	c11c                	sw	a5,0(a0)
    2d1a:	41d8                	lw	a4,4(a1)
    2d1c:	415c                	lw	a5,4(a0)
    2d1e:	8fb9                	xor	a5,a5,a4
    2d20:	c15c                	sw	a5,4(a0)
    2d22:	4598                	lw	a4,8(a1)
    2d24:	451c                	lw	a5,8(a0)
    2d26:	8fb9                	xor	a5,a5,a4
    2d28:	c51c                	sw	a5,8(a0)
    2d2a:	8082                	ret

00002d2c <lfs_gstate_iszero>:
    2d2c:	411c                	lw	a5,0(a0)
    2d2e:	eb81                	bnez	a5,2d3e <lfs_gstate_iszero+0x12>
    2d30:	4158                	lw	a4,4(a0)
    2d32:	e701                	bnez	a4,2d3a <lfs_gstate_iszero+0xe>
    2d34:	451c                	lw	a5,8(a0)
    2d36:	0017b793          	seqz	a5,a5
    2d3a:	853e                	mv	a0,a5
    2d3c:	8082                	ret
    2d3e:	4781                	li	a5,0
    2d40:	bfed                	j	2d3a <lfs_gstate_iszero+0xe>

00002d42 <lfs_gstate_hasmovehere>:
    2d42:	411c                	lw	a5,0(a0)
    2d44:	83d1                	srli	a5,a5,0x14
    2d46:	7007f793          	andi	a5,a5,1792
    2d4a:	cb91                	beqz	a5,2d5e <lfs_gstate_hasmovehere+0x1c>
    2d4c:	be4fd2ef          	jal	t0,130 <__riscv_save_0>
    2d50:	0511                	addi	a0,a0,4
    2d52:	f87ff0ef          	jal	ra,2cd8 <lfs_pair_cmp>
    2d56:	00153513          	seqz	a0,a0
    2d5a:	bfafd06f          	j	154 <__riscv_restore_0>
    2d5e:	4501                	li	a0,0
    2d60:	8082                	ret

00002d62 <lfs_mlist_isopen>:
    2d62:	e111                	bnez	a0,2d66 <lfs_mlist_isopen+0x4>
    2d64:	8082                	ret
    2d66:	00b50463          	beq	a0,a1,2d6e <lfs_mlist_isopen+0xc>
    2d6a:	4108                	lw	a0,0(a0)
    2d6c:	bfdd                	j	2d62 <lfs_mlist_isopen>
    2d6e:	4505                	li	a0,1
    2d70:	8082                	ret

00002d72 <lfs_alloc_lookahead>:
    2d72:	557c                	lw	a5,108(a0)
    2d74:	4978                	lw	a4,84(a0)
    2d76:	95be                	add	a1,a1,a5
    2d78:	8d99                	sub	a1,a1,a4
    2d7a:	02f5f5b3          	remu	a1,a1,a5
    2d7e:	4d3c                	lw	a5,88(a0)
    2d80:	00f5fd63          	bgeu	a1,a5,2d9a <lfs_alloc_lookahead+0x28>
    2d84:	5178                	lw	a4,100(a0)
    2d86:	0035d793          	srli	a5,a1,0x3
    2d8a:	899d                	andi	a1,a1,7
    2d8c:	973e                	add	a4,a4,a5
    2d8e:	4785                	li	a5,1
    2d90:	00b795b3          	sll	a1,a5,a1
    2d94:	231c                	lbu	a5,0(a4)
    2d96:	8ddd                	or	a1,a1,a5
    2d98:	a30c                	sb	a1,0(a4)
    2d9a:	4501                	li	a0,0
    2d9c:	8082                	ret

00002d9e <lfs_dir_traverse_filter>:
    2d9e:	00359793          	slli	a5,a1,0x3
    2da2:	862a                	mv	a2,a0
    2da4:	0407c463          	bltz	a5,2dec <lfs_dir_traverse_filter+0x4e>
    2da8:	70100737          	lui	a4,0x70100
    2dac:	c0070713          	addi	a4,a4,-1024 # 700ffc00 <_eusrstack+0x500fac00>
    2db0:	4214                	lw	a3,0(a2)
    2db2:	00b6c7b3          	xor	a5,a3,a1
    2db6:	8f7d                	and	a4,a4,a5
    2db8:	c715                	beqz	a4,2de4 <lfs_dir_traverse_filter+0x46>
    2dba:	01669793          	slli	a5,a3,0x16
    2dbe:	87d9                	srai	a5,a5,0x16
    2dc0:	577d                	li	a4,-1
    2dc2:	02e78163          	beq	a5,a4,2de4 <lfs_dir_traverse_filter+0x46>
    2dc6:	00100737          	lui	a4,0x100
    2dca:	800007b7          	lui	a5,0x80000
    2dce:	c0070713          	addi	a4,a4,-1024 # ffc00 <_data_lma+0xf4bb4>
    2dd2:	c007c793          	xori	a5,a5,-1024
    2dd6:	8f75                	and	a4,a4,a3
    2dd8:	4ff00537          	lui	a0,0x4ff00
    2ddc:	8fed                	and	a5,a5,a1
    2dde:	8f49                	or	a4,a4,a0
    2de0:	00e79b63          	bne	a5,a4,2df6 <lfs_dir_traverse_filter+0x58>
    2de4:	00062023          	sw	zero,0(a2)
    2de8:	4505                	li	a0,1
    2dea:	8082                	ret
    2dec:	80000737          	lui	a4,0x80000
    2df0:	c0074713          	xori	a4,a4,-1024
    2df4:	bf75                	j	2db0 <lfs_dir_traverse_filter+0x12>
    2df6:	0145d793          	srli	a5,a1,0x14
    2dfa:	7007f813          	andi	a6,a5,1792
    2dfe:	40000713          	li	a4,1024
    2e02:	4501                	li	a0,0
    2e04:	02e81063          	bne	a6,a4,2e24 <lfs_dir_traverse_filter+0x86>
    2e08:	00a6d713          	srli	a4,a3,0xa
    2e0c:	81a9                	srli	a1,a1,0xa
    2e0e:	3ff77713          	andi	a4,a4,1023
    2e12:	3ff5f593          	andi	a1,a1,1023
    2e16:	00b76763          	bltu	a4,a1,2e24 <lfs_dir_traverse_filter+0x86>
    2e1a:	07e2                	slli	a5,a5,0x18
    2e1c:	87e1                	srai	a5,a5,0x18
    2e1e:	07aa                	slli	a5,a5,0xa
    2e20:	97b6                	add	a5,a5,a3
    2e22:	c21c                	sw	a5,0(a2)
    2e24:	8082                	ret

00002e26 <lfs_dir_commit_size>:
    2e26:	b0afd2ef          	jal	t0,130 <__riscv_save_0>
    2e2a:	842a                	mv	s0,a0
    2e2c:	852e                	mv	a0,a1
    2e2e:	ecfff0ef          	jal	ra,2cfc <lfs_tag_dsize>
    2e32:	401c                	lw	a5,0(s0)
    2e34:	953e                	add	a0,a0,a5
    2e36:	c008                	sw	a0,0(s0)
    2e38:	4501                	li	a0,0
    2e3a:	b1afd06f          	j	154 <__riscv_restore_0>

00002e3e <lfs_fs_size_count>:
    2e3e:	411c                	lw	a5,0(a0)
    2e40:	0785                	addi	a5,a5,1
    2e42:	c11c                	sw	a5,0(a0)
    2e44:	4501                	li	a0,0
    2e46:	8082                	ret

00002e48 <lfs_bd_read>:
    2e48:	ab8fd2ef          	jal	t0,100 <__riscv_save_12>
    2e4c:	8c3a                	mv	s8,a4
    2e4e:	843e                	mv	s0,a5
    2e50:	01178733          	add	a4,a5,a7
    2e54:	553c                	lw	a5,104(a0)
    2e56:	4fdc                	lw	a5,28(a5)
    2e58:	00e7ed63          	bltu	a5,a4,2e72 <lfs_bd_read+0x2a>
    2e5c:	557c                	lw	a5,108(a0)
    2e5e:	8a2a                	mv	s4,a0
    2e60:	8cae                	mv	s9,a1
    2e62:	8bb2                	mv	s7,a2
    2e64:	8ab6                	mv	s5,a3
    2e66:	8d42                	mv	s10,a6
    2e68:	8946                	mv	s2,a7
    2e6a:	16078b63          	beqz	a5,2fe0 <lfs_bd_read+0x198>
    2e6e:	16fc6963          	bltu	s8,a5,2fe0 <lfs_bd_read+0x198>
    2e72:	fac00513          	li	a0,-84
    2e76:	a29d                	j	2fdc <lfs_bd_read+0x194>
    2e78:	040c8963          	beqz	s9,2eca <lfs_bd_read+0x82>
    2e7c:	000ca783          	lw	a5,0(s9)
    2e80:	84ca                	mv	s1,s2
    2e82:	05879563          	bne	a5,s8,2ecc <lfs_bd_read+0x84>
    2e86:	004ca483          	lw	s1,4(s9)
    2e8a:	008ca983          	lw	s3,8(s9)
    2e8e:	99a6                	add	s3,s3,s1
    2e90:	03347d63          	bgeu	s0,s3,2eca <lfs_bd_read+0x82>
    2e94:	02946863          	bltu	s0,s1,2ec4 <lfs_bd_read+0x7c>
    2e98:	408989b3          	sub	s3,s3,s0
    2e9c:	01397363          	bgeu	s2,s3,2ea2 <lfs_bd_read+0x5a>
    2ea0:	89ca                	mv	s3,s2
    2ea2:	00cca583          	lw	a1,12(s9)
    2ea6:	409404b3          	sub	s1,s0,s1
    2eaa:	864e                	mv	a2,s3
    2eac:	95a6                	add	a1,a1,s1
    2eae:	856a                	mv	a0,s10
    2eb0:	2ad050ef          	jal	ra,895c <memcpy>
    2eb4:	9d4e                	add	s10,s10,s3
    2eb6:	944e                	add	s0,s0,s3
    2eb8:	41390933          	sub	s2,s2,s3
    2ebc:	fa091ee3          	bnez	s2,2e78 <lfs_bd_read+0x30>
    2ec0:	4501                	li	a0,0
    2ec2:	aa29                	j	2fdc <lfs_bd_read+0x194>
    2ec4:	8c81                	sub	s1,s1,s0
    2ec6:	00997363          	bgeu	s2,s1,2ecc <lfs_bd_read+0x84>
    2eca:	84ca                	mv	s1,s2
    2ecc:	000ba783          	lw	a5,0(s7)
    2ed0:	03879b63          	bne	a5,s8,2f06 <lfs_bd_read+0xbe>
    2ed4:	004ba583          	lw	a1,4(s7)
    2ed8:	008ba983          	lw	s3,8(s7)
    2edc:	99ae                	add	s3,s3,a1
    2ede:	03347463          	bgeu	s0,s3,2f06 <lfs_bd_read+0xbe>
    2ee2:	00b46e63          	bltu	s0,a1,2efe <lfs_bd_read+0xb6>
    2ee6:	408989b3          	sub	s3,s3,s0
    2eea:	0134f363          	bgeu	s1,s3,2ef0 <lfs_bd_read+0xa8>
    2eee:	89a6                	mv	s3,s1
    2ef0:	00cba783          	lw	a5,12(s7)
    2ef4:	40b405b3          	sub	a1,s0,a1
    2ef8:	864e                	mv	a2,s3
    2efa:	95be                	add	a1,a1,a5
    2efc:	bf4d                	j	2eae <lfs_bd_read+0x66>
    2efe:	8d81                	sub	a1,a1,s0
    2f00:	0095f363          	bgeu	a1,s1,2f06 <lfs_bd_read+0xbe>
    2f04:	84ae                	mv	s1,a1
    2f06:	05596c63          	bltu	s2,s5,2f5e <lfs_bd_read+0x116>
    2f0a:	068a2503          	lw	a0,104(s4)
    2f0e:	495c                	lw	a5,20(a0)
    2f10:	02f47733          	remu	a4,s0,a5
    2f14:	e729                	bnez	a4,2f5e <lfs_bd_read+0x116>
    2f16:	04f96463          	bltu	s2,a5,2f5e <lfs_bd_read+0x116>
    2f1a:	02f4f9b3          	remu	s3,s1,a5
    2f1e:	415c                	lw	a5,4(a0)
    2f20:	86ea                	mv	a3,s10
    2f22:	8622                	mv	a2,s0
    2f24:	85e2                	mv	a1,s8
    2f26:	41348db3          	sub	s11,s1,s3
    2f2a:	876e                	mv	a4,s11
    2f2c:	9782                	jalr	a5
    2f2e:	02a05163          	blez	a0,2f50 <lfs_bd_read+0x108>
    2f32:	0000a6b7          	lui	a3,0xa
    2f36:	6629                	lui	a2,0xa
    2f38:	13468693          	addi	a3,a3,308 # a134 <defaults.4606+0xdc>
    2f3c:	eac60613          	addi	a2,a2,-340 # 9eac <__func__.3666>
    2f40:	06000593          	li	a1,96
    2f44:	0000a537          	lui	a0,0xa
    2f48:	14050513          	addi	a0,a0,320 # a140 <defaults.4606+0xe8>
    2f4c:	179050ef          	jal	ra,88c4 <__assert_func>
    2f50:	e551                	bnez	a0,2fdc <lfs_bd_read+0x194>
    2f52:	409984b3          	sub	s1,s3,s1
    2f56:	9d6e                	add	s10,s10,s11
    2f58:	946e                	add	s0,s0,s11
    2f5a:	9926                	add	s2,s2,s1
    2f5c:	b785                	j	2ebc <lfs_bd_read+0x74>
    2f5e:	06ca2783          	lw	a5,108(s4)
    2f62:	cf89                	beqz	a5,2f7c <lfs_bd_read+0x134>
    2f64:	00fc6c63          	bltu	s8,a5,2f7c <lfs_bd_read+0x134>
    2f68:	0000a6b7          	lui	a3,0xa
    2f6c:	6629                	lui	a2,0xa
    2f6e:	15868693          	addi	a3,a3,344 # a158 <defaults.4606+0x100>
    2f72:	eac60613          	addi	a2,a2,-340 # 9eac <__func__.3666>
    2f76:	06c00593          	li	a1,108
    2f7a:	b7e9                	j	2f44 <lfs_bd_read+0xfc>
    2f7c:	068a2503          	lw	a0,104(s4)
    2f80:	018ba023          	sw	s8,0(s7)
    2f84:	495c                	lw	a5,20(a0)
    2f86:	4d4c                	lw	a1,28(a0)
    2f88:	00fb0733          	add	a4,s6,a5
    2f8c:	02f476b3          	remu	a3,s0,a5
    2f90:	9722                	add	a4,a4,s0
    2f92:	02f777b3          	remu	a5,a4,a5
    2f96:	40d40633          	sub	a2,s0,a3
    2f9a:	00cba223          	sw	a2,4(s7)
    2f9e:	8f1d                	sub	a4,a4,a5
    2fa0:	00e5f363          	bgeu	a1,a4,2fa6 <lfs_bd_read+0x15e>
    2fa4:	872e                	mv	a4,a1
    2fa6:	551c                	lw	a5,40(a0)
    2fa8:	8e81                	sub	a3,a3,s0
    2faa:	9736                	add	a4,a4,a3
    2fac:	00e7f363          	bgeu	a5,a4,2fb2 <lfs_bd_read+0x16a>
    2fb0:	873e                	mv	a4,a5
    2fb2:	415c                	lw	a5,4(a0)
    2fb4:	00cba683          	lw	a3,12(s7)
    2fb8:	00eba423          	sw	a4,8(s7)
    2fbc:	85e2                	mv	a1,s8
    2fbe:	9782                	jalr	a5
    2fc0:	00a05c63          	blez	a0,2fd8 <lfs_bd_read+0x190>
    2fc4:	0000a6b7          	lui	a3,0xa
    2fc8:	6629                	lui	a2,0xa
    2fca:	13468693          	addi	a3,a3,308 # a134 <defaults.4606+0xdc>
    2fce:	eac60613          	addi	a2,a2,-340 # 9eac <__func__.3666>
    2fd2:	07700593          	li	a1,119
    2fd6:	b7bd                	j	2f44 <lfs_bd_read+0xfc>
    2fd8:	ee0502e3          	beqz	a0,2ebc <lfs_bd_read+0x74>
    2fdc:	960fd06f          	j	13c <__riscv_restore_12>
    2fe0:	fffa8b13          	addi	s6,s5,-1
    2fe4:	bde1                	j	2ebc <lfs_bd_read+0x74>

00002fe6 <lfs_dir_getslice>:
    2fe6:	91afd2ef          	jal	t0,100 <__riscv_save_12>
    2fea:	8d3e                	mv	s10,a5
    2fec:	499c                	lw	a5,16(a1)
    2fee:	1101                	addi	sp,sp,-32
    2ff0:	8cb2                	mv	s9,a2
    2ff2:	892a                	mv	s2,a0
    2ff4:	03c50513          	addi	a0,a0,60
    2ff8:	8a2e                	mv	s4,a1
    2ffa:	8ab6                	mv	s5,a3
    2ffc:	c43a                	sw	a4,8(sp)
    2ffe:	8bc2                	mv	s7,a6
    3000:	45c4                	lw	s1,12(a1)
    3002:	ce3e                	sw	a5,28(sp)
    3004:	00acd993          	srli	s3,s9,0xa
    3008:	d3bff0ef          	jal	ra,2d42 <lfs_gstate_hasmovehere>
    300c:	3ff9f993          	andi	s3,s3,1023
    3010:	14050963          	beqz	a0,3162 <lfs_dir_getslice+0x17c>
    3014:	14098763          	beqz	s3,3162 <lfs_dir_getslice+0x17c>
    3018:	03c92783          	lw	a5,60(s2) # 2000003c <pin_port_mapping+0x28>
    301c:	00aad713          	srli	a4,s5,0xa
    3020:	3ff77713          	andi	a4,a4,1023
    3024:	83a9                	srli	a5,a5,0xa
    3026:	3ff7f793          	andi	a5,a5,1023
    302a:	00e79663          	bne	a5,a4,3036 <lfs_dir_getslice+0x50>
    302e:	5579                	li	a0,-2
    3030:	6105                	addi	sp,sp,32
    3032:	90afd06f          	j	13c <__riscv_restore_12>
    3036:	4401                	li	s0,0
    3038:	00e7f463          	bgeu	a5,a4,3040 <lfs_dir_getslice+0x5a>
    303c:	c0000413          	li	s0,-1024
    3040:	800007b7          	lui	a5,0x80000
    3044:	fff7c793          	not	a5,a5
    3048:	00100c37          	lui	s8,0x100
    304c:	c63e                	sw	a5,12(sp)
    304e:	c00c0c13          	addi	s8,s8,-1024 # ffc00 <_data_lma+0xf4bb4>
    3052:	40100db7          	lui	s11,0x40100
    3056:	4b72                	lw	s6,28(sp)
    3058:	855a                	mv	a0,s6
    305a:	ca3ff0ef          	jal	ra,2cfc <lfs_tag_dsize>
    305e:	00450793          	addi	a5,a0,4
    3062:	fcf4e6e3          	bltu	s1,a5,302e <lfs_dir_getslice+0x48>
    3066:	000a2703          	lw	a4,0(s4)
    306a:	8c89                	sub	s1,s1,a0
    306c:	4891                	li	a7,4
    306e:	01c10813          	addi	a6,sp,28
    3072:	87a6                	mv	a5,s1
    3074:	4691                	li	a3,4
    3076:	864a                	mv	a2,s2
    3078:	4581                	li	a1,0
    307a:	854a                	mv	a0,s2
    307c:	dcdff0ef          	jal	ra,2e48 <lfs_bd_read>
    3080:	02a05163          	blez	a0,30a2 <lfs_dir_getslice+0xbc>
    3084:	0000a6b7          	lui	a3,0xa
    3088:	6629                	lui	a2,0xa
    308a:	13468693          	addi	a3,a3,308 # a134 <defaults.4606+0xdc>
    308e:	ef060613          	addi	a2,a2,-272 # 9ef0 <__func__.4022>
    3092:	2e700593          	li	a1,743
    3096:	0000a537          	lui	a0,0xa
    309a:	14050513          	addi	a0,a0,320 # a140 <defaults.4606+0xe8>
    309e:	027050ef          	jal	ra,88c4 <__assert_func>
    30a2:	f559                	bnez	a0,3030 <lfs_dir_getslice+0x4a>
    30a4:	4572                	lw	a0,28(sp)
    30a6:	468050ef          	jal	ra,850e <__bswapsi2>
    30aa:	47b2                	lw	a5,12(sp)
    30ac:	00ab4533          	xor	a0,s6,a0
    30b0:	8d7d                	and	a0,a0,a5
    30b2:	ce2a                	sw	a0,28(sp)
    30b4:	04098063          	beqz	s3,30f4 <lfs_dir_getslice+0x10e>
    30b8:	014b5793          	srli	a5,s6,0x14
    30bc:	7007f713          	andi	a4,a5,1792
    30c0:	40000693          	li	a3,1024
    30c4:	02d71863          	bne	a4,a3,30f4 <lfs_dir_getslice+0x10e>
    30c8:	408a8733          	sub	a4,s5,s0
    30cc:	00a75613          	srli	a2,a4,0xa
    30d0:	00ab5693          	srli	a3,s6,0xa
    30d4:	3ff67613          	andi	a2,a2,1023
    30d8:	3ff6f693          	andi	a3,a3,1023
    30dc:	00d66c63          	bltu	a2,a3,30f4 <lfs_dir_getslice+0x10e>
    30e0:	01877733          	and	a4,a4,s8
    30e4:	01b76733          	or	a4,a4,s11
    30e8:	f56703e3          	beq	a4,s6,302e <lfs_dir_getslice+0x48>
    30ec:	07e2                	slli	a5,a5,0x18
    30ee:	87e1                	srai	a5,a5,0x18
    30f0:	07aa                	slli	a5,a5,0xa
    30f2:	943e                	add	s0,s0,a5
    30f4:	408a87b3          	sub	a5,s5,s0
    30f8:	0167c7b3          	xor	a5,a5,s6
    30fc:	0197f7b3          	and	a5,a5,s9
    3100:	fbb9                	bnez	a5,3056 <lfs_dir_getslice+0x70>
    3102:	016b1793          	slli	a5,s6,0x16
    3106:	87d9                	srai	a5,a5,0x16
    3108:	577d                	li	a4,-1
    310a:	f2e782e3          	beq	a5,a4,302e <lfs_dir_getslice+0x48>
    310e:	3ffb7993          	andi	s3,s6,1023
    3112:	013bf363          	bgeu	s7,s3,3118 <lfs_dir_getslice+0x132>
    3116:	89de                	mv	s3,s7
    3118:	47a2                	lw	a5,8(sp)
    311a:	000a2703          	lw	a4,0(s4)
    311e:	88ce                	mv	a7,s3
    3120:	0791                	addi	a5,a5,4
    3122:	886a                	mv	a6,s10
    3124:	97a6                	add	a5,a5,s1
    3126:	86ce                	mv	a3,s3
    3128:	864a                	mv	a2,s2
    312a:	4581                	li	a1,0
    312c:	854a                	mv	a0,s2
    312e:	d1bff0ef          	jal	ra,2e48 <lfs_bd_read>
    3132:	00a05c63          	blez	a0,314a <lfs_dir_getslice+0x164>
    3136:	0000a6b7          	lui	a3,0xa
    313a:	6629                	lui	a2,0xa
    313c:	13468693          	addi	a3,a3,308 # a134 <defaults.4606+0xdc>
    3140:	ef060613          	addi	a2,a2,-272 # 9ef0 <__func__.4022>
    3144:	30400593          	li	a1,772
    3148:	b7b9                	j	3096 <lfs_dir_getslice+0xb0>
    314a:	ee0513e3          	bnez	a0,3030 <lfs_dir_getslice+0x4a>
    314e:	413b8633          	sub	a2,s7,s3
    3152:	4581                	li	a1,0
    3154:	013d0533          	add	a0,s10,s3
    3158:	808fd0ef          	jal	ra,160 <memset>
    315c:	01640533          	add	a0,s0,s6
    3160:	bdc1                	j	3030 <lfs_dir_getslice+0x4a>
    3162:	4401                	li	s0,0
    3164:	bdf1                	j	3040 <lfs_dir_getslice+0x5a>

00003166 <lfs_dir_get>:
    3166:	fcbfc2ef          	jal	t0,130 <__riscv_save_0>
    316a:	87ba                	mv	a5,a4
    316c:	3ff6f813          	andi	a6,a3,1023
    3170:	4701                	li	a4,0
    3172:	e75ff0ef          	jal	ra,2fe6 <lfs_dir_getslice>
    3176:	fdffc06f          	j	154 <__riscv_restore_0>

0000317a <lfs_dir_getgstate>:
    317a:	fb7fc2ef          	jal	t0,130 <__riscv_save_0>
    317e:	1141                	addi	sp,sp,-16
    3180:	7ff006b7          	lui	a3,0x7ff00
    3184:	8432                	mv	s0,a2
    3186:	0058                	addi	a4,sp,4
    3188:	06b1                	addi	a3,a3,12
    318a:	7ff00637          	lui	a2,0x7ff00
    318e:	fd9ff0ef          	jal	ra,3166 <lfs_dir_get>
    3192:	00055863          	bgez	a0,31a2 <lfs_dir_getgstate+0x28>
    3196:	57f9                	li	a5,-2
    3198:	00f50963          	beq	a0,a5,31aa <lfs_dir_getgstate+0x30>
    319c:	0141                	addi	sp,sp,16
    319e:	fb7fc06f          	j	154 <__riscv_restore_0>
    31a2:	004c                	addi	a1,sp,4
    31a4:	8522                	mv	a0,s0
    31a6:	b6dff0ef          	jal	ra,2d12 <lfs_gstate_xor>
    31aa:	4501                	li	a0,0
    31ac:	bfc5                	j	319c <lfs_dir_getgstate+0x22>

000031ae <lfs_fs_parent_match>:
    31ae:	f83fc2ef          	jal	t0,130 <__riscv_save_0>
    31b2:	8732                	mv	a4,a2
    31b4:	4110                	lw	a2,0(a0)
    31b6:	435c                	lw	a5,4(a4)
    31b8:	4318                	lw	a4,0(a4)
    31ba:	5634                	lw	a3,104(a2)
    31bc:	1141                	addi	sp,sp,-16
    31be:	842a                	mv	s0,a0
    31c0:	4ed4                	lw	a3,28(a3)
    31c2:	48a1                	li	a7,8
    31c4:	00810813          	addi	a6,sp,8
    31c8:	01060593          	addi	a1,a2,16 # 7ff00010 <_eusrstack+0x5fefb010>
    31cc:	8532                	mv	a0,a2
    31ce:	c7bff0ef          	jal	ra,2e48 <lfs_bd_read>
    31d2:	e901                	bnez	a0,31e2 <lfs_fs_parent_match+0x34>
    31d4:	00440593          	addi	a1,s0,4
    31d8:	0028                	addi	a0,sp,8
    31da:	affff0ef          	jal	ra,2cd8 <lfs_pair_cmp>
    31de:	00a03533          	snez	a0,a0
    31e2:	0141                	addi	sp,sp,16
    31e4:	f71fc06f          	j	154 <__riscv_restore_0>

000031e8 <lfs_deinit>:
    31e8:	f49fc2ef          	jal	t0,130 <__riscv_save_0>
    31ec:	553c                	lw	a5,104(a0)
    31ee:	842a                	mv	s0,a0
    31f0:	5bdc                	lw	a5,52(a5)
    31f2:	e781                	bnez	a5,31fa <lfs_deinit+0x12>
    31f4:	4548                	lw	a0,12(a0)
    31f6:	738050ef          	jal	ra,892e <free>
    31fa:	543c                	lw	a5,104(s0)
    31fc:	5f9c                	lw	a5,56(a5)
    31fe:	e781                	bnez	a5,3206 <lfs_deinit+0x1e>
    3200:	4c48                	lw	a0,28(s0)
    3202:	72c050ef          	jal	ra,892e <free>
    3206:	543c                	lw	a5,104(s0)
    3208:	5fdc                	lw	a5,60(a5)
    320a:	e781                	bnez	a5,3212 <lfs_deinit+0x2a>
    320c:	5068                	lw	a0,100(s0)
    320e:	720050ef          	jal	ra,892e <free>
    3212:	4501                	li	a0,0
    3214:	f41fc06f          	j	154 <__riscv_restore_0>

00003218 <lfs_dir_getinfo>:
    3218:	efffc2ef          	jal	t0,116 <__riscv_save_4>
    321c:	3ff00793          	li	a5,1023
    3220:	1141                	addi	sp,sp,-16
    3222:	8436                	mv	s0,a3
    3224:	00868713          	addi	a4,a3,8 # 7ff00008 <_eusrstack+0x5fefb008>
    3228:	00f61f63          	bne	a2,a5,3246 <lfs_dir_getinfo+0x2e>
    322c:	0000a5b7          	lui	a1,0xa
    3230:	22458593          	addi	a1,a1,548 # a224 <defaults.4606+0x1cc>
    3234:	853a                	mv	a0,a4
    3236:	152060ef          	jal	ra,9388 <strcpy>
    323a:	4789                	li	a5,2
    323c:	a01c                	sb	a5,0(s0)
    323e:	4501                	li	a0,0
    3240:	0141                	addi	sp,sp,16
    3242:	f09fc06f          	j	14a <__riscv_restore_4>
    3246:	5934                	lw	a3,112(a0)
    3248:	00a61493          	slli	s1,a2,0xa
    324c:	78100637          	lui	a2,0x78100
    3250:	0685                	addi	a3,a3,1
    3252:	8ec5                	or	a3,a3,s1
    3254:	c0060613          	addi	a2,a2,-1024 # 780ffc00 <_eusrstack+0x580fac00>
    3258:	892a                	mv	s2,a0
    325a:	89ae                	mv	s3,a1
    325c:	f0bff0ef          	jal	ra,3166 <lfs_dir_get>
    3260:	fe0540e3          	bltz	a0,3240 <lfs_dir_getinfo+0x28>
    3264:	200006b7          	lui	a3,0x20000
    3268:	8151                	srli	a0,a0,0x14
    326a:	06a1                	addi	a3,a3,8
    326c:	70100637          	lui	a2,0x70100
    3270:	a008                	sb	a0,0(s0)
    3272:	0038                	addi	a4,sp,8
    3274:	8ec5                	or	a3,a3,s1
    3276:	c0060613          	addi	a2,a2,-1024 # 700ffc00 <_eusrstack+0x500fac00>
    327a:	85ce                	mv	a1,s3
    327c:	854a                	mv	a0,s2
    327e:	ee9ff0ef          	jal	ra,3166 <lfs_dir_get>
    3282:	fa054fe3          	bltz	a0,3240 <lfs_dir_getinfo+0x28>
    3286:	01455793          	srli	a5,a0,0x14
    328a:	20200713          	li	a4,514
    328e:	00e79563          	bne	a5,a4,3298 <lfs_dir_getinfo+0x80>
    3292:	47b2                	lw	a5,12(sp)
    3294:	c05c                	sw	a5,4(s0)
    3296:	b765                	j	323e <lfs_dir_getinfo+0x26>
    3298:	20100713          	li	a4,513
    329c:	fae791e3          	bne	a5,a4,323e <lfs_dir_getinfo+0x26>
    32a0:	3ff57513          	andi	a0,a0,1023
    32a4:	c048                	sw	a0,4(s0)
    32a6:	bf61                	j	323e <lfs_dir_getinfo+0x26>

000032a8 <lfs_bd_erase>:
    32a8:	e89fc2ef          	jal	t0,130 <__riscv_save_0>
    32ac:	557c                	lw	a5,108(a0)
    32ae:	02f5e163          	bltu	a1,a5,32d0 <lfs_bd_erase+0x28>
    32b2:	0000a6b7          	lui	a3,0xa
    32b6:	6629                	lui	a2,0xa
    32b8:	09868693          	addi	a3,a3,152 # a098 <defaults.4606+0x40>
    32bc:	ee060613          	addi	a2,a2,-288 # 9ee0 <__func__.3745>
    32c0:	11500593          	li	a1,277
    32c4:	0000a537          	lui	a0,0xa
    32c8:	14050513          	addi	a0,a0,320 # a140 <defaults.4606+0xe8>
    32cc:	5f8050ef          	jal	ra,88c4 <__assert_func>
    32d0:	5528                	lw	a0,104(a0)
    32d2:	455c                	lw	a5,12(a0)
    32d4:	9782                	jalr	a5
    32d6:	00a05c63          	blez	a0,32ee <lfs_bd_erase+0x46>
    32da:	0000a6b7          	lui	a3,0xa
    32de:	6629                	lui	a2,0xa
    32e0:	13468693          	addi	a3,a3,308 # a134 <defaults.4606+0xdc>
    32e4:	ee060613          	addi	a2,a2,-288 # 9ee0 <__func__.3745>
    32e8:	11700593          	li	a1,279
    32ec:	bfe1                	j	32c4 <lfs_bd_erase+0x1c>
    32ee:	e67fc06f          	j	154 <__riscv_restore_0>

000032f2 <lfs_fs_preporphans.isra.25>:
    32f2:	e3ffc2ef          	jal	t0,130 <__riscv_save_0>
    32f6:	411c                	lw	a5,0(a0)
    32f8:	3ff7f713          	andi	a4,a5,1023
    32fc:	e31d                	bnez	a4,3322 <lfs_fs_preporphans.isra.25+0x30>
    32fe:	0405d363          	bgez	a1,3344 <lfs_fs_preporphans.isra.25+0x52>
    3302:	0000a6b7          	lui	a3,0xa
    3306:	6629                	lui	a2,0xa
    3308:	6585                	lui	a1,0x1
    330a:	62868693          	addi	a3,a3,1576 # a628 <defaults.4606+0x5d0>
    330e:	fc060613          	addi	a2,a2,-64 # 9fc0 <__func__.4978>
    3312:	31f58593          	addi	a1,a1,799 # 131f <USBFS_IRQHandler+0x5b>
    3316:	0000a537          	lui	a0,0xa
    331a:	14050513          	addi	a0,a0,320 # a140 <defaults.4606+0xe8>
    331e:	5a6050ef          	jal	ra,88c4 <__assert_func>
    3322:	1fe00693          	li	a3,510
    3326:	00e6ff63          	bgeu	a3,a4,3344 <lfs_fs_preporphans.isra.25+0x52>
    332a:	00b05d63          	blez	a1,3344 <lfs_fs_preporphans.isra.25+0x52>
    332e:	0000a6b7          	lui	a3,0xa
    3332:	6629                	lui	a2,0xa
    3334:	6585                	lui	a1,0x1
    3336:	66068693          	addi	a3,a3,1632 # a660 <defaults.4606+0x608>
    333a:	fc060613          	addi	a2,a2,-64 # 9fc0 <__func__.4978>
    333e:	32058593          	addi	a1,a1,800 # 1320 <USBFS_IRQHandler+0x5c>
    3342:	bfd1                	j	3316 <lfs_fs_preporphans.isra.25+0x24>
    3344:	95be                	add	a1,a1,a5
    3346:	3ff5f793          	andi	a5,a1,1023
    334a:	00f037b3          	snez	a5,a5
    334e:	0586                	slli	a1,a1,0x1
    3350:	07fe                	slli	a5,a5,0x1f
    3352:	8185                	srli	a1,a1,0x1
    3354:	8ddd                	or	a1,a1,a5
    3356:	c10c                	sw	a1,0(a0)
    3358:	4501                	li	a0,0
    335a:	dfbfc06f          	j	154 <__riscv_restore_0>

0000335e <lfs_cache_zero.isra.27>:
    335e:	dd3fc2ef          	jal	t0,130 <__riscv_save_0>
    3362:	842e                	mv	s0,a1
    3364:	5510                	lw	a2,40(a0)
    3366:	4448                	lw	a0,12(s0)
    3368:	0ff00593          	li	a1,255
    336c:	df5fc0ef          	jal	ra,160 <memset>
    3370:	57fd                	li	a5,-1
    3372:	c01c                	sw	a5,0(s0)
    3374:	de1fc06f          	j	154 <__riscv_restore_0>

00003378 <lfs_init>:
    3378:	db9fc2ef          	jal	t0,130 <__riscv_save_0>
    337c:	519c                	lw	a5,32(a1)
    337e:	d52c                	sw	a1,104(a0)
    3380:	842a                	mv	s0,a0
    3382:	d57c                	sw	a5,108(a0)
    3384:	41dc                	lw	a5,4(a1)
    3386:	e38d                	bnez	a5,33a8 <lfs_init+0x30>
    3388:	0000a6b7          	lui	a3,0xa
    338c:	6629                	lui	a2,0xa
    338e:	6585                	lui	a1,0x1
    3390:	69868693          	addi	a3,a3,1688 # a698 <defaults.4606+0x640>
    3394:	fa860613          	addi	a2,a2,-88 # 9fa8 <__func__.4840>
    3398:	07b58593          	addi	a1,a1,123 # 107b <reads_registers+0x2b>
    339c:	0000a537          	lui	a0,0xa
    33a0:	14050513          	addi	a0,a0,320 # a140 <defaults.4606+0xe8>
    33a4:	520050ef          	jal	ra,88c4 <__assert_func>
    33a8:	459c                	lw	a5,8(a1)
    33aa:	84ae                	mv	s1,a1
    33ac:	ef81                	bnez	a5,33c4 <lfs_init+0x4c>
    33ae:	0000a6b7          	lui	a3,0xa
    33b2:	6629                	lui	a2,0xa
    33b4:	6585                	lui	a1,0x1
    33b6:	6b868693          	addi	a3,a3,1720 # a6b8 <defaults.4606+0x660>
    33ba:	fa860613          	addi	a2,a2,-88 # 9fa8 <__func__.4840>
    33be:	07d58593          	addi	a1,a1,125 # 107d <writes_registers+0x1>
    33c2:	bfe9                	j	339c <lfs_init+0x24>
    33c4:	45dc                	lw	a5,12(a1)
    33c6:	ef81                	bnez	a5,33de <lfs_init+0x66>
    33c8:	0000a6b7          	lui	a3,0xa
    33cc:	6629                	lui	a2,0xa
    33ce:	6585                	lui	a1,0x1
    33d0:	6d868693          	addi	a3,a3,1752 # a6d8 <defaults.4606+0x680>
    33d4:	fa860613          	addi	a2,a2,-88 # 9fa8 <__func__.4840>
    33d8:	07e58593          	addi	a1,a1,126 # 107e <writes_registers+0x2>
    33dc:	b7c1                	j	339c <lfs_init+0x24>
    33de:	499c                	lw	a5,16(a1)
    33e0:	ef81                	bnez	a5,33f8 <lfs_init+0x80>
    33e2:	0000a6b7          	lui	a3,0xa
    33e6:	6629                	lui	a2,0xa
    33e8:	6585                	lui	a1,0x1
    33ea:	6f868693          	addi	a3,a3,1784 # a6f8 <defaults.4606+0x6a0>
    33ee:	fa860613          	addi	a2,a2,-88 # 9fa8 <__func__.4840>
    33f2:	07f58593          	addi	a1,a1,127 # 107f <writes_registers+0x3>
    33f6:	b75d                	j	339c <lfs_init+0x24>
    33f8:	49d4                	lw	a3,20(a1)
    33fa:	ee81                	bnez	a3,3412 <lfs_init+0x9a>
    33fc:	0000a6b7          	lui	a3,0xa
    3400:	6629                	lui	a2,0xa
    3402:	6585                	lui	a1,0x1
    3404:	71868693          	addi	a3,a3,1816 # a718 <defaults.4606+0x6c0>
    3408:	fa860613          	addi	a2,a2,-88 # 9fa8 <__func__.4840>
    340c:	08458593          	addi	a1,a1,132 # 1084 <writes_registers+0x8>
    3410:	b771                	j	339c <lfs_init+0x24>
    3412:	4d98                	lw	a4,24(a1)
    3414:	ef01                	bnez	a4,342c <lfs_init+0xb4>
    3416:	0000a6b7          	lui	a3,0xa
    341a:	6629                	lui	a2,0xa
    341c:	6585                	lui	a1,0x1
    341e:	73468693          	addi	a3,a3,1844 # a734 <defaults.4606+0x6dc>
    3422:	fa860613          	addi	a2,a2,-88 # 9fa8 <__func__.4840>
    3426:	08558593          	addi	a1,a1,133 # 1085 <writes_registers+0x9>
    342a:	bf8d                	j	339c <lfs_init+0x24>
    342c:	0285a903          	lw	s2,40(a1)
    3430:	00091d63          	bnez	s2,344a <lfs_init+0xd2>
    3434:	0000a6b7          	lui	a3,0xa
    3438:	6629                	lui	a2,0xa
    343a:	6585                	lui	a1,0x1
    343c:	75068693          	addi	a3,a3,1872 # a750 <defaults.4606+0x6f8>
    3440:	fa860613          	addi	a2,a2,-88 # 9fa8 <__func__.4840>
    3444:	08658593          	addi	a1,a1,134 # 1086 <writes_registers+0xa>
    3448:	bf91                	j	339c <lfs_init+0x24>
    344a:	02d977b3          	remu	a5,s2,a3
    344e:	cf81                	beqz	a5,3466 <lfs_init+0xee>
    3450:	0000a6b7          	lui	a3,0xa
    3454:	6629                	lui	a2,0xa
    3456:	6585                	lui	a1,0x1
    3458:	76c68693          	addi	a3,a3,1900 # a76c <defaults.4606+0x714>
    345c:	fa860613          	addi	a2,a2,-88 # 9fa8 <__func__.4840>
    3460:	08a58593          	addi	a1,a1,138 # 108a <writes_registers+0xe>
    3464:	bf25                	j	339c <lfs_init+0x24>
    3466:	02e977b3          	remu	a5,s2,a4
    346a:	cf81                	beqz	a5,3482 <lfs_init+0x10a>
    346c:	0000a6b7          	lui	a3,0xa
    3470:	6629                	lui	a2,0xa
    3472:	6585                	lui	a1,0x1
    3474:	79c68693          	addi	a3,a3,1948 # a79c <defaults.4606+0x744>
    3478:	fa860613          	addi	a2,a2,-88 # 9fa8 <__func__.4840>
    347c:	08b58593          	addi	a1,a1,139 # 108b <writes_registers+0xf>
    3480:	bf31                	j	339c <lfs_init+0x24>
    3482:	4ddc                	lw	a5,28(a1)
    3484:	0327f633          	remu	a2,a5,s2
    3488:	ce01                	beqz	a2,34a0 <lfs_init+0x128>
    348a:	0000a6b7          	lui	a3,0xa
    348e:	6629                	lui	a2,0xa
    3490:	6585                	lui	a1,0x1
    3492:	7cc68693          	addi	a3,a3,1996 # a7cc <defaults.4606+0x774>
    3496:	fa860613          	addi	a2,a2,-88 # 9fa8 <__func__.4840>
    349a:	08c58593          	addi	a1,a1,140 # 108c <writes_registers+0x10>
    349e:	bdfd                	j	339c <lfs_init+0x24>
    34a0:	07f00613          	li	a2,127
    34a4:	00f66d63          	bltu	a2,a5,34be <lfs_init+0x146>
    34a8:	0000b6b7          	lui	a3,0xb
    34ac:	6629                	lui	a2,0xa
    34ae:	6585                	lui	a1,0x1
    34b0:	80068693          	addi	a3,a3,-2048 # a800 <defaults.4606+0x7a8>
    34b4:	fa860613          	addi	a2,a2,-88 # 9fa8 <__func__.4840>
    34b8:	08f58593          	addi	a1,a1,143 # 108f <writes_registers+0x13>
    34bc:	b5c5                	j	339c <lfs_init+0x24>
    34be:	51d0                	lw	a2,36(a1)
    34c0:	ee01                	bnez	a2,34d8 <lfs_init+0x160>
    34c2:	0000b6b7          	lui	a3,0xb
    34c6:	6629                	lui	a2,0xa
    34c8:	6585                	lui	a1,0x1
    34ca:	81c68693          	addi	a3,a3,-2020 # a81c <defaults.4606+0x7c4>
    34ce:	fa860613          	addi	a2,a2,-88 # 9fa8 <__func__.4840>
    34d2:	09b58593          	addi	a1,a1,155 # 109b <writes_registers+0x1f>
    34d6:	b5d9                	j	339c <lfs_init+0x24>
    34d8:	5990                	lw	a2,48(a1)
    34da:	c221                	beqz	a2,351a <lfs_init+0x1a2>
    34dc:	0017d593          	srli	a1,a5,0x1
    34e0:	00b67d63          	bgeu	a2,a1,34fa <lfs_init+0x182>
    34e4:	0000b6b7          	lui	a3,0xb
    34e8:	6629                	lui	a2,0xa
    34ea:	6585                	lui	a1,0x1
    34ec:	83868693          	addi	a3,a3,-1992 # a838 <defaults.4606+0x7e0>
    34f0:	fa860613          	addi	a2,a2,-88 # 9fa8 <__func__.4840>
    34f4:	0a258593          	addi	a1,a1,162 # 10a2 <writes_registers+0x26>
    34f8:	b555                	j	339c <lfs_init+0x24>
    34fa:	55fd                	li	a1,-1
    34fc:	00b60f63          	beq	a2,a1,351a <lfs_init+0x1a2>
    3500:	00c7fd63          	bgeu	a5,a2,351a <lfs_init+0x1a2>
    3504:	0000b6b7          	lui	a3,0xb
    3508:	6629                	lui	a2,0xa
    350a:	6585                	lui	a1,0x1
    350c:	88c68693          	addi	a3,a3,-1908 # a88c <defaults.4606+0x834>
    3510:	fa860613          	addi	a2,a2,-88 # 9fa8 <__func__.4840>
    3514:	0a458593          	addi	a1,a1,164 # 10a4 <writes_registers+0x28>
    3518:	b551                	j	339c <lfs_init+0x24>
    351a:	44f0                	lw	a2,76(s1)
    351c:	ca39                	beqz	a2,3572 <lfs_init+0x1fa>
    351e:	02d676b3          	remu	a3,a2,a3
    3522:	ce81                	beqz	a3,353a <lfs_init+0x1c2>
    3524:	0000b6b7          	lui	a3,0xb
    3528:	6629                	lui	a2,0xa
    352a:	6585                	lui	a1,0x1
    352c:	8ec68693          	addi	a3,a3,-1812 # a8ec <defaults.4606+0x894>
    3530:	fa860613          	addi	a2,a2,-88 # 9fa8 <__func__.4840>
    3534:	0a958593          	addi	a1,a1,169 # 10a9 <reads_pile+0x1>
    3538:	b595                	j	339c <lfs_init+0x24>
    353a:	02e67733          	remu	a4,a2,a4
    353e:	cf01                	beqz	a4,3556 <lfs_init+0x1de>
    3540:	0000b6b7          	lui	a3,0xb
    3544:	6629                	lui	a2,0xa
    3546:	6585                	lui	a1,0x1
    3548:	93c68693          	addi	a3,a3,-1732 # a93c <defaults.4606+0x8e4>
    354c:	fa860613          	addi	a2,a2,-88 # 9fa8 <__func__.4840>
    3550:	0ab58593          	addi	a1,a1,171 # 10ab <reads_pile+0x3>
    3554:	b5a1                	j	339c <lfs_init+0x24>
    3556:	02c7f7b3          	remu	a5,a5,a2
    355a:	cf81                	beqz	a5,3572 <lfs_init+0x1fa>
    355c:	0000b6b7          	lui	a3,0xb
    3560:	6629                	lui	a2,0xa
    3562:	6585                	lui	a1,0x1
    3564:	98c68693          	addi	a3,a3,-1652 # a98c <defaults.4606+0x934>
    3568:	fa860613          	addi	a2,a2,-88 # 9fa8 <__func__.4840>
    356c:	0ad58593          	addi	a1,a1,173 # 10ad <reads_pile+0x5>
    3570:	b535                	j	339c <lfs_init+0x24>
    3572:	58dc                	lw	a5,52(s1)
    3574:	cf85                	beqz	a5,35ac <lfs_init+0x234>
    3576:	c45c                	sw	a5,12(s0)
    3578:	5c9c                	lw	a5,56(s1)
    357a:	c3b9                	beqz	a5,35c0 <lfs_init+0x248>
    357c:	cc5c                	sw	a5,28(s0)
    357e:	8526                	mv	a0,s1
    3580:	85a2                	mv	a1,s0
    3582:	dddff0ef          	jal	ra,335e <lfs_cache_zero.isra.27>
    3586:	5428                	lw	a0,104(s0)
    3588:	01040593          	addi	a1,s0,16
    358c:	dd3ff0ef          	jal	ra,335e <lfs_cache_zero.isra.27>
    3590:	5424                	lw	s1,104(s0)
    3592:	54c8                	lw	a0,44(s1)
    3594:	ed05                	bnez	a0,35cc <lfs_init+0x254>
    3596:	0000b6b7          	lui	a3,0xb
    359a:	6629                	lui	a2,0xa
    359c:	6585                	lui	a1,0x1
    359e:	9dc68693          	addi	a3,a3,-1572 # a9dc <defaults.4606+0x984>
    35a2:	fa860613          	addi	a2,a2,-88 # 9fa8 <__func__.4840>
    35a6:	0cb58593          	addi	a1,a1,203 # 10cb <reads_pile+0x23>
    35aa:	bbcd                	j	339c <lfs_init+0x24>
    35ac:	854a                	mv	a0,s2
    35ae:	376050ef          	jal	ra,8924 <malloc>
    35b2:	c448                	sw	a0,12(s0)
    35b4:	f171                	bnez	a0,3578 <lfs_init+0x200>
    35b6:	8522                	mv	a0,s0
    35b8:	c31ff0ef          	jal	ra,31e8 <lfs_deinit>
    35bc:	5551                	li	a0,-12
    35be:	aaa9                	j	3718 <lfs_init+0x3a0>
    35c0:	854a                	mv	a0,s2
    35c2:	362050ef          	jal	ra,8924 <malloc>
    35c6:	cc48                	sw	a0,28(s0)
    35c8:	f95d                	bnez	a0,357e <lfs_init+0x206>
    35ca:	b7f5                	j	35b6 <lfs_init+0x23e>
    35cc:	5cdc                	lw	a5,60(s1)
    35ce:	c395                	beqz	a5,35f2 <lfs_init+0x27a>
    35d0:	d07c                	sw	a5,100(s0)
    35d2:	40bc                	lw	a5,64(s1)
    35d4:	0ff00713          	li	a4,255
    35d8:	02f77263          	bgeu	a4,a5,35fc <lfs_init+0x284>
    35dc:	0000b6b7          	lui	a3,0xb
    35e0:	6629                	lui	a2,0xa
    35e2:	6585                	lui	a1,0x1
    35e4:	9fc68693          	addi	a3,a3,-1540 # a9fc <defaults.4606+0x9a4>
    35e8:	fa860613          	addi	a2,a2,-88 # 9fa8 <__func__.4840>
    35ec:	0d758593          	addi	a1,a1,215 # 10d7 <writes_pile+0x9>
    35f0:	b375                	j	339c <lfs_init+0x24>
    35f2:	332050ef          	jal	ra,8924 <malloc>
    35f6:	d068                	sw	a0,100(s0)
    35f8:	fd69                	bnez	a0,35d2 <lfs_init+0x25a>
    35fa:	bf75                	j	35b6 <lfs_init+0x23e>
    35fc:	c385                	beqz	a5,361c <lfs_init+0x2a4>
    35fe:	d83c                	sw	a5,112(s0)
    3600:	40fc                	lw	a5,68(s1)
    3602:	0007df63          	bgez	a5,3620 <lfs_init+0x2a8>
    3606:	0000b6b7          	lui	a3,0xb
    360a:	6629                	lui	a2,0xa
    360c:	6585                	lui	a1,0x1
    360e:	a1868693          	addi	a3,a3,-1512 # aa18 <defaults.4606+0x9c0>
    3612:	fa860613          	addi	a2,a2,-88 # 9fa8 <__func__.4840>
    3616:	0dd58593          	addi	a1,a1,221 # 10dd <writes_pile+0xf>
    361a:	b349                	j	339c <lfs_init+0x24>
    361c:	d838                	sw	a4,112(s0)
    361e:	b7cd                	j	3600 <lfs_init+0x288>
    3620:	c395                	beqz	a5,3644 <lfs_init+0x2cc>
    3622:	d87c                	sw	a5,116(s0)
    3624:	44bc                	lw	a5,72(s1)
    3626:	3fe00713          	li	a4,1022
    362a:	02f77263          	bgeu	a4,a5,364e <lfs_init+0x2d6>
    362e:	0000b6b7          	lui	a3,0xb
    3632:	6629                	lui	a2,0xa
    3634:	6585                	lui	a1,0x1
    3636:	a3c68693          	addi	a3,a3,-1476 # aa3c <defaults.4606+0x9e4>
    363a:	fa860613          	addi	a2,a2,-88 # 9fa8 <__func__.4840>
    363e:	0e358593          	addi	a1,a1,227 # 10e3 <writes_pile+0x15>
    3642:	bba9                	j	339c <lfs_init+0x24>
    3644:	800007b7          	lui	a5,0x80000
    3648:	fff7c793          	not	a5,a5
    364c:	bfd9                	j	3622 <lfs_init+0x2aa>
    364e:	c38d                	beqz	a5,3670 <lfs_init+0x2f8>
    3650:	dc3c                	sw	a5,120(s0)
    3652:	44f4                	lw	a3,76(s1)
    3654:	4cd8                	lw	a4,28(s1)
    3656:	00d77f63          	bgeu	a4,a3,3674 <lfs_init+0x2fc>
    365a:	0000b6b7          	lui	a3,0xb
    365e:	6629                	lui	a2,0xa
    3660:	6585                	lui	a1,0x1
    3662:	a5868693          	addi	a3,a3,-1448 # aa58 <defaults.4606+0xa00>
    3666:	fa860613          	addi	a2,a2,-88 # 9fa8 <__func__.4840>
    366a:	0e958593          	addi	a1,a1,233 # 10e9 <writes_pile+0x1b>
    366e:	b33d                	j	339c <lfs_init+0x24>
    3670:	dc38                	sw	a4,120(s0)
    3672:	b7c5                	j	3652 <lfs_init+0x2da>
    3674:	48bc                	lw	a5,80(s1)
    3676:	567d                	li	a2,-1
    3678:	06c78063          	beq	a5,a2,36d8 <lfs_init+0x360>
    367c:	5490                	lw	a2,40(s1)
    367e:	00f67d63          	bgeu	a2,a5,3698 <lfs_init+0x320>
    3682:	0000b6b7          	lui	a3,0xb
    3686:	6629                	lui	a2,0xa
    3688:	6585                	lui	a1,0x1
    368a:	a8868693          	addi	a3,a3,-1400 # aa88 <defaults.4606+0xa30>
    368e:	fa860613          	addi	a2,a2,-88 # 9fa8 <__func__.4840>
    3692:	0ec58593          	addi	a1,a1,236 # 10ec <writes_pile+0x1e>
    3696:	b319                	j	339c <lfs_init+0x24>
    3698:	5c30                	lw	a2,120(s0)
    369a:	00f67d63          	bgeu	a2,a5,36b4 <lfs_init+0x33c>
    369e:	0000b6b7          	lui	a3,0xb
    36a2:	6629                	lui	a2,0xa
    36a4:	6585                	lui	a1,0x1
    36a6:	ae068693          	addi	a3,a3,-1312 # aae0 <defaults.4606+0xa88>
    36aa:	fa860613          	addi	a2,a2,-88 # 9fa8 <__func__.4840>
    36ae:	0ee58593          	addi	a1,a1,238 # 10ee <writes_pile+0x20>
    36b2:	b1ed                	j	339c <lfs_init+0x24>
    36b4:	00375613          	srli	a2,a4,0x3
    36b8:	c299                	beqz	a3,36be <lfs_init+0x346>
    36ba:	0036d613          	srli	a2,a3,0x3
    36be:	00f67d63          	bgeu	a2,a5,36d8 <lfs_init+0x360>
    36c2:	0000b6b7          	lui	a3,0xb
    36c6:	6629                	lui	a2,0xa
    36c8:	6585                	lui	a1,0x1
    36ca:	b3068693          	addi	a3,a3,-1232 # ab30 <defaults.4606+0xad8>
    36ce:	fa860613          	addi	a2,a2,-88 # 9fa8 <__func__.4840>
    36d2:	0f258593          	addi	a1,a1,242 # 10f2 <USBFS_RCC_Init>
    36d6:	b1d9                	j	339c <lfs_init+0x24>
    36d8:	dc7c                	sw	a5,124(s0)
    36da:	567d                	li	a2,-1
    36dc:	04c79063          	bne	a5,a2,371c <lfs_init+0x3a4>
    36e0:	06042e23          	sw	zero,124(s0)
    36e4:	57fd                	li	a5,-1
    36e6:	d01c                	sw	a5,32(s0)
    36e8:	d05c                	sw	a5,36(s0)
    36ea:	02042423          	sw	zero,40(s0)
    36ee:	02042623          	sw	zero,44(s0)
    36f2:	02042e23          	sw	zero,60(s0)
    36f6:	04042023          	sw	zero,64(s0)
    36fa:	04042223          	sw	zero,68(s0)
    36fe:	02042823          	sw	zero,48(s0)
    3702:	02042a23          	sw	zero,52(s0)
    3706:	02042c23          	sw	zero,56(s0)
    370a:	04042423          	sw	zero,72(s0)
    370e:	04042623          	sw	zero,76(s0)
    3712:	04042823          	sw	zero,80(s0)
    3716:	4501                	li	a0,0
    3718:	a3dfc06f          	j	154 <__riscv_restore_0>
    371c:	f7e1                	bnez	a5,36e4 <lfs_init+0x36c>
    371e:	549c                	lw	a5,40(s1)
    3720:	5c30                	lw	a2,120(s0)
    3722:	830d                	srli	a4,a4,0x3
    3724:	c299                	beqz	a3,372a <lfs_init+0x3b2>
    3726:	0036d713          	srli	a4,a3,0x3
    372a:	00f67363          	bgeu	a2,a5,3730 <lfs_init+0x3b8>
    372e:	87b2                	mv	a5,a2
    3730:	00f77363          	bgeu	a4,a5,3736 <lfs_init+0x3be>
    3734:	87ba                	mv	a5,a4
    3736:	dc7c                	sw	a5,124(s0)
    3738:	b775                	j	36e4 <lfs_init+0x36c>

0000373a <lfs_ctz_index.isra.29>:
    373a:	9ddfc2ef          	jal	t0,116 <__riscv_save_4>
    373e:	01c52903          	lw	s2,28(a0)
    3742:	4184                	lw	s1,0(a1)
    3744:	4501                	li	a0,0
    3746:	1961                	addi	s2,s2,-8
    3748:	0324eb63          	bltu	s1,s2,377e <lfs_ctz_index.isra.29+0x44>
    374c:	0324d533          	divu	a0,s1,s2
    3750:	89ae                	mv	s3,a1
    3752:	157d                	addi	a0,a0,-1
    3754:	579040ef          	jal	ra,84cc <__popcountsi2>
    3758:	00250413          	addi	s0,a0,2
    375c:	040a                	slli	s0,s0,0x2
    375e:	40848433          	sub	s0,s1,s0
    3762:	03245433          	divu	s0,s0,s2
    3766:	02890933          	mul	s2,s2,s0
    376a:	8522                	mv	a0,s0
    376c:	561040ef          	jal	ra,84cc <__popcountsi2>
    3770:	050a                	slli	a0,a0,0x2
    3772:	8c89                	sub	s1,s1,a0
    3774:	8522                	mv	a0,s0
    3776:	412484b3          	sub	s1,s1,s2
    377a:	0099a023          	sw	s1,0(s3)
    377e:	9cdfc06f          	j	14a <__riscv_restore_4>

00003782 <lfs_ctz_traverse.part.30>:
    3782:	987fc2ef          	jal	t0,108 <__riscv_save_10>
    3786:	89aa                	mv	s3,a0
    3788:	5528                	lw	a0,104(a0)
    378a:	1141                	addi	sp,sp,-16
    378c:	177d                	addi	a4,a4,-1
    378e:	8b2e                	mv	s6,a1
    3790:	004c                	addi	a1,sp,4
    3792:	8bb2                	mv	s7,a2
    3794:	8cb6                	mv	s9,a3
    3796:	8a3e                	mv	s4,a5
    3798:	8ac2                	mv	s5,a6
    379a:	c23a                	sw	a4,4(sp)
    379c:	f9fff0ef          	jal	ra,373a <lfs_ctz_index.isra.29>
    37a0:	84aa                	mv	s1,a0
    37a2:	4c09                	li	s8,2
    37a4:	85e6                	mv	a1,s9
    37a6:	8556                	mv	a0,s5
    37a8:	9a02                	jalr	s4
    37aa:	e529                	bnez	a0,37f4 <lfs_ctz_traverse.part.30+0x72>
    37ac:	c4a1                	beqz	s1,37f4 <lfs_ctz_traverse.part.30+0x72>
    37ae:	0014f913          	andi	s2,s1,1
    37b2:	412c0433          	sub	s0,s8,s2
    37b6:	00241893          	slli	a7,s0,0x2
    37ba:	00810813          	addi	a6,sp,8
    37be:	4781                	li	a5,0
    37c0:	8766                	mv	a4,s9
    37c2:	86c6                	mv	a3,a7
    37c4:	865e                	mv	a2,s7
    37c6:	85da                	mv	a1,s6
    37c8:	854e                	mv	a0,s3
    37ca:	e7eff0ef          	jal	ra,2e48 <lfs_bd_read>
    37ce:	e11d                	bnez	a0,37f4 <lfs_ctz_traverse.part.30+0x72>
    37d0:	147d                	addi	s0,s0,-1
    37d2:	00854a63          	blt	a0,s0,37e6 <lfs_ctz_traverse.part.30+0x64>
    37d6:	040a                	slli	s0,s0,0x2
    37d8:	081c                	addi	a5,sp,16
    37da:	943e                	add	s0,s0,a5
    37dc:	1979                	addi	s2,s2,-2
    37de:	ff842c83          	lw	s9,-8(s0)
    37e2:	94ca                	add	s1,s1,s2
    37e4:	b7c1                	j	37a4 <lfs_ctz_traverse.part.30+0x22>
    37e6:	45a2                	lw	a1,8(sp)
    37e8:	8556                	mv	a0,s5
    37ea:	9a02                	jalr	s4
    37ec:	87aa                	mv	a5,a0
    37ee:	4505                	li	a0,1
    37f0:	d3ed                	beqz	a5,37d2 <lfs_ctz_traverse.part.30+0x50>
    37f2:	853e                	mv	a0,a5
    37f4:	0141                	addi	sp,sp,16
    37f6:	94bfc06f          	j	140 <__riscv_restore_10>

000037fa <lfs_ctz_find.constprop.41>:
    37fa:	90ffc2ef          	jal	t0,108 <__riscv_save_10>
    37fe:	1101                	addi	sp,sp,-32
    3800:	c632                	sw	a2,12(sp)
    3802:	c43a                	sw	a4,8(sp)
    3804:	ea89                	bnez	a3,3816 <lfs_ctz_find.constprop.41+0x1c>
    3806:	577d                	li	a4,-1
    3808:	c398                	sw	a4,0(a5)
    380a:	00082023          	sw	zero,0(a6)
    380e:	4501                	li	a0,0
    3810:	6105                	addi	sp,sp,32
    3812:	92ffc06f          	j	140 <__riscv_restore_10>
    3816:	892a                	mv	s2,a0
    3818:	5528                	lw	a0,104(a0)
    381a:	16fd                	addi	a3,a3,-1
    381c:	8aae                	mv	s5,a1
    381e:	086c                	addi	a1,sp,28
    3820:	89c2                	mv	s3,a6
    3822:	8a3e                	mv	s4,a5
    3824:	ce36                	sw	a3,28(sp)
    3826:	f15ff0ef          	jal	ra,373a <lfs_ctz_index.isra.29>
    382a:	84aa                	mv	s1,a0
    382c:	06892503          	lw	a0,104(s2)
    3830:	002c                	addi	a1,sp,8
    3832:	02000b93          	li	s7,32
    3836:	f05ff0ef          	jal	ra,373a <lfs_ctz_index.isra.29>
    383a:	8b2a                	mv	s6,a0
    383c:	4c05                	li	s8,1
    383e:	4732                	lw	a4,12(sp)
    3840:	009b6863          	bltu	s6,s1,3850 <lfs_ctz_find.constprop.41+0x56>
    3844:	47a2                	lw	a5,8(sp)
    3846:	00ea2023          	sw	a4,0(s4)
    384a:	00f9a023          	sw	a5,0(s3)
    384e:	b7c1                	j	380e <lfs_ctz_find.constprop.41+0x14>
    3850:	41648533          	sub	a0,s1,s6
    3854:	c23a                	sw	a4,4(sp)
    3856:	39f040ef          	jal	ra,83f4 <__clzsi2>
    385a:	842a                	mv	s0,a0
    385c:	408b8433          	sub	s0,s7,s0
    3860:	8526                	mv	a0,s1
    3862:	401040ef          	jal	ra,8462 <__ctzsi2>
    3866:	147d                	addi	s0,s0,-1
    3868:	4712                	lw	a4,4(sp)
    386a:	00857363          	bgeu	a0,s0,3870 <lfs_ctz_find.constprop.41+0x76>
    386e:	842a                	mv	s0,a0
    3870:	4891                	li	a7,4
    3872:	00c10813          	addi	a6,sp,12
    3876:	00241793          	slli	a5,s0,0x2
    387a:	4691                	li	a3,4
    387c:	8656                	mv	a2,s5
    387e:	4581                	li	a1,0
    3880:	854a                	mv	a0,s2
    3882:	dc6ff0ef          	jal	ra,2e48 <lfs_bd_read>
    3886:	f549                	bnez	a0,3810 <lfs_ctz_find.constprop.41+0x16>
    3888:	008c1433          	sll	s0,s8,s0
    388c:	8c81                	sub	s1,s1,s0
    388e:	bf45                	j	383e <lfs_ctz_find.constprop.41+0x44>

00003890 <lfs_dir_getread.part.31.constprop.43>:
    3890:	879fc2ef          	jal	t0,108 <__riscv_save_10>
    3894:	fff80937          	lui	s2,0xfff80
    3898:	89aa                	mv	s3,a0
    389a:	8aae                	mv	s5,a1
    389c:	8c32                	mv	s8,a2
    389e:	8b3a                	mv	s6,a4
    38a0:	84be                	mv	s1,a5
    38a2:	8d42                	mv	s10,a6
    38a4:	8cc6                	mv	s9,a7
    38a6:	5a79                	li	s4,-2
    38a8:	fff68b93          	addi	s7,a3,-1
    38ac:	c0090913          	addi	s2,s2,-1024 # fff7fc00 <_eusrstack+0xdff7ac00>
    38b0:	000c9463          	bnez	s9,38b8 <lfs_dir_getread.part.31.constprop.43+0x28>
    38b4:	4501                	li	a0,0
    38b6:	a049                	j	3938 <lfs_dir_getread.part.31.constprop.43+0xa8>
    38b8:	000c2703          	lw	a4,0(s8)
    38bc:	00cc2783          	lw	a5,12(s8)
    38c0:	03471c63          	bne	a4,s4,38f8 <lfs_dir_getread.part.31.constprop.43+0x68>
    38c4:	004c2703          	lw	a4,4(s8)
    38c8:	008c2403          	lw	s0,8(s8)
    38cc:	943a                	add	s0,s0,a4
    38ce:	0284f563          	bgeu	s1,s0,38f8 <lfs_dir_getread.part.31.constprop.43+0x68>
    38d2:	02e4e363          	bltu	s1,a4,38f8 <lfs_dir_getread.part.31.constprop.43+0x68>
    38d6:	8c05                	sub	s0,s0,s1
    38d8:	008cf363          	bgeu	s9,s0,38de <lfs_dir_getread.part.31.constprop.43+0x4e>
    38dc:	8466                	mv	s0,s9
    38de:	40e48733          	sub	a4,s1,a4
    38e2:	856a                	mv	a0,s10
    38e4:	8622                	mv	a2,s0
    38e6:	00e785b3          	add	a1,a5,a4
    38ea:	072050ef          	jal	ra,895c <memcpy>
    38ee:	9d22                	add	s10,s10,s0
    38f0:	94a2                	add	s1,s1,s0
    38f2:	408c8cb3          	sub	s9,s9,s0
    38f6:	bf6d                	j	38b0 <lfs_dir_getread.part.31.constprop.43+0x20>
    38f8:	0689a603          	lw	a2,104(s3)
    38fc:	014c2023          	sw	s4,0(s8)
    3900:	4a54                	lw	a3,20(a2)
    3902:	5610                	lw	a2,40(a2)
    3904:	00db8833          	add	a6,s7,a3
    3908:	02d4f733          	remu	a4,s1,a3
    390c:	9826                	add	a6,a6,s1
    390e:	02d876b3          	remu	a3,a6,a3
    3912:	40e48733          	sub	a4,s1,a4
    3916:	00ec2223          	sw	a4,4(s8)
    391a:	40d80833          	sub	a6,a6,a3
    391e:	01067363          	bgeu	a2,a6,3924 <lfs_dir_getread.part.31.constprop.43+0x94>
    3922:	8832                	mv	a6,a2
    3924:	010c2423          	sw	a6,8(s8)
    3928:	86da                	mv	a3,s6
    392a:	864a                	mv	a2,s2
    392c:	85d6                	mv	a1,s5
    392e:	854e                	mv	a0,s3
    3930:	eb6ff0ef          	jal	ra,2fe6 <lfs_dir_getslice>
    3934:	f6055ee3          	bgez	a0,38b0 <lfs_dir_getread.part.31.constprop.43+0x20>
    3938:	809fc06f          	j	140 <__riscv_restore_10>

0000393c <lfs_dir_traverse.constprop.45>:
    393c:	fc4fc2ef          	jal	t0,100 <__riscv_save_12>
    3940:	8b3e                	mv	s6,a5
    3942:	000037b7          	lui	a5,0x3
    3946:	7171                	addi	sp,sp,-176
    3948:	d9e78793          	addi	a5,a5,-610 # 2d9e <lfs_dir_traverse_filter>
    394c:	c63e                	sw	a5,12(sp)
    394e:	0f015c83          	lhu	s9,240(sp)
    3952:	601007b7          	lui	a5,0x60100
    3956:	0f411483          	lh	s1,244(sp)
    395a:	5c7e                	lw	s8,252(sp)
    395c:	c0078793          	addi	a5,a5,-1024 # 600ffc00 <_eusrstack+0x400fac00>
    3960:	c42a                	sw	a0,8(sp)
    3962:	8bae                	mv	s7,a1
    3964:	8436                	mv	s0,a3
    3966:	8a3a                	mv	s4,a4
    3968:	89c2                	mv	s3,a6
    396a:	8946                	mv	s2,a7
    396c:	d802                	sw	zero,48(sp)
    396e:	da02                	sw	zero,52(sp)
    3970:	4a81                	li	s5,0
    3972:	4d01                	li	s10,0
    3974:	c83e                	sw	a5,16(sp)
    3976:	8522                	mv	a0,s0
    3978:	ca32                	sw	a2,20(sp)
    397a:	b82ff0ef          	jal	ra,2cfc <lfs_tag_dsize>
    397e:	4652                	lw	a2,20(sp)
    3980:	00cba783          	lw	a5,12(s7)
    3984:	00c50db3          	add	s11,a0,a2
    3988:	08fdf063          	bgeu	s11,a5,3a08 <lfs_dir_traverse.constprop.45+0xcc>
    398c:	4622                	lw	a2,8(sp)
    398e:	000ba703          	lw	a4,0(s7)
    3992:	4891                	li	a7,4
    3994:	02c10813          	addi	a6,sp,44
    3998:	87ee                	mv	a5,s11
    399a:	4691                	li	a3,4
    399c:	4581                	li	a1,0
    399e:	8532                	mv	a0,a2
    39a0:	ca8ff0ef          	jal	ra,2e48 <lfs_bd_read>
    39a4:	24051e63          	bnez	a0,3c00 <lfs_dir_traverse.constprop.45+0x2c4>
    39a8:	5532                	lw	a0,44(sp)
    39aa:	365040ef          	jal	ra,850e <__bswapsi2>
    39ae:	800007b7          	lui	a5,0x80000
    39b2:	8c29                	xor	s0,s0,a0
    39b4:	8c5d                	or	s0,s0,a5
    39b6:	000ba783          	lw	a5,0(s7)
    39ba:	d622                	sw	s0,44(sp)
    39bc:	1814                	addi	a3,sp,48
    39be:	d83e                	sw	a5,48(sp)
    39c0:	004d8793          	addi	a5,s11,4 # 40100004 <_eusrstack+0x200fb004>
    39c4:	da3e                	sw	a5,52(sp)
    39c6:	5632                	lw	a2,44(sp)
    39c8:	7ff00737          	lui	a4,0x7ff00
    39cc:	01a647b3          	xor	a5,a2,s10
    39d0:	0137f7b3          	and	a5,a5,s3
    39d4:	8ff9                	and	a5,a5,a4
    39d6:	ebcd                	bnez	a5,3a88 <lfs_dir_traverse.constprop.45+0x14c>
    39d8:	00a9d793          	srli	a5,s3,0xa
    39dc:	3ff7f793          	andi	a5,a5,1023
    39e0:	16078163          	beqz	a5,3b42 <lfs_dir_traverse.constprop.45+0x206>
    39e4:	4789                	li	a5,2
    39e6:	0357fc63          	bgeu	a5,s5,3a1e <lfs_dir_traverse.constprop.45+0xe2>
    39ea:	0000a6b7          	lui	a3,0xa
    39ee:	6629                	lui	a2,0xa
    39f0:	0000a537          	lui	a0,0xa
    39f4:	3b068693          	addi	a3,a3,944 # a3b0 <defaults.4606+0x358>
    39f8:	f0460613          	addi	a2,a2,-252 # 9f04 <__func__.4106>
    39fc:	3c200593          	li	a1,962
    3a00:	14050513          	addi	a0,a0,320 # a140 <defaults.4606+0xe8>
    3a04:	6c1040ef          	jal	ra,88c4 <__assert_func>
    3a08:	1f605a63          	blez	s6,3bfc <lfs_dir_traverse.constprop.45+0x2c0>
    3a0c:	000a2783          	lw	a5,0(s4)
    3a10:	004a2683          	lw	a3,4(s4)
    3a14:	1b7d                	addi	s6,s6,-1
    3a16:	d63e                	sw	a5,44(sp)
    3a18:	0a21                	addi	s4,s4,8
    3a1a:	8db2                	mv	s11,a2
    3a1c:	b76d                	j	39c6 <lfs_dir_traverse.constprop.45+0x8a>
    3a1e:	03c00793          	li	a5,60
    3a22:	02fa8733          	mul	a4,s5,a5
    3a26:	191c                	addi	a5,sp,176
    3a28:	55ee                	lw	a1,248(sp)
    3a2a:	0a85                	addi	s5,s5,1
    3a2c:	97ba                	add	a5,a5,a4
    3a2e:	fad7ac23          	sw	a3,-72(a5) # 7fffffb8 <_eusrstack+0x5fffafb8>
    3a32:	56c2                	lw	a3,48(sp)
    3a34:	f937ae23          	sw	s3,-100(a5)
    3a38:	fba7a023          	sw	s10,-96(a5)
    3a3c:	fad7ae23          	sw	a3,-68(a5)
    3a40:	56d2                	lw	a3,52(sp)
    3a42:	fb279223          	sh	s2,-92(a5)
    3a46:	fb979323          	sh	s9,-90(a5)
    3a4a:	fa979423          	sh	s1,-88(a5)
    3a4e:	fb87a823          	sw	s8,-80(a5)
    3a52:	f977a423          	sw	s7,-120(a5)
    3a56:	f9b7a623          	sw	s11,-116(a5)
    3a5a:	f887a823          	sw	s0,-112(a5)
    3a5e:	f947aa23          	sw	s4,-108(a5)
    3a62:	f967ac23          	sw	s6,-104(a5)
    3a66:	fab7a623          	sw	a1,-84(a5)
    3a6a:	fac7aa23          	sw	a2,-76(a5)
    3a6e:	fcd7a023          	sw	a3,-64(a5)
    3a72:	02c70c13          	addi	s8,a4,44 # 7ff0002c <_eusrstack+0x5fefb02c>
    3a76:	183c                	addi	a5,sp,56
    3a78:	9c3e                	add	s8,s8,a5
    3a7a:	47b2                	lw	a5,12(sp)
    3a7c:	4d01                	li	s10,0
    3a7e:	4981                	li	s3,0
    3a80:	ddbe                	sw	a5,248(sp)
    3a82:	4481                	li	s1,0
    3a84:	4c81                	li	s9,0
    3a86:	4901                	li	s2,0
    3a88:	866e                	mv	a2,s11
    3a8a:	b5f5                	j	3976 <lfs_dir_traverse.constprop.45+0x3a>
    3a8c:	10200613          	li	a2,258
    3a90:	04c79263          	bne	a5,a2,3ad4 <lfs_dir_traverse.constprop.45+0x198>
    3a94:	4701                	li	a4,0
    3a96:	57b2                	lw	a5,44(sp)
    3a98:	3ff7f613          	andi	a2,a5,1023
    3a9c:	fec776e3          	bgeu	a4,a2,3a88 <lfs_dir_traverse.constprop.45+0x14c>
    3aa0:	83a9                	srli	a5,a5,0xa
    3aa2:	468c                	lw	a1,8(a3)
    3aa4:	3ff7f793          	andi	a5,a5,1023
    3aa8:	97a6                	add	a5,a5,s1
    3aaa:	07aa                	slli	a5,a5,0xa
    3aac:	8fcd                	or	a5,a5,a1
    3aae:	228c                	lbu	a1,0(a3)
    3ab0:	42d0                	lw	a2,4(a3)
    3ab2:	8562                	mv	a0,s8
    3ab4:	30058593          	addi	a1,a1,768
    3ab8:	05d2                	slli	a1,a1,0x14
    3aba:	8ddd                	or	a1,a1,a5
    3abc:	57ee                	lw	a5,248(sp)
    3abe:	cc3a                	sw	a4,24(sp)
    3ac0:	ca36                	sw	a3,20(sp)
    3ac2:	9782                	jalr	a5
    3ac4:	12054e63          	bltz	a0,3c00 <lfs_dir_traverse.constprop.45+0x2c4>
    3ac8:	46d2                	lw	a3,20(sp)
    3aca:	06b1                	addi	a3,a3,12
    3acc:	fd55                	bnez	a0,3a88 <lfs_dir_traverse.constprop.45+0x14c>
    3ace:	4762                	lw	a4,24(sp)
    3ad0:	0705                	addi	a4,a4,1
    3ad2:	b7d1                	j	3a96 <lfs_dir_traverse.constprop.45+0x15a>
    3ad4:	57ee                	lw	a5,248(sp)
    3ad6:	00a49593          	slli	a1,s1,0xa
    3ada:	8636                	mv	a2,a3
    3adc:	95ba                	add	a1,a1,a4
    3ade:	8562                	mv	a0,s8
    3ae0:	9782                	jalr	a5
    3ae2:	10054f63          	bltz	a0,3c00 <lfs_dir_traverse.constprop.45+0x2c4>
    3ae6:	d14d                	beqz	a0,3a88 <lfs_dir_traverse.constprop.45+0x14c>
    3ae8:	100a8c63          	beqz	s5,3c00 <lfs_dir_traverse.constprop.45+0x2c4>
    3aec:	1afd                	addi	s5,s5,-1
    3aee:	03c00793          	li	a5,60
    3af2:	02fa87b3          	mul	a5,s5,a5
    3af6:	1918                	addi	a4,sp,176
    3af8:	97ba                	add	a5,a5,a4
    3afa:	fac7a703          	lw	a4,-84(a5)
    3afe:	f887ab83          	lw	s7,-120(a5)
    3b02:	f8c7ad83          	lw	s11,-116(a5)
    3b06:	ddba                	sw	a4,248(sp)
    3b08:	fb47a703          	lw	a4,-76(a5)
    3b0c:	f907a403          	lw	s0,-112(a5)
    3b10:	f947aa03          	lw	s4,-108(a5)
    3b14:	f987ab03          	lw	s6,-104(a5)
    3b18:	f9c7a983          	lw	s3,-100(a5)
    3b1c:	fa07ad03          	lw	s10,-96(a5)
    3b20:	fa47d903          	lhu	s2,-92(a5)
    3b24:	fa67dc83          	lhu	s9,-90(a5)
    3b28:	fa879483          	lh	s1,-88(a5)
    3b2c:	fb07ac03          	lw	s8,-80(a5)
    3b30:	d63a                	sw	a4,44(sp)
    3b32:	fb87a683          	lw	a3,-72(a5)
    3b36:	fbc7a703          	lw	a4,-68(a5)
    3b3a:	fc07a783          	lw	a5,-64(a5)
    3b3e:	d83a                	sw	a4,48(sp)
    3b40:	da3e                	sw	a5,52(sp)
    3b42:	00a9d793          	srli	a5,s3,0xa
    3b46:	3ff7f793          	andi	a5,a5,1023
    3b4a:	5732                	lw	a4,44(sp)
    3b4c:	cb89                	beqz	a5,3b5e <lfs_dir_traverse.constprop.45+0x222>
    3b4e:	00a75793          	srli	a5,a4,0xa
    3b52:	3ff7f793          	andi	a5,a5,1023
    3b56:	f327e9e3          	bltu	a5,s2,3a88 <lfs_dir_traverse.constprop.45+0x14c>
    3b5a:	f397f7e3          	bgeu	a5,s9,3a88 <lfs_dir_traverse.constprop.45+0x14c>
    3b5e:	01475793          	srli	a5,a4,0x14
    3b62:	7ff7f793          	andi	a5,a5,2047
    3b66:	d38d                	beqz	a5,3a88 <lfs_dir_traverse.constprop.45+0x14c>
    3b68:	10100613          	li	a2,257
    3b6c:	f2c790e3          	bne	a5,a2,3a8c <lfs_dir_traverse.constprop.45+0x150>
    3b70:	ce3a                	sw	a4,28(sp)
    3b72:	57ee                	lw	a5,248(sp)
    3b74:	4732                	lw	a4,12(sp)
    3b76:	cc36                	sw	a3,24(sp)
    3b78:	f0e788e3          	beq	a5,a4,3a88 <lfs_dir_traverse.constprop.45+0x14c>
    3b7c:	03c00793          	li	a5,60
    3b80:	02fa87b3          	mul	a5,s5,a5
    3b84:	1918                	addi	a4,sp,176
    3b86:	03c00613          	li	a2,60
    3b8a:	4581                	li	a1,0
    3b8c:	0a85                	addi	s5,s5,1
    3b8e:	97ba                	add	a5,a5,a4
    3b90:	f8878513          	addi	a0,a5,-120
    3b94:	ca3e                	sw	a5,20(sp)
    3b96:	dcafc0ef          	jal	ra,160 <memset>
    3b9a:	47d2                	lw	a5,20(sp)
    3b9c:	576e                	lw	a4,248(sp)
    3b9e:	46e2                	lw	a3,24(sp)
    3ba0:	fb279223          	sh	s2,-92(a5)
    3ba4:	fae7a623          	sw	a4,-84(a5)
    3ba8:	4772                	lw	a4,28(sp)
    3baa:	fa979423          	sh	s1,-88(a5)
    3bae:	f977a423          	sw	s7,-120(a5)
    3bb2:	3ff77913          	andi	s2,a4,1023
    3bb6:	8329                	srli	a4,a4,0xa
    3bb8:	3ff77713          	andi	a4,a4,1023
    3bbc:	41270733          	sub	a4,a4,s2
    3bc0:	94ba                	add	s1,s1,a4
    3bc2:	04c2                	slli	s1,s1,0x10
    3bc4:	f9b7a623          	sw	s11,-116(a5)
    3bc8:	f887a823          	sw	s0,-112(a5)
    3bcc:	f947aa23          	sw	s4,-108(a5)
    3bd0:	f967ac23          	sw	s6,-104(a5)
    3bd4:	f937ae23          	sw	s3,-100(a5)
    3bd8:	fba7a023          	sw	s10,-96(a5)
    3bdc:	fb979323          	sh	s9,-90(a5)
    3be0:	fb87a823          	sw	s8,-80(a5)
    3be4:	00190c93          	addi	s9,s2,1
    3be8:	84c1                	srai	s1,s1,0x10
    3bea:	8bb6                	mv	s7,a3
    3bec:	20000d37          	lui	s10,0x20000
    3bf0:	49c2                	lw	s3,16(sp)
    3bf2:	4b01                	li	s6,0
    3bf4:	4a01                	li	s4,0
    3bf6:	547d                	li	s0,-1
    3bf8:	4d81                	li	s11,0
    3bfa:	b579                	j	3a88 <lfs_dir_traverse.constprop.45+0x14c>
    3bfc:	4501                	li	a0,0
    3bfe:	b5ed                	j	3ae8 <lfs_dir_traverse.constprop.45+0x1ac>
    3c00:	614d                	addi	sp,sp,176
    3c02:	d3afc06f          	j	13c <__riscv_restore_12>

00003c06 <lfs_bd_cmp.constprop.47>:
    3c06:	d02fc2ef          	jal	t0,108 <__riscv_save_10>
    3c0a:	1141                	addi	sp,sp,-16
    3c0c:	89aa                	mv	s3,a0
    3c0e:	8a2e                	mv	s4,a1
    3c10:	8ab2                	mv	s5,a2
    3c12:	8b36                	mv	s6,a3
    3c14:	8bba                	mv	s7,a4
    3c16:	8c3e                	mv	s8,a5
    3c18:	8942                	mv	s2,a6
    3c1a:	4401                	li	s0,0
    3c1c:	4ca1                	li	s9,8
    3c1e:	01246463          	bltu	s0,s2,3c26 <lfs_bd_cmp.constprop.47+0x20>
    3c22:	4501                	li	a0,0
    3c24:	a081                	j	3c64 <lfs_bd_cmp.constprop.47+0x5e>
    3c26:	408904b3          	sub	s1,s2,s0
    3c2a:	009cf363          	bgeu	s9,s1,3c30 <lfs_bd_cmp.constprop.47+0x2a>
    3c2e:	44a1                	li	s1,8
    3c30:	88a6                	mv	a7,s1
    3c32:	00810813          	addi	a6,sp,8
    3c36:	017407b3          	add	a5,s0,s7
    3c3a:	875a                	mv	a4,s6
    3c3c:	408a86b3          	sub	a3,s5,s0
    3c40:	8652                	mv	a2,s4
    3c42:	4581                	li	a1,0
    3c44:	854e                	mv	a0,s3
    3c46:	a02ff0ef          	jal	ra,2e48 <lfs_bd_read>
    3c4a:	ed09                	bnez	a0,3c64 <lfs_bd_cmp.constprop.47+0x5e>
    3c4c:	8626                	mv	a2,s1
    3c4e:	008c05b3          	add	a1,s8,s0
    3c52:	0028                	addi	a0,sp,8
    3c54:	4e5040ef          	jal	ra,8938 <memcmp>
    3c58:	87aa                	mv	a5,a0
    3c5a:	c901                	beqz	a0,3c6a <lfs_bd_cmp.constprop.47+0x64>
    3c5c:	4505                	li	a0,1
    3c5e:	0007c363          	bltz	a5,3c64 <lfs_bd_cmp.constprop.47+0x5e>
    3c62:	4509                	li	a0,2
    3c64:	0141                	addi	sp,sp,16
    3c66:	cdafc06f          	j	140 <__riscv_restore_10>
    3c6a:	9426                	add	s0,s0,s1
    3c6c:	bf4d                	j	3c1e <lfs_bd_cmp.constprop.47+0x18>

00003c6e <lfs_dir_find_match>:
    3c6e:	cc2fc2ef          	jal	t0,130 <__riscv_save_0>
    3c72:	84aa                	mv	s1,a0
    3c74:	0084a803          	lw	a6,8(s1)
    3c78:	3ff5f413          	andi	s0,a1,1023
    3c7c:	4108                	lw	a0,0(a0)
    3c7e:	01047363          	bgeu	s0,a6,3c84 <lfs_dir_find_match+0x16>
    3c82:	8822                	mv	a6,s0
    3c84:	4258                	lw	a4,4(a2)
    3c86:	4214                	lw	a3,0(a2)
    3c88:	40dc                	lw	a5,4(s1)
    3c8a:	8642                	mv	a2,a6
    3c8c:	85aa                	mv	a1,a0
    3c8e:	f79ff0ef          	jal	ra,3c06 <lfs_bd_cmp.constprop.47>
    3c92:	e901                	bnez	a0,3ca2 <lfs_dir_find_match+0x34>
    3c94:	449c                	lw	a5,8(s1)
    3c96:	00878663          	beq	a5,s0,3ca2 <lfs_dir_find_match+0x34>
    3c9a:	4505                	li	a0,1
    3c9c:	0087e363          	bltu	a5,s0,3ca2 <lfs_dir_find_match+0x34>
    3ca0:	4509                	li	a0,2
    3ca2:	cb2fc06f          	j	154 <__riscv_restore_0>

00003ca6 <lfs_bd_flush>:
    3ca6:	c70fc2ef          	jal	t0,116 <__riscv_save_4>
    3caa:	842e                	mv	s0,a1
    3cac:	418c                	lw	a1,0(a1)
    3cae:	4785                	li	a5,1
    3cb0:	1141                	addi	sp,sp,-16
    3cb2:	00258713          	addi	a4,a1,2
    3cb6:	0ae7f263          	bgeu	a5,a4,3d5a <lfs_bd_flush+0xb4>
    3cba:	557c                	lw	a5,108(a0)
    3cbc:	8a36                	mv	s4,a3
    3cbe:	89b2                	mv	s3,a2
    3cc0:	892a                	mv	s2,a0
    3cc2:	02f5e163          	bltu	a1,a5,3ce4 <lfs_bd_flush+0x3e>
    3cc6:	0000a6b7          	lui	a3,0xa
    3cca:	6629                	lui	a2,0xa
    3ccc:	09068693          	addi	a3,a3,144 # a090 <defaults.4606+0x38>
    3cd0:	eb860613          	addi	a2,a2,-328 # 9eb8 <__func__.3712>
    3cd4:	0b400593          	li	a1,180
    3cd8:	0000a537          	lui	a0,0xa
    3cdc:	14050513          	addi	a0,a0,320 # a140 <defaults.4606+0xe8>
    3ce0:	3e5040ef          	jal	ra,88c4 <__assert_func>
    3ce4:	5528                	lw	a0,104(a0)
    3ce6:	00842803          	lw	a6,8(s0)
    3cea:	4454                	lw	a3,12(s0)
    3cec:	4d1c                	lw	a5,24(a0)
    3cee:	4050                	lw	a2,4(s0)
    3cf0:	983e                	add	a6,a6,a5
    3cf2:	187d                	addi	a6,a6,-1
    3cf4:	02f877b3          	remu	a5,a6,a5
    3cf8:	40f80833          	sub	a6,a6,a5
    3cfc:	451c                	lw	a5,8(a0)
    3cfe:	8742                	mv	a4,a6
    3d00:	c642                	sw	a6,12(sp)
    3d02:	9782                	jalr	a5
    3d04:	84aa                	mv	s1,a0
    3d06:	4832                	lw	a6,12(sp)
    3d08:	00a05c63          	blez	a0,3d20 <lfs_bd_flush+0x7a>
    3d0c:	0000a6b7          	lui	a3,0xa
    3d10:	6629                	lui	a2,0xa
    3d12:	13468693          	addi	a3,a3,308 # a134 <defaults.4606+0xdc>
    3d16:	eb860613          	addi	a2,a2,-328 # 9eb8 <__func__.3712>
    3d1a:	0b800593          	li	a1,184
    3d1e:	bf6d                	j	3cd8 <lfs_bd_flush+0x32>
    3d20:	e901                	bnez	a0,3d30 <lfs_bd_flush+0x8a>
    3d22:	000a1b63          	bnez	s4,3d38 <lfs_bd_flush+0x92>
    3d26:	06892503          	lw	a0,104(s2)
    3d2a:	85a2                	mv	a1,s0
    3d2c:	e32ff0ef          	jal	ra,335e <lfs_cache_zero.isra.27>
    3d30:	8526                	mv	a0,s1
    3d32:	0141                	addi	sp,sp,16
    3d34:	c16fc06f          	j	14a <__riscv_restore_4>
    3d38:	57fd                	li	a5,-1
    3d3a:	00f9a023          	sw	a5,0(s3)
    3d3e:	4058                	lw	a4,4(s0)
    3d40:	445c                	lw	a5,12(s0)
    3d42:	4014                	lw	a3,0(s0)
    3d44:	8642                	mv	a2,a6
    3d46:	85ce                	mv	a1,s3
    3d48:	854a                	mv	a0,s2
    3d4a:	ebdff0ef          	jal	ra,3c06 <lfs_bd_cmp.constprop.47>
    3d4e:	00054863          	bltz	a0,3d5e <lfs_bd_flush+0xb8>
    3d52:	d971                	beqz	a0,3d26 <lfs_bd_flush+0x80>
    3d54:	fac00493          	li	s1,-84
    3d58:	bfe1                	j	3d30 <lfs_bd_flush+0x8a>
    3d5a:	4481                	li	s1,0
    3d5c:	bfd1                	j	3d30 <lfs_bd_flush+0x8a>
    3d5e:	84aa                	mv	s1,a0
    3d60:	bfc1                	j	3d30 <lfs_bd_flush+0x8a>

00003d62 <lfs_bd_prog>:
    3d62:	ba6fc2ef          	jal	t0,108 <__riscv_save_10>
    3d66:	893e                	mv	s2,a5
    3d68:	57f9                	li	a5,-2
    3d6a:	8a2a                	mv	s4,a0
    3d6c:	84ae                	mv	s1,a1
    3d6e:	8ab2                	mv	s5,a2
    3d70:	8b36                	mv	s6,a3
    3d72:	8c3a                	mv	s8,a4
    3d74:	8cc2                	mv	s9,a6
    3d76:	89c6                	mv	s3,a7
    3d78:	02f70463          	beq	a4,a5,3da0 <lfs_bd_prog+0x3e>
    3d7c:	557c                	lw	a5,108(a0)
    3d7e:	02f76163          	bltu	a4,a5,3da0 <lfs_bd_prog+0x3e>
    3d82:	0000a6b7          	lui	a3,0xa
    3d86:	6629                	lui	a2,0xa
    3d88:	0b468693          	addi	a3,a3,180 # a0b4 <defaults.4606+0x5c>
    3d8c:	ed460613          	addi	a2,a2,-300 # 9ed4 <__func__.3735>
    3d90:	0e900593          	li	a1,233
    3d94:	0000a537          	lui	a0,0xa
    3d98:	14050513          	addi	a0,a0,320 # a140 <defaults.4606+0xe8>
    3d9c:	329040ef          	jal	ra,88c4 <__assert_func>
    3da0:	068a2703          	lw	a4,104(s4)
    3da4:	013907b3          	add	a5,s2,s3
    3da8:	5bfd                	li	s7,-1
    3daa:	4f58                	lw	a4,28(a4)
    3dac:	06f77d63          	bgeu	a4,a5,3e26 <lfs_bd_prog+0xc4>
    3db0:	0000a6b7          	lui	a3,0xa
    3db4:	6629                	lui	a2,0xa
    3db6:	0ec68693          	addi	a3,a3,236 # a0ec <defaults.4606+0x94>
    3dba:	ed460613          	addi	a2,a2,-300 # 9ed4 <__func__.3735>
    3dbe:	0ea00593          	li	a1,234
    3dc2:	bfc9                	j	3d94 <lfs_bd_prog+0x32>
    3dc4:	409c                	lw	a5,0(s1)
    3dc6:	06fc1563          	bne	s8,a5,3e30 <lfs_bd_prog+0xce>
    3dca:	40c8                	lw	a0,4(s1)
    3dcc:	06a96263          	bltu	s2,a0,3e30 <lfs_bd_prog+0xce>
    3dd0:	068a2703          	lw	a4,104(s4)
    3dd4:	5700                	lw	s0,40(a4)
    3dd6:	942a                	add	s0,s0,a0
    3dd8:	04897c63          	bgeu	s2,s0,3e30 <lfs_bd_prog+0xce>
    3ddc:	41240433          	sub	s0,s0,s2
    3de0:	0089f363          	bgeu	s3,s0,3de6 <lfs_bd_prog+0x84>
    3de4:	844e                	mv	s0,s3
    3de6:	44dc                	lw	a5,12(s1)
    3de8:	40a90533          	sub	a0,s2,a0
    3dec:	85e6                	mv	a1,s9
    3dee:	953e                	add	a0,a0,a5
    3df0:	8622                	mv	a2,s0
    3df2:	36b040ef          	jal	ra,895c <memcpy>
    3df6:	40dc                	lw	a5,4(s1)
    3df8:	4498                	lw	a4,8(s1)
    3dfa:	9922                	add	s2,s2,s0
    3dfc:	40f907b3          	sub	a5,s2,a5
    3e00:	9ca2                	add	s9,s9,s0
    3e02:	408989b3          	sub	s3,s3,s0
    3e06:	00e7f363          	bgeu	a5,a4,3e0c <lfs_bd_prog+0xaa>
    3e0a:	87ba                	mv	a5,a4
    3e0c:	068a2703          	lw	a4,104(s4)
    3e10:	c49c                	sw	a5,8(s1)
    3e12:	5718                	lw	a4,40(a4)
    3e14:	00e79963          	bne	a5,a4,3e26 <lfs_bd_prog+0xc4>
    3e18:	86da                	mv	a3,s6
    3e1a:	8656                	mv	a2,s5
    3e1c:	85a6                	mv	a1,s1
    3e1e:	8552                	mv	a0,s4
    3e20:	e87ff0ef          	jal	ra,3ca6 <lfs_bd_flush>
    3e24:	e501                	bnez	a0,3e2c <lfs_bd_prog+0xca>
    3e26:	f8099fe3          	bnez	s3,3dc4 <lfs_bd_prog+0x62>
    3e2a:	4501                	li	a0,0
    3e2c:	b14fc06f          	j	140 <__riscv_restore_10>
    3e30:	01778c63          	beq	a5,s7,3e48 <lfs_bd_prog+0xe6>
    3e34:	0000a6b7          	lui	a3,0xa
    3e38:	6629                	lui	a2,0xa
    3e3a:	11068693          	addi	a3,a3,272 # a110 <defaults.4606+0xb8>
    3e3e:	ed460613          	addi	a2,a2,-300 # 9ed4 <__func__.3735>
    3e42:	10700593          	li	a1,263
    3e46:	b7b9                	j	3d94 <lfs_bd_prog+0x32>
    3e48:	068a2783          	lw	a5,104(s4)
    3e4c:	0184a023          	sw	s8,0(s1)
    3e50:	4f9c                	lw	a5,24(a5)
    3e52:	0004a423          	sw	zero,8(s1)
    3e56:	02f977b3          	remu	a5,s2,a5
    3e5a:	40f907b3          	sub	a5,s2,a5
    3e5e:	c0dc                	sw	a5,4(s1)
    3e60:	b7d9                	j	3e26 <lfs_bd_prog+0xc4>

00003e62 <lfs_dir_commitprog>:
    3e62:	ab4fc2ef          	jal	t0,116 <__riscv_save_4>
    3e66:	41dc                	lw	a5,4(a1)
    3e68:	4198                	lw	a4,0(a1)
    3e6a:	88b6                	mv	a7,a3
    3e6c:	8832                	mv	a6,a2
    3e6e:	842e                	mv	s0,a1
    3e70:	89b2                	mv	s3,a2
    3e72:	84b6                	mv	s1,a3
    3e74:	862a                	mv	a2,a0
    3e76:	4681                	li	a3,0
    3e78:	01050593          	addi	a1,a0,16
    3e7c:	ee7ff0ef          	jal	ra,3d62 <lfs_bd_prog>
    3e80:	892a                	mv	s2,a0
    3e82:	e911                	bnez	a0,3e96 <lfs_dir_commitprog+0x34>
    3e84:	4448                	lw	a0,12(s0)
    3e86:	8626                	mv	a2,s1
    3e88:	85ce                	mv	a1,s3
    3e8a:	300030ef          	jal	ra,718a <lfs_crc>
    3e8e:	4054                	lw	a3,4(s0)
    3e90:	c448                	sw	a0,12(s0)
    3e92:	96a6                	add	a3,a3,s1
    3e94:	c054                	sw	a3,4(s0)
    3e96:	854a                	mv	a0,s2
    3e98:	ab2fc06f          	j	14a <__riscv_restore_4>

00003e9c <lfs_dir_commitattr>:
    3e9c:	a6cfc2ef          	jal	t0,108 <__riscv_save_10>
    3ea0:	1141                	addi	sp,sp,-16
    3ea2:	8a2a                	mv	s4,a0
    3ea4:	8532                	mv	a0,a2
    3ea6:	842e                	mv	s0,a1
    3ea8:	8bb2                	mv	s7,a2
    3eaa:	8b36                	mv	s6,a3
    3eac:	e51fe0ef          	jal	ra,2cfc <lfs_tag_dsize>
    3eb0:	405c                	lw	a5,4(s0)
    3eb2:	4858                	lw	a4,20(s0)
    3eb4:	5911                	li	s2,-28
    3eb6:	97aa                	add	a5,a5,a0
    3eb8:	04f76263          	bltu	a4,a5,3efc <lfs_dir_commitattr+0x60>
    3ebc:	84aa                	mv	s1,a0
    3ebe:	4408                	lw	a0,8(s0)
    3ec0:	001b9a93          	slli	s5,s7,0x1
    3ec4:	001ada93          	srli	s5,s5,0x1
    3ec8:	00aac533          	xor	a0,s5,a0
    3ecc:	642040ef          	jal	ra,850e <__bswapsi2>
    3ed0:	c62a                	sw	a0,12(sp)
    3ed2:	4691                	li	a3,4
    3ed4:	0070                	addi	a2,sp,12
    3ed6:	85a2                	mv	a1,s0
    3ed8:	8552                	mv	a0,s4
    3eda:	f89ff0ef          	jal	ra,3e62 <lfs_dir_commitprog>
    3ede:	892a                	mv	s2,a0
    3ee0:	ed11                	bnez	a0,3efc <lfs_dir_commitattr+0x60>
    3ee2:	14f1                	addi	s1,s1,-4
    3ee4:	4981                	li	s3,0
    3ee6:	040bc863          	bltz	s7,3f36 <lfs_dir_commitattr+0x9a>
    3eea:	86a6                	mv	a3,s1
    3eec:	865a                	mv	a2,s6
    3eee:	85a2                	mv	a1,s0
    3ef0:	8552                	mv	a0,s4
    3ef2:	f71ff0ef          	jal	ra,3e62 <lfs_dir_commitprog>
    3ef6:	e139                	bnez	a0,3f3c <lfs_dir_commitattr+0xa0>
    3ef8:	01542423          	sw	s5,8(s0)
    3efc:	854a                	mv	a0,s2
    3efe:	0141                	addi	sp,sp,16
    3f00:	a40fc06f          	j	140 <__riscv_restore_10>
    3f04:	004b2783          	lw	a5,4(s6) # 10004 <_data_lma+0x4fb8>
    3f08:	000b2703          	lw	a4,0(s6)
    3f0c:	4885                	li	a7,1
    3f0e:	00b10813          	addi	a6,sp,11
    3f12:	97ce                	add	a5,a5,s3
    3f14:	413486b3          	sub	a3,s1,s3
    3f18:	8652                	mv	a2,s4
    3f1a:	4581                	li	a1,0
    3f1c:	8552                	mv	a0,s4
    3f1e:	f2bfe0ef          	jal	ra,2e48 <lfs_bd_read>
    3f22:	ed09                	bnez	a0,3f3c <lfs_dir_commitattr+0xa0>
    3f24:	4685                	li	a3,1
    3f26:	00b10613          	addi	a2,sp,11
    3f2a:	85a2                	mv	a1,s0
    3f2c:	8552                	mv	a0,s4
    3f2e:	f35ff0ef          	jal	ra,3e62 <lfs_dir_commitprog>
    3f32:	e509                	bnez	a0,3f3c <lfs_dir_commitattr+0xa0>
    3f34:	0985                	addi	s3,s3,1
    3f36:	fc99e7e3          	bltu	s3,s1,3f04 <lfs_dir_commitattr+0x68>
    3f3a:	bf7d                	j	3ef8 <lfs_dir_commitattr+0x5c>
    3f3c:	892a                	mv	s2,a0
    3f3e:	bf7d                	j	3efc <lfs_dir_commitattr+0x60>

00003f40 <lfs_dir_commit_commit>:
    3f40:	9f0fc2ef          	jal	t0,130 <__riscv_save_0>
    3f44:	86b2                	mv	a3,a2
    3f46:	862e                	mv	a2,a1
    3f48:	414c                	lw	a1,4(a0)
    3f4a:	4108                	lw	a0,0(a0)
    3f4c:	f51ff0ef          	jal	ra,3e9c <lfs_dir_commitattr>
    3f50:	a04fc06f          	j	154 <__riscv_restore_0>

00003f54 <lfs_bd_sync.constprop.46>:
    3f54:	9dcfc2ef          	jal	t0,130 <__riscv_save_0>
    3f58:	57fd                	li	a5,-1
    3f5a:	c21c                	sw	a5,0(a2)
    3f5c:	4681                	li	a3,0
    3f5e:	842a                	mv	s0,a0
    3f60:	d47ff0ef          	jal	ra,3ca6 <lfs_bd_flush>
    3f64:	e50d                	bnez	a0,3f8e <lfs_bd_sync.constprop.46+0x3a>
    3f66:	5428                	lw	a0,104(s0)
    3f68:	491c                	lw	a5,16(a0)
    3f6a:	9782                	jalr	a5
    3f6c:	02a05163          	blez	a0,3f8e <lfs_bd_sync.constprop.46+0x3a>
    3f70:	0000a6b7          	lui	a3,0xa
    3f74:	6629                	lui	a2,0xa
    3f76:	0000a537          	lui	a0,0xa
    3f7a:	13468693          	addi	a3,a3,308 # a134 <defaults.4606+0xdc>
    3f7e:	ec860613          	addi	a2,a2,-312 # 9ec8 <__func__.3723>
    3f82:	0de00593          	li	a1,222
    3f86:	14050513          	addi	a0,a0,320 # a140 <defaults.4606+0xe8>
    3f8a:	13b040ef          	jal	ra,88c4 <__assert_func>
    3f8e:	9c6fc06f          	j	154 <__riscv_restore_0>

00003f92 <lfs_bd_crc.constprop.48>:
    3f92:	976fc2ef          	jal	t0,108 <__riscv_save_10>
    3f96:	1141                	addi	sp,sp,-16
    3f98:	8a2a                	mv	s4,a0
    3f9a:	8aae                	mv	s5,a1
    3f9c:	8b32                	mv	s6,a2
    3f9e:	8bb6                	mv	s7,a3
    3fa0:	8c3a                	mv	s8,a4
    3fa2:	893e                	mv	s2,a5
    3fa4:	89c2                	mv	s3,a6
    3fa6:	4401                	li	s0,0
    3fa8:	4ca1                	li	s9,8
    3faa:	01246663          	bltu	s0,s2,3fb6 <lfs_bd_crc.constprop.48+0x24>
    3fae:	4501                	li	a0,0
    3fb0:	0141                	addi	sp,sp,16
    3fb2:	98efc06f          	j	140 <__riscv_restore_10>
    3fb6:	408904b3          	sub	s1,s2,s0
    3fba:	009cf363          	bgeu	s9,s1,3fc0 <lfs_bd_crc.constprop.48+0x2e>
    3fbe:	44a1                	li	s1,8
    3fc0:	88a6                	mv	a7,s1
    3fc2:	00810813          	addi	a6,sp,8
    3fc6:	018407b3          	add	a5,s0,s8
    3fca:	875e                	mv	a4,s7
    3fcc:	408b06b3          	sub	a3,s6,s0
    3fd0:	8656                	mv	a2,s5
    3fd2:	4581                	li	a1,0
    3fd4:	8552                	mv	a0,s4
    3fd6:	e73fe0ef          	jal	ra,2e48 <lfs_bd_read>
    3fda:	f979                	bnez	a0,3fb0 <lfs_bd_crc.constprop.48+0x1e>
    3fdc:	0009a503          	lw	a0,0(s3)
    3fe0:	8626                	mv	a2,s1
    3fe2:	002c                	addi	a1,sp,8
    3fe4:	1a6030ef          	jal	ra,718a <lfs_crc>
    3fe8:	00a9a023          	sw	a0,0(s3)
    3fec:	9426                	add	s0,s0,s1
    3fee:	bf75                	j	3faa <lfs_bd_crc.constprop.48+0x18>

00003ff0 <lfs_dir_commitcrc>:
    3ff0:	918fc2ef          	jal	t0,108 <__riscv_save_10>
    3ff4:	5534                	lw	a3,104(a0)
    3ff6:	41dc                	lw	a5,4(a1)
    3ff8:	1141                	addi	sp,sp,-16
    3ffa:	4e98                	lw	a4,24(a3)
    3ffc:	4ed4                	lw	a3,28(a3)
    3ffe:	07d1                	addi	a5,a5,20
    4000:	84aa                	mv	s1,a0
    4002:	842e                	mv	s0,a1
    4004:	00f6f363          	bgeu	a3,a5,400a <lfs_dir_commitcrc+0x1a>
    4008:	87b6                	mv	a5,a3
    400a:	fff70993          	addi	s3,a4,-1
    400e:	97ce                	add	a5,a5,s3
    4010:	02e7f9b3          	remu	s3,a5,a4
    4014:	00100b37          	lui	s6,0x100
    4018:	4b81                	li	s7,0
    401a:	4a81                	li	s5,0
    401c:	c00b0b13          	addi	s6,s6,-1024 # ffc00 <_data_lma+0xf4bb4>
    4020:	01048c93          	addi	s9,s1,16
    4024:	413789b3          	sub	s3,a5,s3
    4028:	fec98c13          	addi	s8,s3,-20
    402c:	405c                	lw	a5,4(s0)
    402e:	0337e863          	bltu	a5,s3,405e <lfs_dir_commitcrc+0x6e>
    4032:	4818                	lw	a4,16(s0)
    4034:	4014                	lw	a3,0(s0)
    4036:	57fd                	li	a5,-1
    4038:	c43e                	sw	a5,8(sp)
    403a:	00810813          	addi	a6,sp,8
    403e:	40ea87b3          	sub	a5,s5,a4
    4042:	004a8613          	addi	a2,s5,4
    4046:	85a6                	mv	a1,s1
    4048:	8526                	mv	a0,s1
    404a:	f49ff0ef          	jal	ra,3f92 <lfs_bd_crc.constprop.48>
    404e:	12051d63          	bnez	a0,4188 <lfs_dir_commitcrc+0x198>
    4052:	47a2                	lw	a5,8(sp)
    4054:	13778d63          	beq	a5,s7,418e <lfs_dir_commitcrc+0x19e>
    4058:	fac00513          	li	a0,-84
    405c:	a235                	j	4188 <lfs_dir_commitcrc+0x198>
    405e:	40f98933          	sub	s2,s3,a5
    4062:	1971                	addi	s2,s2,-4
    4064:	3fe00713          	li	a4,1022
    4068:	01277463          	bgeu	a4,s2,4070 <lfs_dir_commitcrc+0x80>
    406c:	3fe00913          	li	s2,1022
    4070:	0791                	addi	a5,a5,4
    4072:	993e                	add	s2,s2,a5
    4074:	01397563          	bgeu	s2,s3,407e <lfs_dir_commitcrc+0x8e>
    4078:	012c7363          	bgeu	s8,s2,407e <lfs_dir_commitcrc+0x8e>
    407c:	8962                	mv	s2,s8
    407e:	57fd                	li	a5,-1
    4080:	83dc                	sb	a5,7(sp)
    4082:	07396463          	bltu	s2,s3,40ea <lfs_dir_commitcrc+0xfa>
    4086:	54bc                	lw	a5,104(s1)
    4088:	4f94                	lw	a3,24(a5)
    408a:	4fdc                	lw	a5,28(a5)
    408c:	8f95                	sub	a5,a5,a3
    408e:	0527ee63          	bltu	a5,s2,40ea <lfs_dir_commitcrc+0xfa>
    4092:	4018                	lw	a4,0(s0)
    4094:	4885                	li	a7,1
    4096:	00710813          	addi	a6,sp,7
    409a:	87ca                	mv	a5,s2
    409c:	8626                	mv	a2,s1
    409e:	4581                	li	a1,0
    40a0:	8526                	mv	a0,s1
    40a2:	da7fe0ef          	jal	ra,2e48 <lfs_bd_read>
    40a6:	c509                	beqz	a0,40b0 <lfs_dir_commitcrc+0xc0>
    40a8:	fac00793          	li	a5,-84
    40ac:	0cf51e63          	bne	a0,a5,4188 <lfs_dir_commitcrc+0x198>
    40b0:	54bc                	lw	a5,104(s1)
    40b2:	4014                	lw	a3,0(s0)
    40b4:	577d                	li	a4,-1
    40b6:	4f9c                	lw	a5,24(a5)
    40b8:	00c10813          	addi	a6,sp,12
    40bc:	c63a                	sw	a4,12(sp)
    40be:	863e                	mv	a2,a5
    40c0:	874a                	mv	a4,s2
    40c2:	85a6                	mv	a1,s1
    40c4:	8526                	mv	a0,s1
    40c6:	c43e                	sw	a5,8(sp)
    40c8:	ecbff0ef          	jal	ra,3f92 <lfs_bd_crc.constprop.48>
    40cc:	c509                	beqz	a0,40d6 <lfs_dir_commitcrc+0xe6>
    40ce:	fac00793          	li	a5,-84
    40d2:	0af51b63          	bne	a0,a5,4188 <lfs_dir_commitcrc+0x198>
    40d6:	60000637          	lui	a2,0x60000
    40da:	0034                	addi	a3,sp,8
    40dc:	c0860613          	addi	a2,a2,-1016 # 5ffffc08 <_eusrstack+0x3fffac08>
    40e0:	85a2                	mv	a1,s0
    40e2:	8526                	mv	a0,s1
    40e4:	db9ff0ef          	jal	ra,3e9c <lfs_dir_commitattr>
    40e8:	e145                	bnez	a0,4188 <lfs_dir_commitcrc+0x198>
    40ea:	00714a03          	lbu	s4,7(sp)
    40ee:	405c                	lw	a5,4(s0)
    40f0:	4408                	lw	a0,8(s0)
    40f2:	080a4a13          	xori	s4,s4,128
    40f6:	007a5a13          	srli	s4,s4,0x7
    40fa:	500a0a13          	addi	s4,s4,1280
    40fe:	40f907b3          	sub	a5,s2,a5
    4102:	17f1                	addi	a5,a5,-4
    4104:	0a52                	slli	s4,s4,0x14
    4106:	00fa6a33          	or	s4,s4,a5
    410a:	016a6a33          	or	s4,s4,s6
    410e:	00aa4533          	xor	a0,s4,a0
    4112:	3fc040ef          	jal	ra,850e <__bswapsi2>
    4116:	c42a                	sw	a0,8(sp)
    4118:	4448                	lw	a0,12(s0)
    411a:	4611                	li	a2,4
    411c:	002c                	addi	a1,sp,8
    411e:	06c030ef          	jal	ra,718a <lfs_crc>
    4122:	405c                	lw	a5,4(s0)
    4124:	4018                	lw	a4,0(s0)
    4126:	c448                	sw	a0,12(s0)
    4128:	c62a                	sw	a0,12(sp)
    412a:	48a1                	li	a7,8
    412c:	00810813          	addi	a6,sp,8
    4130:	4681                	li	a3,0
    4132:	8626                	mv	a2,s1
    4134:	85e6                	mv	a1,s9
    4136:	8526                	mv	a0,s1
    4138:	c2bff0ef          	jal	ra,3d62 <lfs_bd_prog>
    413c:	e531                	bnez	a0,4188 <lfs_dir_commitcrc+0x198>
    413e:	000a9763          	bnez	s5,414c <lfs_dir_commitcrc+0x15c>
    4142:	00442a83          	lw	s5,4(s0)
    4146:	00c42b83          	lw	s7,12(s0)
    414a:	0a91                	addi	s5,s5,4
    414c:	839c                	lbu	a5,7(sp)
    414e:	80000737          	lui	a4,0x80000
    4152:	01242223          	sw	s2,4(s0)
    4156:	fff7c793          	not	a5,a5
    415a:	07e2                	slli	a5,a5,0x18
    415c:	8ff9                	and	a5,a5,a4
    415e:	0147ca33          	xor	s4,a5,s4
    4162:	57fd                	li	a5,-1
    4164:	01442423          	sw	s4,8(s0)
    4168:	c45c                	sw	a5,12(s0)
    416a:	01397863          	bgeu	s2,s3,417a <lfs_dir_commitcrc+0x18a>
    416e:	54bc                	lw	a5,104(s1)
    4170:	48d8                	lw	a4,20(s1)
    4172:	579c                	lw	a5,40(a5)
    4174:	97ba                	add	a5,a5,a4
    4176:	eaf96be3          	bltu	s2,a5,402c <lfs_dir_commitcrc+0x3c>
    417a:	8626                	mv	a2,s1
    417c:	85e6                	mv	a1,s9
    417e:	8526                	mv	a0,s1
    4180:	dd5ff0ef          	jal	ra,3f54 <lfs_bd_sync.constprop.46>
    4184:	ea0504e3          	beqz	a0,402c <lfs_dir_commitcrc+0x3c>
    4188:	0141                	addi	sp,sp,16
    418a:	fb7fb06f          	j	140 <__riscv_restore_10>
    418e:	4014                	lw	a3,0(s0)
    4190:	00810813          	addi	a6,sp,8
    4194:	4791                	li	a5,4
    4196:	8756                	mv	a4,s5
    4198:	4611                	li	a2,4
    419a:	85a6                	mv	a1,s1
    419c:	8526                	mv	a0,s1
    419e:	df5ff0ef          	jal	ra,3f92 <lfs_bd_crc.constprop.48>
    41a2:	f17d                	bnez	a0,4188 <lfs_dir_commitcrc+0x198>
    41a4:	47a2                	lw	a5,8(sp)
    41a6:	d3ed                	beqz	a5,4188 <lfs_dir_commitcrc+0x198>
    41a8:	bd45                	j	4058 <lfs_dir_commitcrc+0x68>

000041aa <lfs_dir_fetchmatch>:
    41aa:	f57fb2ef          	jal	t0,100 <__riscv_save_12>
    41ae:	06c52e03          	lw	t3,108(a0)
    41b2:	715d                	addi	sp,sp,-80
    41b4:	00062e83          	lw	t4,0(a2)
    41b8:	000e0a63          	beqz	t3,41cc <lfs_dir_fetchmatch+0x22>
    41bc:	fac00b13          	li	s6,-84
    41c0:	0fcef763          	bgeu	t4,t3,42ae <lfs_dir_fetchmatch+0x104>
    41c4:	00462f03          	lw	t5,4(a2)
    41c8:	0fcf7363          	bgeu	t5,t3,42ae <lfs_dir_fetchmatch+0x104>
    41cc:	ce46                	sw	a7,28(sp)
    41ce:	cc42                	sw	a6,24(sp)
    41d0:	c43e                	sw	a5,8(sp)
    41d2:	ca3a                	sw	a4,20(sp)
    41d4:	c836                	sw	a3,16(sp)
    41d6:	89b2                	mv	s3,a2
    41d8:	842e                	mv	s0,a1
    41da:	4891                	li	a7,4
    41dc:	03010813          	addi	a6,sp,48
    41e0:	4781                	li	a5,0
    41e2:	8776                	mv	a4,t4
    41e4:	4691                	li	a3,4
    41e6:	862a                	mv	a2,a0
    41e8:	4581                	li	a1,0
    41ea:	84aa                	mv	s1,a0
    41ec:	d802                	sw	zero,48(sp)
    41ee:	da02                	sw	zero,52(sp)
    41f0:	c59fe0ef          	jal	ra,2e48 <lfs_bd_read>
    41f4:	8b2a                	mv	s6,a0
    41f6:	c509                	beqz	a0,4200 <lfs_dir_fetchmatch+0x56>
    41f8:	fac00793          	li	a5,-84
    41fc:	0af51963          	bne	a0,a5,42ae <lfs_dir_fetchmatch+0x104>
    4200:	0049a703          	lw	a4,4(s3)
    4204:	4891                	li	a7,4
    4206:	03410813          	addi	a6,sp,52
    420a:	4781                	li	a5,0
    420c:	4691                	li	a3,4
    420e:	8626                	mv	a2,s1
    4210:	4581                	li	a1,0
    4212:	8526                	mv	a0,s1
    4214:	c35fe0ef          	jal	ra,2e48 <lfs_bd_read>
    4218:	8b2a                	mv	s6,a0
    421a:	cd51                	beqz	a0,42b6 <lfs_dir_fetchmatch+0x10c>
    421c:	fac00793          	li	a5,-84
    4220:	08f51763          	bne	a0,a5,42ae <lfs_dir_fetchmatch+0x104>
    4224:	4901                	li	s2,0
    4226:	00291793          	slli	a5,s2,0x2
    422a:	00f98733          	add	a4,s3,a5
    422e:	4318                	lw	a4,0(a4)
    4230:	00194913          	xori	s2,s2,1
    4234:	090a                	slli	s2,s2,0x2
    4236:	c018                	sw	a4,0(s0)
    4238:	99ca                	add	s3,s3,s2
    423a:	0009a703          	lw	a4,0(s3)
    423e:	5b7d                	li	s6,-1
    4240:	00042623          	sw	zero,12(s0)
    4244:	c058                	sw	a4,4(s0)
    4246:	0898                	addi	a4,sp,80
    4248:	97ba                	add	a5,a5,a4
    424a:	fe07a783          	lw	a5,-32(a5)
    424e:	5bfd                	li	s7,-1
    4250:	80000c37          	lui	s8,0x80000
    4254:	c41c                	sw	a5,8(s0)
    4256:	4789                	li	a5,2
    4258:	c03e                	sw	a5,0(sp)
    425a:	001007b7          	lui	a5,0x100
    425e:	c0078793          	addi	a5,a5,-1024 # ffc00 <_data_lma+0xf4bb4>
    4262:	c63e                	sw	a5,12(sp)
    4264:	4611                	li	a2,4
    4266:	00840593          	addi	a1,s0,8
    426a:	557d                	li	a0,-1
    426c:	dc5e                	sw	s7,56(sp)
    426e:	de5e                	sw	s7,60(sp)
    4270:	71b020ef          	jal	ra,718a <lfs_crc>
    4274:	d22a                	sw	a0,36(sp)
    4276:	8cda                	mv	s9,s6
    4278:	c202                	sw	zero,4(sp)
    427a:	4d81                	li	s11,0
    427c:	4a01                	li	s4,0
    427e:	5d7d                	li	s10,-1
    4280:	4a81                	li	s5,0
    4282:	856a                	mv	a0,s10
    4284:	a79fe0ef          	jal	ra,2cfc <lfs_tag_dsize>
    4288:	54b4                	lw	a3,104(s1)
    428a:	4018                	lw	a4,0(s0)
    428c:	9aaa                	add	s5,s5,a0
    428e:	4ed4                	lw	a3,28(a3)
    4290:	4891                	li	a7,4
    4292:	02810813          	addi	a6,sp,40
    4296:	87d6                	mv	a5,s5
    4298:	8626                	mv	a2,s1
    429a:	4581                	li	a1,0
    429c:	8526                	mv	a0,s1
    429e:	babfe0ef          	jal	ra,2e48 <lfs_bd_read>
    42a2:	c10d                	beqz	a0,42c4 <lfs_dir_fetchmatch+0x11a>
    42a4:	fac00793          	li	a5,-84
    42a8:	22f50263          	beq	a0,a5,44cc <lfs_dir_fetchmatch+0x322>
    42ac:	8b2a                	mv	s6,a0
    42ae:	855a                	mv	a0,s6
    42b0:	6161                	addi	sp,sp,80
    42b2:	e8bfb06f          	j	13c <__riscv_restore_12>
    42b6:	5952                	lw	s2,52(sp)
    42b8:	57c2                	lw	a5,48(sp)
    42ba:	40f90933          	sub	s2,s2,a5
    42be:	01202933          	sgtz	s2,s2
    42c2:	b795                	j	4226 <lfs_dir_fetchmatch+0x7c>
    42c4:	5512                	lw	a0,36(sp)
    42c6:	4611                	li	a2,4
    42c8:	102c                	addi	a1,sp,40
    42ca:	6c1020ef          	jal	ra,718a <lfs_crc>
    42ce:	d22a                	sw	a0,36(sp)
    42d0:	5522                	lw	a0,40(sp)
    42d2:	23c040ef          	jal	ra,850e <__bswapsi2>
    42d6:	00ad49b3          	xor	s3,s10,a0
    42da:	d44e                	sw	s3,40(sp)
    42dc:	0209dd63          	bgez	s3,4316 <lfs_dir_fetchmatch+0x16c>
    42e0:	014d5793          	srli	a5,s10,0x14
    42e4:	7807f793          	andi	a5,a5,1920
    42e8:	b0078793          	addi	a5,a5,-1280
    42ec:	0017b793          	seqz	a5,a5
    42f0:	4458                	lw	a4,12(s0)
    42f2:	1c071f63          	bnez	a4,44d0 <lfs_dir_fetchmatch+0x326>
    42f6:	089c                	addi	a5,sp,80
    42f8:	97ca                	add	a5,a5,s2
    42fa:	4018                	lw	a4,0(s0)
    42fc:	4054                	lw	a3,4(s0)
    42fe:	fe07a783          	lw	a5,-32(a5)
    4302:	4602                	lw	a2,0(sp)
    4304:	c014                	sw	a3,0(s0)
    4306:	c41c                	sw	a5,8(s0)
    4308:	c058                	sw	a4,4(s0)
    430a:	4785                	li	a5,1
    430c:	26f60663          	beq	a2,a5,4578 <lfs_dir_fetchmatch+0x3ce>
    4310:	4785                	li	a5,1
    4312:	c03e                	sw	a5,0(sp)
    4314:	bf81                	j	4264 <lfs_dir_fetchmatch+0xba>
    4316:	854e                	mv	a0,s3
    4318:	9e5fe0ef          	jal	ra,2cfc <lfs_tag_dsize>
    431c:	54bc                	lw	a5,104(s1)
    431e:	4fd0                	lw	a2,28(a5)
    4320:	015507b3          	add	a5,a0,s5
    4324:	1af66463          	bltu	a2,a5,44cc <lfs_dir_fetchmatch+0x322>
    4328:	0149d713          	srli	a4,s3,0x14
    432c:	78077713          	andi	a4,a4,1920
    4330:	50000793          	li	a5,1280
    4334:	4014                	lw	a3,0(s0)
    4336:	004a8d13          	addi	s10,s5,4
    433a:	06f71263          	bne	a4,a5,439e <lfs_dir_fetchmatch+0x1f4>
    433e:	8736                	mv	a4,a3
    4340:	4891                	li	a7,4
    4342:	86b2                	mv	a3,a2
    4344:	02c10813          	addi	a6,sp,44
    4348:	87ea                	mv	a5,s10
    434a:	8626                	mv	a2,s1
    434c:	4581                	li	a1,0
    434e:	8526                	mv	a0,s1
    4350:	af9fe0ef          	jal	ra,2e48 <lfs_bd_read>
    4354:	f921                	bnez	a0,42a4 <lfs_dir_fetchmatch+0xfa>
    4356:	5732                	lw	a4,44(sp)
    4358:	5792                	lw	a5,36(sp)
    435a:	16f71963          	bne	a4,a5,44cc <lfs_dir_fetchmatch+0x322>
    435e:	57a2                	lw	a5,40(sp)
    4360:	54c8                	lw	a0,44(s1)
    4362:	4611                	li	a2,4
    4364:	83d1                	srli	a5,a5,0x14
    4366:	07fe                	slli	a5,a5,0x1f
    4368:	104c                	addi	a1,sp,36
    436a:	00f9c9b3          	xor	s3,s3,a5
    436e:	61d020ef          	jal	ra,718a <lfs_crc>
    4372:	d4c8                	sw	a0,44(s1)
    4374:	5522                	lw	a0,40(sp)
    4376:	987fe0ef          	jal	ra,2cfc <lfs_tag_dsize>
    437a:	57e2                	lw	a5,56(sp)
    437c:	9556                	add	a0,a0,s5
    437e:	c448                	sw	a0,12(s0)
    4380:	cc1c                	sw	a5,24(s0)
    4382:	57f2                	lw	a5,60(sp)
    4384:	01342823          	sw	s3,16(s0)
    4388:	01441a23          	sh	s4,20(s0)
    438c:	cc5c                	sw	a5,28(s0)
    438e:	01b40ba3          	sb	s11,23(s0)
    4392:	d25e                	sw	s7,36(sp)
    4394:	87e6                	mv	a5,s9
    4396:	8b66                	mv	s6,s9
    4398:	8d4e                	mv	s10,s3
    439a:	8cbe                	mv	s9,a5
    439c:	b5dd                	j	4282 <lfs_dir_fetchmatch+0xd8>
    439e:	ffc50793          	addi	a5,a0,-4
    43a2:	02410813          	addi	a6,sp,36
    43a6:	876a                	mv	a4,s10
    43a8:	85a6                	mv	a1,s1
    43aa:	8526                	mv	a0,s1
    43ac:	be7ff0ef          	jal	ra,3f92 <lfs_bd_crc.constprop.48>
    43b0:	ee051ae3          	bnez	a0,42a4 <lfs_dir_fetchmatch+0xfa>
    43b4:	57a2                	lw	a5,40(sp)
    43b6:	0147d693          	srli	a3,a5,0x14
    43ba:	01069613          	slli	a2,a3,0x10
    43be:	8241                	srli	a2,a2,0x10
    43c0:	70067593          	andi	a1,a2,1792
    43c4:	ed8d                	bnez	a1,43fe <lfs_dir_fetchmatch+0x254>
    43c6:	83a9                	srli	a5,a5,0xa
    43c8:	3ff7f793          	andi	a5,a5,1023
    43cc:	0147e463          	bltu	a5,s4,43d4 <lfs_dir_fetchmatch+0x22a>
    43d0:	00178a13          	addi	s4,a5,1
    43d4:	55a2                	lw	a1,40(sp)
    43d6:	47d2                	lw	a5,20(sp)
    43d8:	4742                	lw	a4,16(sp)
    43da:	8fad                	xor	a5,a5,a1
    43dc:	8ff9                	and	a5,a5,a4
    43de:	ef89                	bnez	a5,43f8 <lfs_dir_fetchmatch+0x24e>
    43e0:	401c                	lw	a5,0(s0)
    43e2:	4572                	lw	a0,28(sp)
    43e4:	00b0                	addi	a2,sp,72
    43e6:	c4be                	sw	a5,72(sp)
    43e8:	47e2                	lw	a5,24(sp)
    43ea:	c6ea                	sw	s10,76(sp)
    43ec:	9782                	jalr	a5
    43ee:	ea054be3          	bltz	a0,42a4 <lfs_dir_fetchmatch+0xfa>
    43f2:	56a2                	lw	a3,40(sp)
    43f4:	e155                	bnez	a0,4498 <lfs_dir_fetchmatch+0x2ee>
    43f6:	8cb6                	mv	s9,a3
    43f8:	87e6                	mv	a5,s9
    43fa:	8cda                	mv	s9,s6
    43fc:	bf69                	j	4396 <lfs_dir_fetchmatch+0x1ec>
    43fe:	40000713          	li	a4,1024
    4402:	04e59163          	bne	a1,a4,4444 <lfs_dir_fetchmatch+0x29a>
    4406:	4732                	lw	a4,12(sp)
    4408:	06e2                	slli	a3,a3,0x18
    440a:	86e1                	srai	a3,a3,0x18
    440c:	9a36                	add	s4,s4,a3
    440e:	00ecf733          	and	a4,s9,a4
    4412:	4ff00637          	lui	a2,0x4ff00
    4416:	0a42                	slli	s4,s4,0x10
    4418:	8f51                	or	a4,a4,a2
    441a:	010a5a13          	srli	s4,s4,0x10
    441e:	00e79563          	bne	a5,a4,4428 <lfs_dir_fetchmatch+0x27e>
    4422:	018cecb3          	or	s9,s9,s8
    4426:	b77d                	j	43d4 <lfs_dir_fetchmatch+0x22a>
    4428:	fb7c86e3          	beq	s9,s7,43d4 <lfs_dir_fetchmatch+0x22a>
    442c:	83a9                	srli	a5,a5,0xa
    442e:	00acd713          	srli	a4,s9,0xa
    4432:	3ff7f793          	andi	a5,a5,1023
    4436:	3ff77713          	andi	a4,a4,1023
    443a:	f8f76de3          	bltu	a4,a5,43d4 <lfs_dir_fetchmatch+0x22a>
    443e:	06aa                	slli	a3,a3,0xa
    4440:	9cb6                	add	s9,s9,a3
    4442:	bf49                	j	43d4 <lfs_dir_fetchmatch+0x22a>
    4444:	60000793          	li	a5,1536
    4448:	4018                	lw	a4,0(s0)
    444a:	02f59163          	bne	a1,a5,446c <lfs_dir_fetchmatch+0x2c2>
    444e:	0016fd93          	andi	s11,a3,1
    4452:	54b4                	lw	a3,104(s1)
    4454:	48a1                	li	a7,8
    4456:	03810813          	addi	a6,sp,56
    445a:	4ed4                	lw	a3,28(a3)
    445c:	87ea                	mv	a5,s10
    445e:	8626                	mv	a2,s1
    4460:	4581                	li	a1,0
    4462:	8526                	mv	a0,s1
    4464:	9e5fe0ef          	jal	ra,2e48 <lfs_bd_read>
    4468:	d535                	beqz	a0,43d4 <lfs_dir_fetchmatch+0x22a>
    446a:	bd2d                	j	42a4 <lfs_dir_fetchmatch+0xfa>
    446c:	7ff67613          	andi	a2,a2,2047
    4470:	5ff00793          	li	a5,1535
    4474:	f6f610e3          	bne	a2,a5,43d4 <lfs_dir_fetchmatch+0x22a>
    4478:	54b4                	lw	a3,104(s1)
    447a:	48a1                	li	a7,8
    447c:	04010813          	addi	a6,sp,64
    4480:	4ed4                	lw	a3,28(a3)
    4482:	87ea                	mv	a5,s10
    4484:	8626                	mv	a2,s1
    4486:	4581                	li	a1,0
    4488:	8526                	mv	a0,s1
    448a:	9bffe0ef          	jal	ra,2e48 <lfs_bd_read>
    448e:	e0051be3          	bnez	a0,42a4 <lfs_dir_fetchmatch+0xfa>
    4492:	4785                	li	a5,1
    4494:	c23e                	sw	a5,4(sp)
    4496:	bf3d                	j	43d4 <lfs_dir_fetchmatch+0x22a>
    4498:	80000737          	lui	a4,0x80000
    449c:	00dcc7b3          	xor	a5,s9,a3
    44a0:	c0074713          	xori	a4,a4,-1024
    44a4:	8ff9                	and	a5,a5,a4
    44a6:	c38d                	beqz	a5,44c8 <lfs_dir_fetchmatch+0x31e>
    44a8:	4789                	li	a5,2
    44aa:	f4f517e3          	bne	a0,a5,43f8 <lfs_dir_fetchmatch+0x24e>
    44ae:	00acd713          	srli	a4,s9,0xa
    44b2:	00a6d793          	srli	a5,a3,0xa
    44b6:	3ff77713          	andi	a4,a4,1023
    44ba:	3ff7f793          	andi	a5,a5,1023
    44be:	f2f76de3          	bltu	a4,a5,43f8 <lfs_dir_fetchmatch+0x24e>
    44c2:	0186ecb3          	or	s9,a3,s8
    44c6:	bf0d                	j	43f8 <lfs_dir_fetchmatch+0x24e>
    44c8:	5cfd                	li	s9,-1
    44ca:	b73d                	j	43f8 <lfs_dir_fetchmatch+0x24e>
    44cc:	4781                	li	a5,0
    44ce:	b50d                	j	42f0 <lfs_dir_fetchmatch+0x146>
    44d0:	00040b23          	sb	zero,22(s0)
    44d4:	cf95                	beqz	a5,4510 <lfs_dir_fetchmatch+0x366>
    44d6:	54b0                	lw	a2,104(s1)
    44d8:	4e1c                	lw	a5,24(a2)
    44da:	02f777b3          	remu	a5,a4,a5
    44de:	eb8d                	bnez	a5,4510 <lfs_dir_fetchmatch+0x366>
    44e0:	4792                	lw	a5,4(sp)
    44e2:	c79d                	beqz	a5,4510 <lfs_dir_fetchmatch+0x366>
    44e4:	57fd                	li	a5,-1
    44e6:	d63e                	sw	a5,44(sp)
    44e8:	4014                	lw	a3,0(s0)
    44ea:	4786                	lw	a5,64(sp)
    44ec:	4e50                	lw	a2,28(a2)
    44ee:	02c10813          	addi	a6,sp,44
    44f2:	85a6                	mv	a1,s1
    44f4:	8526                	mv	a0,s1
    44f6:	a9dff0ef          	jal	ra,3f92 <lfs_bd_crc.constprop.48>
    44fa:	c509                	beqz	a0,4504 <lfs_dir_fetchmatch+0x35a>
    44fc:	fac00793          	li	a5,-84
    4500:	daf516e3          	bne	a0,a5,42ac <lfs_dir_fetchmatch+0x102>
    4504:	4796                	lw	a5,68(sp)
    4506:	5732                	lw	a4,44(sp)
    4508:	8f99                	sub	a5,a5,a4
    450a:	0017b793          	seqz	a5,a5
    450e:	a87c                	sb	a5,22(s0)
    4510:	85a2                	mv	a1,s0
    4512:	03c48513          	addi	a0,s1,60
    4516:	82dfe0ef          	jal	ra,2d42 <lfs_gstate_hasmovehere>
    451a:	cd19                	beqz	a0,4538 <lfs_dir_fetchmatch+0x38e>
    451c:	5cdc                	lw	a5,60(s1)
    451e:	00ab5713          	srli	a4,s6,0xa
    4522:	3ff77713          	andi	a4,a4,1023
    4526:	83a9                	srli	a5,a5,0xa
    4528:	3ff7f793          	andi	a5,a5,1023
    452c:	02f71e63          	bne	a4,a5,4568 <lfs_dir_fetchmatch+0x3be>
    4530:	800007b7          	lui	a5,0x80000
    4534:	00fb6b33          	or	s6,s6,a5
    4538:	47a2                	lw	a5,8(sp)
    453a:	cb99                	beqz	a5,4550 <lfs_dir_fetchmatch+0x3a6>
    453c:	285a                	lhu	a4,20(s0)
    453e:	00ab5793          	srli	a5,s6,0xa
    4542:	3ff7f793          	andi	a5,a5,1023
    4546:	00f77363          	bgeu	a4,a5,454c <lfs_dir_fetchmatch+0x3a2>
    454a:	87ba                	mv	a5,a4
    454c:	4722                	lw	a4,8(sp)
    454e:	a31e                	sh	a5,0(a4)
    4550:	d40b5fe3          	bgez	s6,42ae <lfs_dir_fetchmatch+0x104>
    4554:	285a                	lhu	a4,20(s0)
    4556:	00ab5313          	srli	t1,s6,0xa
    455a:	3ff37793          	andi	a5,t1,1023
    455e:	5b79                	li	s6,-2
    4560:	d4e7e7e3          	bltu	a5,a4,42ae <lfs_dir_fetchmatch+0x104>
    4564:	4b01                	li	s6,0
    4566:	b3a1                	j	42ae <lfs_dir_fetchmatch+0x104>
    4568:	56fd                	li	a3,-1
    456a:	fcdb07e3          	beq	s6,a3,4538 <lfs_dir_fetchmatch+0x38e>
    456e:	fce7f5e3          	bgeu	a5,a4,4538 <lfs_dir_fetchmatch+0x38e>
    4572:	c00b0b13          	addi	s6,s6,-1024
    4576:	b7c9                	j	4538 <lfs_dir_fetchmatch+0x38e>
    4578:	0000b7b7          	lui	a5,0xb
    457c:	0000a5b7          	lui	a1,0xa
    4580:	0000a537          	lui	a0,0xa
    4584:	d0478793          	addi	a5,a5,-764 # ad04 <defaults.4606+0xcac>
    4588:	56700613          	li	a2,1383
    458c:	14058593          	addi	a1,a1,320 # a140 <defaults.4606+0xe8>
    4590:	1e850513          	addi	a0,a0,488 # a1e8 <defaults.4606+0x190>
    4594:	4a3040ef          	jal	ra,9236 <iprintf>
    4598:	fac00b13          	li	s6,-84
    459c:	bb09                	j	42ae <lfs_dir_fetchmatch+0x104>

0000459e <lfs_dir_fetch>:
    459e:	b93fb2ef          	jal	t0,130 <__riscv_save_0>
    45a2:	4881                	li	a7,0
    45a4:	4801                	li	a6,0
    45a6:	4781                	li	a5,0
    45a8:	577d                	li	a4,-1
    45aa:	56fd                	li	a3,-1
    45ac:	bffff0ef          	jal	ra,41aa <lfs_dir_fetchmatch>
    45b0:	ba5fb06f          	j	154 <__riscv_restore_0>

000045b4 <lfs_dir_find>:
    45b4:	b4dfb2ef          	jal	t0,100 <__riscv_save_12>
    45b8:	511c                	lw	a5,32(a0)
    45ba:	00062c83          	lw	s9,0(a2) # 4ff00000 <_eusrstack+0x2fefb000>
    45be:	1101                	addi	sp,sp,-32
    45c0:	cd9c                	sw	a5,24(a1)
    45c2:	515c                	lw	a5,36(a0)
    45c4:	cddc                	sw	a5,28(a1)
    45c6:	000c8703          	lb	a4,0(s9)
    45ca:	cb55                	beqz	a4,467e <lfs_dir_find+0xca>
    45cc:	003007b7          	lui	a5,0x300
    45d0:	20000737          	lui	a4,0x20000
    45d4:	c0078a93          	addi	s5,a5,-1024 # 2ffc00 <_data_lma+0x2f4bb4>
    45d8:	00870793          	addi	a5,a4,8 # 20000008 <_data_vma+0x8>
    45dc:	c436                	sw	a3,8(sp)
    45de:	c232                	sw	a2,4(sp)
    45e0:	842e                	mv	s0,a1
    45e2:	84aa                	mv	s1,a0
    45e4:	0000aa37          	lui	s4,0xa
    45e8:	0000ab37          	lui	s6,0xa
    45ec:	01858b93          	addi	s7,a1,24
    45f0:	c03e                	sw	a5,0(sp)
    45f2:	014adc13          	srli	s8,s5,0x14
    45f6:	4709                	li	a4,2
    45f8:	00ec1863          	bne	s8,a4,4608 <lfs_dir_find+0x54>
    45fc:	8566                	mv	a0,s9
    45fe:	224a0593          	addi	a1,s4,548 # a224 <defaults.4606+0x1cc>
    4602:	5c7040ef          	jal	ra,93c8 <strspn>
    4606:	9caa                	add	s9,s9,a0
    4608:	224a0593          	addi	a1,s4,548
    460c:	8566                	mv	a0,s9
    460e:	58b040ef          	jal	ra,9398 <strcspn>
    4612:	4705                	li	a4,1
    4614:	892a                	mv	s2,a0
    4616:	04e51a63          	bne	a0,a4,466a <lfs_dir_find+0xb6>
    461a:	000cc683          	lbu	a3,0(s9)
    461e:	02e00713          	li	a4,46
    4622:	001c8993          	addi	s3,s9,1
    4626:	08e68263          	beq	a3,a4,46aa <lfs_dir_find+0xf6>
    462a:	012c89b3          	add	s3,s9,s2
    462e:	874e                	mv	a4,s3
    4630:	4d85                	li	s11,1
    4632:	224a0593          	addi	a1,s4,548
    4636:	853a                	mv	a0,a4
    4638:	c63a                	sw	a4,12(sp)
    463a:	58f040ef          	jal	ra,93c8 <strspn>
    463e:	4732                	lw	a4,12(sp)
    4640:	224a0593          	addi	a1,s4,548
    4644:	00a70d33          	add	s10,a4,a0
    4648:	856a                	mv	a0,s10
    464a:	54f040ef          	jal	ra,9398 <strcspn>
    464e:	882a                	mv	a6,a0
    4650:	c12d                	beqz	a0,46b2 <lfs_dir_find+0xfe>
    4652:	4785                	li	a5,1
    4654:	02f51a63          	bne	a0,a5,4688 <lfs_dir_find+0xd4>
    4658:	000d4603          	lbu	a2,0(s10) # 20000000 <_data_vma>
    465c:	02e00793          	li	a5,46
    4660:	04f61763          	bne	a2,a5,46ae <lfs_dir_find+0xfa>
    4664:	010d0733          	add	a4,s10,a6
    4668:	b7e9                	j	4632 <lfs_dir_find+0x7e>
    466a:	4709                	li	a4,2
    466c:	fae51fe3          	bne	a0,a4,462a <lfs_dir_find+0x76>
    4670:	4609                	li	a2,2
    4672:	220b0593          	addi	a1,s6,544 # a220 <defaults.4606+0x1c8>
    4676:	8566                	mv	a0,s9
    4678:	2c0040ef          	jal	ra,8938 <memcmp>
    467c:	f55d                	bnez	a0,462a <lfs_dir_find+0x76>
    467e:	5aa9                	li	s5,-22
    4680:	8556                	mv	a0,s5
    4682:	6105                	addi	sp,sp,32
    4684:	ab9fb06f          	j	13c <__riscv_restore_12>
    4688:	4789                	li	a5,2
    468a:	02f51263          	bne	a0,a5,46ae <lfs_dir_find+0xfa>
    468e:	c62a                	sw	a0,12(sp)
    4690:	4609                	li	a2,2
    4692:	220b0593          	addi	a1,s6,544
    4696:	856a                	mv	a0,s10
    4698:	2a0040ef          	jal	ra,8938 <memcmp>
    469c:	4832                	lw	a6,12(sp)
    469e:	e901                	bnez	a0,46ae <lfs_dir_find+0xfa>
    46a0:	1dfd                	addi	s11,s11,-1
    46a2:	fc0d91e3          	bnez	s11,4664 <lfs_dir_find+0xb0>
    46a6:	002d0993          	addi	s3,s10,2
    46aa:	8cce                	mv	s9,s3
    46ac:	b799                	j	45f2 <lfs_dir_find+0x3e>
    46ae:	0d85                	addi	s11,s11,1
    46b0:	bf55                	j	4664 <lfs_dir_find+0xb0>
    46b2:	000c8703          	lb	a4,0(s9)
    46b6:	d769                	beqz	a4,4680 <lfs_dir_find+0xcc>
    46b8:	4792                	lw	a5,4(sp)
    46ba:	4709                	li	a4,2
    46bc:	0197a023          	sw	s9,0(a5)
    46c0:	06ec1363          	bne	s8,a4,4726 <lfs_dir_find+0x172>
    46c4:	00aad793          	srli	a5,s5,0xa
    46c8:	3ff7f793          	andi	a5,a5,1023
    46cc:	3ff00713          	li	a4,1023
    46d0:	02e78163          	beq	a5,a4,46f2 <lfs_dir_find+0x13e>
    46d4:	4682                	lw	a3,0(sp)
    46d6:	07aa                	slli	a5,a5,0xa
    46d8:	70100637          	lui	a2,0x70100
    46dc:	875e                	mv	a4,s7
    46de:	8edd                	or	a3,a3,a5
    46e0:	c0060613          	addi	a2,a2,-1024 # 700ffc00 <_eusrstack+0x500fac00>
    46e4:	85a2                	mv	a1,s0
    46e6:	8526                	mv	a0,s1
    46e8:	a7ffe0ef          	jal	ra,3166 <lfs_dir_get>
    46ec:	8aaa                	mv	s5,a0
    46ee:	f80549e3          	bltz	a0,4680 <lfs_dir_find+0xcc>
    46f2:	000047b7          	lui	a5,0x4
    46f6:	c6e78813          	addi	a6,a5,-914 # 3c6e <lfs_dir_find_match>
    46fa:	47a2                	lw	a5,8(sp)
    46fc:	01410893          	addi	a7,sp,20
    4700:	874a                	mv	a4,s2
    4702:	780006b7          	lui	a3,0x78000
    4706:	865e                	mv	a2,s7
    4708:	85a2                	mv	a1,s0
    470a:	8526                	mv	a0,s1
    470c:	ca26                	sw	s1,20(sp)
    470e:	cc66                	sw	s9,24(sp)
    4710:	ce4a                	sw	s2,28(sp)
    4712:	a99ff0ef          	jal	ra,41aa <lfs_dir_fetchmatch>
    4716:	8aaa                	mv	s5,a0
    4718:	f60544e3          	bltz	a0,4680 <lfs_dir_find+0xcc>
    471c:	f559                	bnez	a0,46aa <lfs_dir_find+0xf6>
    471e:	387c                	lbu	a5,23(s0)
    4720:	fbe9                	bnez	a5,46f2 <lfs_dir_find+0x13e>
    4722:	5af9                	li	s5,-2
    4724:	bfb1                	j	4680 <lfs_dir_find+0xcc>
    4726:	5ab1                	li	s5,-20
    4728:	bfa1                	j	4680 <lfs_dir_find+0xcc>

0000472a <lfs_path_islast>:
    472a:	a07fb2ef          	jal	t0,130 <__riscv_save_0>
    472e:	0000a937          	lui	s2,0xa
    4732:	22490593          	addi	a1,s2,548 # a224 <defaults.4606+0x1cc>
    4736:	842a                	mv	s0,a0
    4738:	461040ef          	jal	ra,9398 <strcspn>
    473c:	84aa                	mv	s1,a0
    473e:	22490593          	addi	a1,s2,548
    4742:	9522                	add	a0,a0,s0
    4744:	485040ef          	jal	ra,93c8 <strspn>
    4748:	9522                	add	a0,a0,s0
    474a:	9526                	add	a0,a0,s1
    474c:	00050503          	lb	a0,0(a0)
    4750:	00153513          	seqz	a0,a0
    4754:	a01fb06f          	j	154 <__riscv_restore_0>

00004758 <lfs_tortoise_detectcycles>:
    4758:	4d18                	lw	a4,24(a0)
    475a:	419c                	lw	a5,0(a1)
    475c:	41d4                	lw	a3,4(a1)
    475e:	00f71563          	bne	a4,a5,4768 <lfs_tortoise_detectcycles+0x10>
    4762:	4d50                	lw	a2,28(a0)
    4764:	02d60763          	beq	a2,a3,4792 <lfs_tortoise_detectcycles+0x3a>
    4768:	00d71563          	bne	a4,a3,4772 <lfs_tortoise_detectcycles+0x1a>
    476c:	4d54                	lw	a3,28(a0)
    476e:	02d78263          	beq	a5,a3,4792 <lfs_tortoise_detectcycles+0x3a>
    4772:	45d4                	lw	a3,12(a1)
    4774:	459c                	lw	a5,8(a1)
    4776:	00d79963          	bne	a5,a3,4788 <lfs_tortoise_detectcycles+0x30>
    477a:	c198                	sw	a4,0(a1)
    477c:	4d58                	lw	a4,28(a0)
    477e:	0786                	slli	a5,a5,0x1
    4780:	0005a423          	sw	zero,8(a1)
    4784:	c1d8                	sw	a4,4(a1)
    4786:	c5dc                	sw	a5,12(a1)
    4788:	459c                	lw	a5,8(a1)
    478a:	4501                	li	a0,0
    478c:	0785                	addi	a5,a5,1
    478e:	c59c                	sw	a5,8(a1)
    4790:	8082                	ret
    4792:	99ffb2ef          	jal	t0,130 <__riscv_save_0>
    4796:	0000b6b7          	lui	a3,0xb
    479a:	6605                	lui	a2,0x1
    479c:	0000a5b7          	lui	a1,0xa
    47a0:	0000b537          	lui	a0,0xb
    47a4:	d0468693          	addi	a3,a3,-764 # ad04 <defaults.4606+0xcac>
    47a8:	17460613          	addi	a2,a2,372 # 1174 <USBFS_Device_Endp_Init+0x6c>
    47ac:	14058593          	addi	a1,a1,320 # a140 <defaults.4606+0xe8>
    47b0:	dd850513          	addi	a0,a0,-552 # add8 <defaults.4606+0xd80>
    47b4:	283040ef          	jal	ra,9236 <iprintf>
    47b8:	fac00513          	li	a0,-84
    47bc:	999fb06f          	j	154 <__riscv_restore_0>

000047c0 <lfs_fs_parent>:
    47c0:	957fb2ef          	jal	t0,116 <__riscv_save_4>
    47c4:	1101                	addi	sp,sp,-32
    47c6:	4785                	li	a5,1
    47c8:	8aae                	mv	s5,a1
    47ca:	65a9                	lui	a1,0xa
    47cc:	8432                	mv	s0,a2
    47ce:	00062c23          	sw	zero,24(a2)
    47d2:	ce5c                	sw	a5,28(a2)
    47d4:	8a2a                	mv	s4,a0
    47d6:	4641                	li	a2,16
    47d8:	d6858593          	addi	a1,a1,-664 # 9d68 <_exit+0x4>
    47dc:	0808                	addi	a0,sp,16
    47de:	200004b7          	lui	s1,0x20000
    47e2:	7ff00937          	lui	s2,0x7ff00
    47e6:	176040ef          	jal	ra,895c <memcpy>
    47ea:	01840993          	addi	s3,s0,24
    47ee:	00003b37          	lui	s6,0x3
    47f2:	04a1                	addi	s1,s1,8
    47f4:	3ff90913          	addi	s2,s2,1023 # 7ff003ff <_eusrstack+0x5fefb3ff>
    47f8:	854e                	mv	a0,s3
    47fa:	cc8fe0ef          	jal	ra,2cc2 <lfs_pair_isnull>
    47fe:	c119                	beqz	a0,4804 <lfs_fs_parent+0x44>
    4800:	5579                	li	a0,-2
    4802:	a835                	j	483e <lfs_fs_parent+0x7e>
    4804:	080c                	addi	a1,sp,16
    4806:	8522                	mv	a0,s0
    4808:	f51ff0ef          	jal	ra,4758 <lfs_tortoise_detectcycles>
    480c:	02054963          	bltz	a0,483e <lfs_fs_parent+0x7e>
    4810:	000aa783          	lw	a5,0(s5)
    4814:	00410893          	addi	a7,sp,4
    4818:	1aeb0813          	addi	a6,s6,430 # 31ae <lfs_fs_parent_match>
    481c:	c43e                	sw	a5,8(sp)
    481e:	004aa783          	lw	a5,4(s5)
    4822:	8726                	mv	a4,s1
    4824:	86ca                	mv	a3,s2
    4826:	c63e                	sw	a5,12(sp)
    4828:	864e                	mv	a2,s3
    482a:	4781                	li	a5,0
    482c:	85a2                	mv	a1,s0
    482e:	8552                	mv	a0,s4
    4830:	c252                	sw	s4,4(sp)
    4832:	979ff0ef          	jal	ra,41aa <lfs_dir_fetchmatch>
    4836:	00250793          	addi	a5,a0,2
    483a:	9bf5                	andi	a5,a5,-3
    483c:	dfd5                	beqz	a5,47f8 <lfs_fs_parent+0x38>
    483e:	6105                	addi	sp,sp,32
    4840:	90bfb06f          	j	14a <__riscv_restore_4>

00004844 <lfs_fs_pred>:
    4844:	8d3fb2ef          	jal	t0,116 <__riscv_save_4>
    4848:	1141                	addi	sp,sp,-16
    484a:	4785                	li	a5,1
    484c:	89ae                	mv	s3,a1
    484e:	65a9                	lui	a1,0xa
    4850:	8432                	mv	s0,a2
    4852:	00062c23          	sw	zero,24(a2)
    4856:	ce5c                	sw	a5,28(a2)
    4858:	892a                	mv	s2,a0
    485a:	4641                	li	a2,16
    485c:	d6858593          	addi	a1,a1,-664 # 9d68 <_exit+0x4>
    4860:	850a                	mv	a0,sp
    4862:	0fa040ef          	jal	ra,895c <memcpy>
    4866:	01840493          	addi	s1,s0,24
    486a:	8526                	mv	a0,s1
    486c:	c56fe0ef          	jal	ra,2cc2 <lfs_pair_isnull>
    4870:	c119                	beqz	a0,4876 <lfs_fs_pred+0x32>
    4872:	5579                	li	a0,-2
    4874:	a015                	j	4898 <lfs_fs_pred+0x54>
    4876:	858a                	mv	a1,sp
    4878:	8522                	mv	a0,s0
    487a:	edfff0ef          	jal	ra,4758 <lfs_tortoise_detectcycles>
    487e:	02054063          	bltz	a0,489e <lfs_fs_pred+0x5a>
    4882:	85ce                	mv	a1,s3
    4884:	8526                	mv	a0,s1
    4886:	c52fe0ef          	jal	ra,2cd8 <lfs_pair_cmp>
    488a:	c519                	beqz	a0,4898 <lfs_fs_pred+0x54>
    488c:	8626                	mv	a2,s1
    488e:	85a2                	mv	a1,s0
    4890:	854a                	mv	a0,s2
    4892:	d0dff0ef          	jal	ra,459e <lfs_dir_fetch>
    4896:	d971                	beqz	a0,486a <lfs_fs_pred+0x26>
    4898:	0141                	addi	sp,sp,16
    489a:	8b1fb06f          	j	14a <__riscv_restore_4>
    489e:	fac00513          	li	a0,-84
    48a2:	bfdd                	j	4898 <lfs_fs_pred+0x54>

000048a4 <lfs_file_flushedread>:
    48a4:	85dfb2ef          	jal	t0,100 <__riscv_save_12>
    48a8:	59dc                	lw	a5,52(a1)
    48aa:	02c5a903          	lw	s2,44(a1)
    48ae:	0d27fe63          	bgeu	a5,s2,498a <lfs_file_flushedread+0xe6>
    48b2:	40f90933          	sub	s2,s2,a5
    48b6:	8aaa                	mv	s5,a0
    48b8:	842e                	mv	s0,a1
    48ba:	89b2                	mv	s3,a2
    48bc:	0126f363          	bgeu	a3,s2,48c2 <lfs_file_flushedread+0x1e>
    48c0:	8936                	mv	s2,a3
    48c2:	8dca                	mv	s11,s2
    48c4:	04040a13          	addi	s4,s0,64
    48c8:	5b79                	li	s6,-2
    48ca:	03c40b93          	addi	s7,s0,60
    48ce:	03840c13          	addi	s8,s0,56
    48d2:	00840c93          	addi	s9,s0,8
    48d6:	20100d37          	lui	s10,0x20100
    48da:	000d9463          	bnez	s11,48e2 <lfs_file_flushedread+0x3e>
    48de:	854a                	mv	a0,s2
    48e0:	a815                	j	4914 <lfs_file_flushedread+0x70>
    48e2:	581c                	lw	a5,48(s0)
    48e4:	00d79713          	slli	a4,a5,0xd
    48e8:	00075863          	bgez	a4,48f8 <lfs_file_flushedread+0x54>
    48ec:	068aa703          	lw	a4,104(s5)
    48f0:	5c54                	lw	a3,60(s0)
    48f2:	4f58                	lw	a4,28(a4)
    48f4:	02e69a63          	bne	a3,a4,4928 <lfs_file_flushedread+0x84>
    48f8:	00b79693          	slli	a3,a5,0xb
    48fc:	5858                	lw	a4,52(s0)
    48fe:	0006cd63          	bltz	a3,4918 <lfs_file_flushedread+0x74>
    4902:	5454                	lw	a3,44(s0)
    4904:	5410                	lw	a2,40(s0)
    4906:	885e                	mv	a6,s7
    4908:	87e2                	mv	a5,s8
    490a:	85d2                	mv	a1,s4
    490c:	8556                	mv	a0,s5
    490e:	eedfe0ef          	jal	ra,37fa <lfs_ctz_find.constprop.41>
    4912:	c511                	beqz	a0,491e <lfs_file_flushedread+0x7a>
    4914:	829fb06f          	j	13c <__riscv_restore_12>
    4918:	03642c23          	sw	s6,56(s0)
    491c:	dc58                	sw	a4,60(s0)
    491e:	581c                	lw	a5,48(s0)
    4920:	00040737          	lui	a4,0x40
    4924:	8fd9                	or	a5,a5,a4
    4926:	d81c                	sw	a5,48(s0)
    4928:	068aa783          	lw	a5,104(s5)
    492c:	4fd4                	lw	a3,28(a5)
    492e:	5c5c                	lw	a5,60(s0)
    4930:	40f684b3          	sub	s1,a3,a5
    4934:	009df363          	bgeu	s11,s1,493a <lfs_file_flushedread+0x96>
    4938:	84ee                	mv	s1,s11
    493a:	5818                	lw	a4,48(s0)
    493c:	00b71613          	slli	a2,a4,0xb
    4940:	02065c63          	bgez	a2,4978 <lfs_file_flushedread+0xd4>
    4944:	205a                	lhu	a4,4(s0)
    4946:	00978633          	add	a2,a5,s1
    494a:	072a                	slli	a4,a4,0xa
    494c:	01a76733          	or	a4,a4,s10
    4950:	02c6ef63          	bltu	a3,a2,498e <lfs_file_flushedread+0xea>
    4954:	88a6                	mv	a7,s1
    4956:	884e                	mv	a6,s3
    4958:	8652                	mv	a2,s4
    495a:	85e6                	mv	a1,s9
    495c:	8556                	mv	a0,s5
    495e:	f33fe0ef          	jal	ra,3890 <lfs_dir_getread.part.31.constprop.43>
    4962:	f94d                	bnez	a0,4914 <lfs_file_flushedread+0x70>
    4964:	585c                	lw	a5,52(s0)
    4966:	99a6                	add	s3,s3,s1
    4968:	409d8db3          	sub	s11,s11,s1
    496c:	97a6                	add	a5,a5,s1
    496e:	d85c                	sw	a5,52(s0)
    4970:	5c5c                	lw	a5,60(s0)
    4972:	97a6                	add	a5,a5,s1
    4974:	dc5c                	sw	a5,60(s0)
    4976:	b795                	j	48da <lfs_file_flushedread+0x36>
    4978:	5c18                	lw	a4,56(s0)
    497a:	88a6                	mv	a7,s1
    497c:	884e                	mv	a6,s3
    497e:	8652                	mv	a2,s4
    4980:	4581                	li	a1,0
    4982:	8556                	mv	a0,s5
    4984:	cc4fe0ef          	jal	ra,2e48 <lfs_bd_read>
    4988:	bfe9                	j	4962 <lfs_file_flushedread+0xbe>
    498a:	4501                	li	a0,0
    498c:	b761                	j	4914 <lfs_file_flushedread+0x70>
    498e:	fac00513          	li	a0,-84
    4992:	b749                	j	4914 <lfs_file_flushedread+0x70>

00004994 <lfs_fs_traverse_>:
    4994:	f74fb2ef          	jal	t0,108 <__riscv_save_10>
    4998:	7139                	addi	sp,sp,-64
    499a:	84aa                	mv	s1,a0
    499c:	892e                	mv	s2,a1
    499e:	89b2                	mv	s3,a2
    49a0:	4581                	li	a1,0
    49a2:	4671                	li	a2,28
    49a4:	1008                	addi	a0,sp,32
    49a6:	8b36                	mv	s6,a3
    49a8:	fb8fb0ef          	jal	ra,160 <memset>
    49ac:	65a9                	lui	a1,0xa
    49ae:	4785                	li	a5,1
    49b0:	4641                	li	a2,16
    49b2:	d6858593          	addi	a1,a1,-664 # 9d68 <_exit+0x4>
    49b6:	0808                	addi	a0,sp,16
    49b8:	20000a37          	lui	s4,0x20000
    49bc:	70100ab7          	lui	s5,0x70100
    49c0:	de3e                	sw	a5,60(sp)
    49c2:	0a21                	addi	s4,s4,8
    49c4:	799030ef          	jal	ra,895c <memcpy>
    49c8:	c00a8a93          	addi	s5,s5,-1024 # 700ffc00 <_eusrstack+0x500fac00>
    49cc:	1828                	addi	a0,sp,56
    49ce:	af4fe0ef          	jal	ra,2cc2 <lfs_pair_isnull>
    49d2:	cd09                	beqz	a0,49ec <lfs_fs_traverse_+0x58>
    49d4:	5480                	lw	s0,40(s1)
    49d6:	4a05                	li	s4,1
    49d8:	00110ab7          	lui	s5,0x110
    49dc:	6b41                	lui	s6,0x10
    49de:	00120bb7          	lui	s7,0x120
    49e2:	00020c37          	lui	s8,0x20
    49e6:	e045                	bnez	s0,4a86 <lfs_fs_traverse_+0xf2>
    49e8:	4501                	li	a0,0
    49ea:	a8bd                	j	4a68 <lfs_fs_traverse_+0xd4>
    49ec:	080c                	addi	a1,sp,16
    49ee:	1008                	addi	a0,sp,32
    49f0:	d69ff0ef          	jal	ra,4758 <lfs_tortoise_detectcycles>
    49f4:	0e054263          	bltz	a0,4ad8 <lfs_fs_traverse_+0x144>
    49f8:	55e2                	lw	a1,56(sp)
    49fa:	854e                	mv	a0,s3
    49fc:	9902                	jalr	s2
    49fe:	e52d                	bnez	a0,4a68 <lfs_fs_traverse_+0xd4>
    4a00:	55f2                	lw	a1,60(sp)
    4a02:	854e                	mv	a0,s3
    4a04:	9902                	jalr	s2
    4a06:	e12d                	bnez	a0,4a68 <lfs_fs_traverse_+0xd4>
    4a08:	1830                	addi	a2,sp,56
    4a0a:	100c                	addi	a1,sp,32
    4a0c:	8526                	mv	a0,s1
    4a0e:	b91ff0ef          	jal	ra,459e <lfs_dir_fetch>
    4a12:	e939                	bnez	a0,4a68 <lfs_fs_traverse_+0xd4>
    4a14:	4401                	li	s0,0
    4a16:	20200b93          	li	s7,514
    4a1a:	20000c13          	li	s8,512
    4a1e:	5cf9                	li	s9,-2
    4a20:	03415783          	lhu	a5,52(sp)
    4a24:	faf474e3          	bgeu	s0,a5,49cc <lfs_fs_traverse_+0x38>
    4a28:	00a41693          	slli	a3,s0,0xa
    4a2c:	0038                	addi	a4,sp,8
    4a2e:	0146e6b3          	or	a3,a3,s4
    4a32:	8656                	mv	a2,s5
    4a34:	100c                	addi	a1,sp,32
    4a36:	8526                	mv	a0,s1
    4a38:	f2efe0ef          	jal	ra,3166 <lfs_dir_get>
    4a3c:	00055863          	bgez	a0,4a4c <lfs_fs_traverse_+0xb8>
    4a40:	03951463          	bne	a0,s9,4a68 <lfs_fs_traverse_+0xd4>
    4a44:	0405                	addi	s0,s0,1
    4a46:	0442                	slli	s0,s0,0x10
    4a48:	8041                	srli	s0,s0,0x10
    4a4a:	bfd9                	j	4a20 <lfs_fs_traverse_+0x8c>
    4a4c:	8151                	srli	a0,a0,0x14
    4a4e:	03751063          	bne	a0,s7,4a6e <lfs_fs_traverse_+0xda>
    4a52:	4732                	lw	a4,12(sp)
    4a54:	db65                	beqz	a4,4a44 <lfs_fs_traverse_+0xb0>
    4a56:	46a2                	lw	a3,8(sp)
    4a58:	884e                	mv	a6,s3
    4a5a:	87ca                	mv	a5,s2
    4a5c:	8626                	mv	a2,s1
    4a5e:	4581                	li	a1,0
    4a60:	8526                	mv	a0,s1
    4a62:	d21fe0ef          	jal	ra,3782 <lfs_ctz_traverse.part.30>
    4a66:	dd79                	beqz	a0,4a44 <lfs_fs_traverse_+0xb0>
    4a68:	6121                	addi	sp,sp,64
    4a6a:	ed6fb06f          	j	140 <__riscv_restore_10>
    4a6e:	fc0b0be3          	beqz	s6,4a44 <lfs_fs_traverse_+0xb0>
    4a72:	fd8519e3          	bne	a0,s8,4a44 <lfs_fs_traverse_+0xb0>
    4a76:	45a2                	lw	a1,8(sp)
    4a78:	854e                	mv	a0,s3
    4a7a:	9902                	jalr	s2
    4a7c:	f575                	bnez	a0,4a68 <lfs_fs_traverse_+0xd4>
    4a7e:	45b2                	lw	a1,12(sp)
    4a80:	854e                	mv	a0,s3
    4a82:	9902                	jalr	s2
    4a84:	b7cd                	j	4a66 <lfs_fs_traverse_+0xd2>
    4a86:	207c                	lbu	a5,6(s0)
    4a88:	01478463          	beq	a5,s4,4a90 <lfs_fs_traverse_+0xfc>
    4a8c:	4000                	lw	s0,0(s0)
    4a8e:	bfa1                	j	49e6 <lfs_fs_traverse_+0x52>
    4a90:	581c                	lw	a5,48(s0)
    4a92:	00faf7b3          	and	a5,s5,a5
    4a96:	03678463          	beq	a5,s6,4abe <lfs_fs_traverse_+0x12a>
    4a9a:	581c                	lw	a5,48(s0)
    4a9c:	00fbf7b3          	and	a5,s7,a5
    4aa0:	ff8796e3          	bne	a5,s8,4a8c <lfs_fs_traverse_+0xf8>
    4aa4:	5858                	lw	a4,52(s0)
    4aa6:	d37d                	beqz	a4,4a8c <lfs_fs_traverse_+0xf8>
    4aa8:	5c14                	lw	a3,56(s0)
    4aaa:	884e                	mv	a6,s3
    4aac:	87ca                	mv	a5,s2
    4aae:	8626                	mv	a2,s1
    4ab0:	04040593          	addi	a1,s0,64
    4ab4:	8526                	mv	a0,s1
    4ab6:	ccdfe0ef          	jal	ra,3782 <lfs_ctz_traverse.part.30>
    4aba:	d969                	beqz	a0,4a8c <lfs_fs_traverse_+0xf8>
    4abc:	b775                	j	4a68 <lfs_fs_traverse_+0xd4>
    4abe:	5458                	lw	a4,44(s0)
    4ac0:	df69                	beqz	a4,4a9a <lfs_fs_traverse_+0x106>
    4ac2:	5414                	lw	a3,40(s0)
    4ac4:	884e                	mv	a6,s3
    4ac6:	87ca                	mv	a5,s2
    4ac8:	8626                	mv	a2,s1
    4aca:	04040593          	addi	a1,s0,64
    4ace:	8526                	mv	a0,s1
    4ad0:	cb3fe0ef          	jal	ra,3782 <lfs_ctz_traverse.part.30>
    4ad4:	d179                	beqz	a0,4a9a <lfs_fs_traverse_+0x106>
    4ad6:	bf49                	j	4a68 <lfs_fs_traverse_+0xd4>
    4ad8:	fac00513          	li	a0,-84
    4adc:	b771                	j	4a68 <lfs_fs_traverse_+0xd4>

00004ade <lfs_alloc_scan>:
    4ade:	e52fb2ef          	jal	t0,130 <__riscv_save_0>
    4ae2:	4d78                	lw	a4,92(a0)
    4ae4:	497c                	lw	a5,84(a0)
    4ae6:	04052e23          	sw	zero,92(a0)
    4aea:	842a                	mv	s0,a0
    4aec:	97ba                	add	a5,a5,a4
    4aee:	5578                	lw	a4,108(a0)
    4af0:	02e7f7b3          	remu	a5,a5,a4
    4af4:	5138                	lw	a4,96(a0)
    4af6:	c97c                	sw	a5,84(a0)
    4af8:	553c                	lw	a5,104(a0)
    4afa:	57d0                	lw	a2,44(a5)
    4afc:	00361793          	slli	a5,a2,0x3
    4b00:	00f77363          	bgeu	a4,a5,4b06 <lfs_alloc_scan+0x28>
    4b04:	87ba                	mv	a5,a4
    4b06:	5068                	lw	a0,100(s0)
    4b08:	4581                	li	a1,0
    4b0a:	cc3c                	sw	a5,88(s0)
    4b0c:	e54fb0ef          	jal	ra,160 <memset>
    4b10:	000035b7          	lui	a1,0x3
    4b14:	4685                	li	a3,1
    4b16:	8622                	mv	a2,s0
    4b18:	d7258593          	addi	a1,a1,-654 # 2d72 <lfs_alloc_lookahead>
    4b1c:	8522                	mv	a0,s0
    4b1e:	e77ff0ef          	jal	ra,4994 <lfs_fs_traverse_>
    4b22:	c519                	beqz	a0,4b30 <lfs_alloc_scan+0x52>
    4b24:	547c                	lw	a5,108(s0)
    4b26:	04042c23          	sw	zero,88(s0)
    4b2a:	04042e23          	sw	zero,92(s0)
    4b2e:	d03c                	sw	a5,96(s0)
    4b30:	e24fb06f          	j	154 <__riscv_restore_0>

00004b34 <lfs_alloc>:
    4b34:	dfcfb2ef          	jal	t0,130 <__riscv_save_0>
    4b38:	1141                	addi	sp,sp,-16
    4b3a:	842a                	mv	s0,a0
    4b3c:	4c38                	lw	a4,88(s0)
    4b3e:	4c74                	lw	a3,92(s0)
    4b40:	02e6ed63          	bltu	a3,a4,4b7a <lfs_alloc+0x46>
    4b44:	503c                	lw	a5,96(s0)
    4b46:	e7c9                	bnez	a5,4bd0 <lfs_alloc+0x9c>
    4b48:	487c                	lw	a5,84(s0)
    4b4a:	0000b737          	lui	a4,0xb
    4b4e:	0000a5b7          	lui	a1,0xa
    4b52:	96be                	add	a3,a3,a5
    4b54:	547c                	lw	a5,108(s0)
    4b56:	0000a537          	lui	a0,0xa
    4b5a:	d0470713          	addi	a4,a4,-764 # ad04 <defaults.4606+0xcac>
    4b5e:	02f6f6b3          	remu	a3,a3,a5
    4b62:	2c000613          	li	a2,704
    4b66:	14058593          	addi	a1,a1,320 # a140 <defaults.4606+0xe8>
    4b6a:	06450513          	addi	a0,a0,100 # a064 <defaults.4606+0xc>
    4b6e:	6c8040ef          	jal	ra,9236 <iprintf>
    4b72:	5511                	li	a0,-28
    4b74:	0141                	addi	sp,sp,16
    4b76:	ddefb06f          	j	154 <__riscv_restore_0>
    4b7a:	5070                	lw	a2,100(s0)
    4b7c:	0036d793          	srli	a5,a3,0x3
    4b80:	0076f513          	andi	a0,a3,7
    4b84:	97b2                	add	a5,a5,a2
    4b86:	239c                	lbu	a5,0(a5)
    4b88:	00a7d7b3          	srl	a5,a5,a0
    4b8c:	8b85                	andi	a5,a5,1
    4b8e:	eb9d                	bnez	a5,4bc4 <lfs_alloc+0x90>
    4b90:	487c                	lw	a5,84(s0)
    4b92:	96be                	add	a3,a3,a5
    4b94:	547c                	lw	a5,108(s0)
    4b96:	02f6f6b3          	remu	a3,a3,a5
    4b9a:	c194                	sw	a3,0(a1)
    4b9c:	4c34                	lw	a3,88(s0)
    4b9e:	4c7c                	lw	a5,92(s0)
    4ba0:	5038                	lw	a4,96(s0)
    4ba2:	0785                	addi	a5,a5,1
    4ba4:	177d                	addi	a4,a4,-1
    4ba6:	cc7c                	sw	a5,92(s0)
    4ba8:	d038                	sw	a4,96(s0)
    4baa:	00d7fb63          	bgeu	a5,a3,4bc0 <lfs_alloc+0x8c>
    4bae:	0037d713          	srli	a4,a5,0x3
    4bb2:	9732                	add	a4,a4,a2
    4bb4:	2318                	lbu	a4,0(a4)
    4bb6:	8b9d                	andi	a5,a5,7
    4bb8:	00f757b3          	srl	a5,a4,a5
    4bbc:	8b85                	andi	a5,a5,1
    4bbe:	f3e5                	bnez	a5,4b9e <lfs_alloc+0x6a>
    4bc0:	4501                	li	a0,0
    4bc2:	bf4d                	j	4b74 <lfs_alloc+0x40>
    4bc4:	503c                	lw	a5,96(s0)
    4bc6:	0685                	addi	a3,a3,1
    4bc8:	cc74                	sw	a3,92(s0)
    4bca:	17fd                	addi	a5,a5,-1
    4bcc:	d03c                	sw	a5,96(s0)
    4bce:	bf85                	j	4b3e <lfs_alloc+0xa>
    4bd0:	8522                	mv	a0,s0
    4bd2:	c62e                	sw	a1,12(sp)
    4bd4:	f0bff0ef          	jal	ra,4ade <lfs_alloc_scan>
    4bd8:	45b2                	lw	a1,12(sp)
    4bda:	d12d                	beqz	a0,4b3c <lfs_alloc+0x8>
    4bdc:	bf61                	j	4b74 <lfs_alloc+0x40>

00004bde <lfs_dir_alloc.part.34>:
    4bde:	d52fb2ef          	jal	t0,130 <__riscv_save_0>
    4be2:	842e                	mv	s0,a1
    4be4:	0591                	addi	a1,a1,4
    4be6:	892a                	mv	s2,a0
    4be8:	f4dff0ef          	jal	ra,4b34 <lfs_alloc>
    4bec:	84aa                	mv	s1,a0
    4bee:	e12d                	bnez	a0,4c50 <lfs_dir_alloc.part.34+0x72>
    4bf0:	85a2                	mv	a1,s0
    4bf2:	854a                	mv	a0,s2
    4bf4:	f41ff0ef          	jal	ra,4b34 <lfs_alloc>
    4bf8:	84aa                	mv	s1,a0
    4bfa:	e939                	bnez	a0,4c50 <lfs_dir_alloc.part.34+0x72>
    4bfc:	4018                	lw	a4,0(s0)
    4bfe:	00042423          	sw	zero,8(s0)
    4c02:	4891                	li	a7,4
    4c04:	00840813          	addi	a6,s0,8
    4c08:	4781                	li	a5,0
    4c0a:	4691                	li	a3,4
    4c0c:	864a                	mv	a2,s2
    4c0e:	4581                	li	a1,0
    4c10:	854a                	mv	a0,s2
    4c12:	a36fe0ef          	jal	ra,2e48 <lfs_bd_read>
    4c16:	c509                	beqz	a0,4c20 <lfs_dir_alloc.part.34+0x42>
    4c18:	fac00793          	li	a5,-84
    4c1c:	02f51d63          	bne	a0,a5,4c56 <lfs_dir_alloc.part.34+0x78>
    4c20:	06892783          	lw	a5,104(s2)
    4c24:	53dc                	lw	a5,36(a5)
    4c26:	00f05d63          	blez	a5,4c40 <lfs_dir_alloc.part.34+0x62>
    4c2a:	4418                	lw	a4,8(s0)
    4c2c:	0785                	addi	a5,a5,1
    4c2e:	0017e793          	ori	a5,a5,1
    4c32:	177d                	addi	a4,a4,-1
    4c34:	973e                	add	a4,a4,a5
    4c36:	02f777b3          	remu	a5,a4,a5
    4c3a:	40f707b3          	sub	a5,a4,a5
    4c3e:	c41c                	sw	a5,8(s0)
    4c40:	4791                	li	a5,4
    4c42:	c45c                	sw	a5,12(s0)
    4c44:	57fd                	li	a5,-1
    4c46:	c81c                	sw	a5,16(s0)
    4c48:	00042a23          	sw	zero,20(s0)
    4c4c:	cc1c                	sw	a5,24(s0)
    4c4e:	cc5c                	sw	a5,28(s0)
    4c50:	8526                	mv	a0,s1
    4c52:	d02fb06f          	j	154 <__riscv_restore_0>
    4c56:	84aa                	mv	s1,a0
    4c58:	bfe5                	j	4c50 <lfs_dir_alloc.part.34+0x72>

00004c5a <lfs_file_relocate>:
    4c5a:	caefb2ef          	jal	t0,108 <__riscv_save_10>
    4c5e:	1141                	addi	sp,sp,-16
    4c60:	842a                	mv	s0,a0
    4c62:	84ae                	mv	s1,a1
    4c64:	04058a13          	addi	s4,a1,64
    4c68:	00858a93          	addi	s5,a1,8
    4c6c:	01050b13          	addi	s6,a0,16
    4c70:	006c                	addi	a1,sp,12
    4c72:	8522                	mv	a0,s0
    4c74:	ec1ff0ef          	jal	ra,4b34 <lfs_alloc>
    4c78:	89aa                	mv	s3,a0
    4c7a:	e919                	bnez	a0,4c90 <lfs_file_relocate+0x36>
    4c7c:	45b2                	lw	a1,12(sp)
    4c7e:	8522                	mv	a0,s0
    4c80:	e28fe0ef          	jal	ra,32a8 <lfs_bd_erase>
    4c84:	89aa                	mv	s3,a0
    4c86:	c169                	beqz	a0,4d48 <lfs_file_relocate+0xee>
    4c88:	fac00793          	li	a5,-84
    4c8c:	0cf50263          	beq	a0,a5,4d50 <lfs_file_relocate+0xf6>
    4c90:	854e                	mv	a0,s3
    4c92:	0141                	addi	sp,sp,16
    4c94:	cacfb06f          	j	140 <__riscv_restore_10>
    4c98:	589c                	lw	a5,48(s1)
    4c9a:	412686b3          	sub	a3,a3,s2
    4c9e:	00b79713          	slli	a4,a5,0xb
    4ca2:	04075863          	bgez	a4,4cf2 <lfs_file_relocate+0x98>
    4ca6:	5430                	lw	a2,104(s0)
    4ca8:	20da                	lhu	a4,4(s1)
    4caa:	00190793          	addi	a5,s2,1
    4cae:	4e50                	lw	a2,28(a2)
    4cb0:	072a                	slli	a4,a4,0xa
    4cb2:	01776733          	or	a4,a4,s7
    4cb6:	08f66663          	bltu	a2,a5,4d42 <lfs_file_relocate+0xe8>
    4cba:	4885                	li	a7,1
    4cbc:	00b10813          	addi	a6,sp,11
    4cc0:	87ca                	mv	a5,s2
    4cc2:	8652                	mv	a2,s4
    4cc4:	85d6                	mv	a1,s5
    4cc6:	8522                	mv	a0,s0
    4cc8:	bc9fe0ef          	jal	ra,3890 <lfs_dir_getread.part.31.constprop.43>
    4ccc:	e10d                	bnez	a0,4cee <lfs_file_relocate+0x94>
    4cce:	4732                	lw	a4,12(sp)
    4cd0:	4885                	li	a7,1
    4cd2:	00b10813          	addi	a6,sp,11
    4cd6:	87ca                	mv	a5,s2
    4cd8:	4685                	li	a3,1
    4cda:	8622                	mv	a2,s0
    4cdc:	85da                	mv	a1,s6
    4cde:	8522                	mv	a0,s0
    4ce0:	882ff0ef          	jal	ra,3d62 <lfs_bd_prog>
    4ce4:	c115                	beqz	a0,4d08 <lfs_file_relocate+0xae>
    4ce6:	fac00793          	li	a5,-84
    4cea:	06f50363          	beq	a0,a5,4d50 <lfs_file_relocate+0xf6>
    4cee:	89aa                	mv	s3,a0
    4cf0:	b745                	j	4c90 <lfs_file_relocate+0x36>
    4cf2:	5c98                	lw	a4,56(s1)
    4cf4:	4885                	li	a7,1
    4cf6:	00b10813          	addi	a6,sp,11
    4cfa:	87ca                	mv	a5,s2
    4cfc:	8622                	mv	a2,s0
    4cfe:	85d2                	mv	a1,s4
    4d00:	8522                	mv	a0,s0
    4d02:	946fe0ef          	jal	ra,2e48 <lfs_bd_read>
    4d06:	b7d9                	j	4ccc <lfs_file_relocate+0x72>
    4d08:	0905                	addi	s2,s2,1
    4d0a:	5cd4                	lw	a3,60(s1)
    4d0c:	f8d966e3          	bltu	s2,a3,4c98 <lfs_file_relocate+0x3e>
    4d10:	543c                	lw	a5,104(s0)
    4d12:	4c4c                	lw	a1,28(s0)
    4d14:	44e8                	lw	a0,76(s1)
    4d16:	5790                	lw	a2,40(a5)
    4d18:	445030ef          	jal	ra,895c <memcpy>
    4d1c:	481c                	lw	a5,16(s0)
    4d1e:	5428                	lw	a0,104(s0)
    4d20:	01040593          	addi	a1,s0,16
    4d24:	c0bc                	sw	a5,64(s1)
    4d26:	485c                	lw	a5,20(s0)
    4d28:	c0fc                	sw	a5,68(s1)
    4d2a:	4c1c                	lw	a5,24(s0)
    4d2c:	c4bc                	sw	a5,72(s1)
    4d2e:	e30fe0ef          	jal	ra,335e <lfs_cache_zero.isra.27>
    4d32:	47b2                	lw	a5,12(sp)
    4d34:	00020737          	lui	a4,0x20
    4d38:	dc9c                	sw	a5,56(s1)
    4d3a:	589c                	lw	a5,48(s1)
    4d3c:	8fd9                	or	a5,a5,a4
    4d3e:	d89c                	sw	a5,48(s1)
    4d40:	bf81                	j	4c90 <lfs_file_relocate+0x36>
    4d42:	fac00513          	li	a0,-84
    4d46:	b765                	j	4cee <lfs_file_relocate+0x94>
    4d48:	4901                	li	s2,0
    4d4a:	20100bb7          	lui	s7,0x20100
    4d4e:	bf75                	j	4d0a <lfs_file_relocate+0xb0>
    4d50:	46b2                	lw	a3,12(sp)
    4d52:	0000b737          	lui	a4,0xb
    4d56:	6605                	lui	a2,0x1
    4d58:	0000a5b7          	lui	a1,0xa
    4d5c:	0000a537          	lui	a0,0xa
    4d60:	d0470713          	addi	a4,a4,-764 # ad04 <defaults.4606+0xcac>
    4d64:	d0060613          	addi	a2,a2,-768 # d00 <run+0x86>
    4d68:	14058593          	addi	a1,a1,320 # a140 <defaults.4606+0xe8>
    4d6c:	45850513          	addi	a0,a0,1112 # a458 <defaults.4606+0x400>
    4d70:	4c6040ef          	jal	ra,9236 <iprintf>
    4d74:	57fd                	li	a5,-1
    4d76:	c81c                	sw	a5,16(s0)
    4d78:	bde5                	j	4c70 <lfs_file_relocate+0x16>

00004d7a <lfs_dir_compact>:
    4d7a:	b8efb2ef          	jal	t0,108 <__riscv_save_10>
    4d7e:	89be                	mv	s3,a5
    4d80:	553c                	lw	a5,104(a0)
    4d82:	8bba                	mv	s7,a4
    4d84:	4598                	lw	a4,8(a1)
    4d86:	53dc                	lw	a5,36(a5)
    4d88:	711d                	addi	sp,sp,-96
    4d8a:	842a                	mv	s0,a0
    4d8c:	84ae                	mv	s1,a1
    4d8e:	8ab2                	mv	s5,a2
    4d90:	8b36                	mv	s6,a3
    4d92:	8a42                	mv	s4,a6
    4d94:	0705                	addi	a4,a4,1
    4d96:	06f04063          	bgtz	a5,4df6 <lfs_dir_compact+0x7c>
    4d9a:	c598                	sw	a4,8(a1)
    4d9c:	4901                	li	s2,0
    4d9e:	4c01                	li	s8,0
    4da0:	5438                	lw	a4,104(s0)
    4da2:	57fd                	li	a5,-1
    4da4:	40cc                	lw	a1,4(s1)
    4da6:	c8be                	sw	a5,80(sp)
    4da8:	cabe                	sw	a5,84(sp)
    4daa:	477c                	lw	a5,76(a4)
    4dac:	c4ae                	sw	a1,72(sp)
    4dae:	c682                	sw	zero,76(sp)
    4db0:	cc82                	sw	zero,88(sp)
    4db2:	c7bd                	beqz	a5,4e20 <lfs_dir_compact+0xa6>
    4db4:	17e1                	addi	a5,a5,-8
    4db6:	8522                	mv	a0,s0
    4db8:	cebe                	sw	a5,92(sp)
    4dba:	ceefe0ef          	jal	ra,32a8 <lfs_bd_erase>
    4dbe:	c13d                	beqz	a0,4e24 <lfs_dir_compact+0xaa>
    4dc0:	fac00793          	li	a5,-84
    4dc4:	1af51163          	bne	a0,a5,4f66 <lfs_dir_compact+0x1ec>
    4dc8:	57fd                	li	a5,-1
    4dca:	c81c                	sw	a5,16(s0)
    4dcc:	1a091363          	bnez	s2,4f72 <lfs_dir_compact+0x1f8>
    4dd0:	40d4                	lw	a3,4(s1)
    4dd2:	0000b737          	lui	a4,0xb
    4dd6:	6605                	lui	a2,0x1
    4dd8:	0000a5b7          	lui	a1,0xa
    4ddc:	0000a537          	lui	a0,0xa
    4de0:	d0470713          	addi	a4,a4,-764 # ad04 <defaults.4606+0xcac>
    4de4:	83460613          	addi	a2,a2,-1996 # 834 <__stack_size+0x34>
    4de8:	14058593          	addi	a1,a1,320 # a140 <defaults.4606+0xe8>
    4dec:	45850513          	addi	a0,a0,1112 # a458 <defaults.4606+0x400>
    4df0:	446040ef          	jal	ra,9236 <iprintf>
    4df4:	aabd                	j	4f72 <lfs_dir_compact+0x1f8>
    4df6:	0785                	addi	a5,a5,1
    4df8:	0017e793          	ori	a5,a5,1
    4dfc:	02f777b3          	remu	a5,a4,a5
    4e00:	c598                	sw	a4,8(a1)
    4e02:	ffc9                	bnez	a5,4d9c <lfs_dir_compact+0x22>
    4e04:	4785                	li	a5,1
    4e06:	104c                	addi	a1,sp,36
    4e08:	8526                	mv	a0,s1
    4e0a:	d202                	sw	zero,36(sp)
    4e0c:	d43e                	sw	a5,40(sp)
    4e0e:	ecbfd0ef          	jal	ra,2cd8 <lfs_pair_cmp>
    4e12:	14051d63          	bnez	a0,4f6c <lfs_dir_compact+0x1f2>
    4e16:	4905                	li	s2,1
    4e18:	b759                	j	4d9e <lfs_dir_compact+0x24>
    4e1a:	4901                	li	s2,0
    4e1c:	4c05                	li	s8,1
    4e1e:	b749                	j	4da0 <lfs_dir_compact+0x26>
    4e20:	4f5c                	lw	a5,28(a4)
    4e22:	bf49                	j	4db4 <lfs_dir_compact+0x3a>
    4e24:	04810c93          	addi	s9,sp,72
    4e28:	4691                	li	a3,4
    4e2a:	00848613          	addi	a2,s1,8 # 20000008 <_data_vma+0x8>
    4e2e:	85e6                	mv	a1,s9
    4e30:	8522                	mv	a0,s0
    4e32:	830ff0ef          	jal	ra,3e62 <lfs_dir_commitprog>
    4e36:	f549                	bnez	a0,4dc0 <lfs_dir_compact+0x46>
    4e38:	107c                	addi	a5,sp,44
    4e3a:	c63e                	sw	a5,12(sp)
    4e3c:	000047b7          	lui	a5,0x4
    4e40:	f4078793          	addi	a5,a5,-192 # 3f40 <lfs_dir_commit_commit>
    4e44:	c43e                	sw	a5,8(sp)
    4e46:	413007b3          	neg	a5,s3
    4e4a:	07c2                	slli	a5,a5,0x10
    4e4c:	87c1                	srai	a5,a5,0x10
    4e4e:	40100837          	lui	a6,0x40100
    4e52:	c23e                	sw	a5,4(sp)
    4e54:	c052                	sw	s4,0(sp)
    4e56:	88ce                	mv	a7,s3
    4e58:	c0080813          	addi	a6,a6,-1024 # 400ffc00 <_eusrstack+0x200fac00>
    4e5c:	87da                	mv	a5,s6
    4e5e:	8756                	mv	a4,s5
    4e60:	56fd                	li	a3,-1
    4e62:	4601                	li	a2,0
    4e64:	85de                	mv	a1,s7
    4e66:	8522                	mv	a0,s0
    4e68:	d622                	sw	s0,44(sp)
    4e6a:	d866                	sw	s9,48(sp)
    4e6c:	ad1fe0ef          	jal	ra,393c <lfs_dir_traverse.constprop.45>
    4e70:	f921                	bnez	a0,4dc0 <lfs_dir_compact+0x46>
    4e72:	01848693          	addi	a3,s1,24
    4e76:	8536                	mv	a0,a3
    4e78:	ce36                	sw	a3,28(sp)
    4e7a:	e49fd0ef          	jal	ra,2cc2 <lfs_pair_isnull>
    4e7e:	46f2                	lw	a3,28(sp)
    4e80:	ed19                	bnez	a0,4e9e <lfs_dir_compact+0x124>
    4e82:	38fc                	lbu	a5,23(s1)
    4e84:	00100637          	lui	a2,0x100
    4e88:	c0860613          	addi	a2,a2,-1016 # ffc08 <_data_lma+0xf4bbc>
    4e8c:	60078793          	addi	a5,a5,1536
    4e90:	07d2                	slli	a5,a5,0x14
    4e92:	8e5d                	or	a2,a2,a5
    4e94:	85e6                	mv	a1,s9
    4e96:	8522                	mv	a0,s0
    4e98:	804ff0ef          	jal	ra,3e9c <lfs_dir_commitattr>
    4e9c:	f115                	bnez	a0,4dc0 <lfs_dir_compact+0x46>
    4e9e:	de02                	sw	zero,60(sp)
    4ea0:	c082                	sw	zero,64(sp)
    4ea2:	c282                	sw	zero,68(sp)
    4ea4:	000c1c63          	bnez	s8,4ebc <lfs_dir_compact+0x142>
    4ea8:	03c40593          	addi	a1,s0,60
    4eac:	1868                	addi	a0,sp,60
    4eae:	e65fd0ef          	jal	ra,2d12 <lfs_gstate_xor>
    4eb2:	03040593          	addi	a1,s0,48
    4eb6:	1868                	addi	a0,sp,60
    4eb8:	e5bfd0ef          	jal	ra,2d12 <lfs_gstate_xor>
    4ebc:	04840593          	addi	a1,s0,72
    4ec0:	1868                	addi	a0,sp,60
    4ec2:	e51fd0ef          	jal	ra,2d12 <lfs_gstate_xor>
    4ec6:	57f2                	lw	a5,60(sp)
    4ec8:	1870                	addi	a2,sp,60
    4eca:	85a6                	mv	a1,s1
    4ecc:	c007f793          	andi	a5,a5,-1024
    4ed0:	8522                	mv	a0,s0
    4ed2:	de3e                	sw	a5,60(sp)
    4ed4:	aa6fe0ef          	jal	ra,317a <lfs_dir_getgstate>
    4ed8:	e559                	bnez	a0,4f66 <lfs_dir_compact+0x1ec>
    4eda:	1868                	addi	a0,sp,60
    4edc:	e51fd0ef          	jal	ra,2d2c <lfs_gstate_iszero>
    4ee0:	ed01                	bnez	a0,4ef8 <lfs_dir_compact+0x17e>
    4ee2:	80000637          	lui	a2,0x80000
    4ee6:	1874                	addi	a3,sp,60
    4ee8:	c0c64613          	xori	a2,a2,-1012
    4eec:	85e6                	mv	a1,s9
    4eee:	8522                	mv	a0,s0
    4ef0:	fadfe0ef          	jal	ra,3e9c <lfs_dir_commitattr>
    4ef4:	ec0516e3          	bnez	a0,4dc0 <lfs_dir_compact+0x46>
    4ef8:	85e6                	mv	a1,s9
    4efa:	8522                	mv	a0,s0
    4efc:	8f4ff0ef          	jal	ra,3ff0 <lfs_dir_commitcrc>
    4f00:	ec0510e3          	bnez	a0,4dc0 <lfs_dir_compact+0x46>
    4f04:	543c                	lw	a5,104(s0)
    4f06:	4736                	lw	a4,76(sp)
    4f08:	4f9c                	lw	a5,24(a5)
    4f0a:	02f777b3          	remu	a5,a4,a5
    4f0e:	c38d                	beqz	a5,4f30 <lfs_dir_compact+0x1b6>
    4f10:	0000a6b7          	lui	a3,0xa
    4f14:	6629                	lui	a2,0xa
    4f16:	6585                	lui	a1,0x1
    4f18:	0000a537          	lui	a0,0xa
    4f1c:	18868693          	addi	a3,a3,392 # a188 <defaults.4606+0x130>
    4f20:	f1860613          	addi	a2,a2,-232 # 9f18 <__func__.4337>
    4f24:	82258593          	addi	a1,a1,-2014 # 822 <__stack_size+0x22>
    4f28:	14050513          	addi	a0,a0,320 # a140 <defaults.4606+0xe8>
    4f2c:	199030ef          	jal	ra,88c4 <__assert_func>
    4f30:	409c                	lw	a5,0(s1)
    4f32:	40d4                	lw	a3,4(s1)
    4f34:	413a09b3          	sub	s3,s4,s3
    4f38:	c0dc                	sw	a5,4(s1)
    4f3a:	47c6                	lw	a5,80(sp)
    4f3c:	c094                	sw	a3,0(s1)
    4f3e:	01349a23          	sh	s3,20(s1)
    4f42:	c4d8                	sw	a4,12(s1)
    4f44:	c89c                	sw	a5,16(s1)
    4f46:	04042423          	sw	zero,72(s0)
    4f4a:	04042623          	sw	zero,76(s0)
    4f4e:	04042823          	sw	zero,80(s0)
    4f52:	000c1963          	bnez	s8,4f64 <lfs_dir_compact+0x1ea>
    4f56:	4631                	li	a2,12
    4f58:	03040593          	addi	a1,s0,48
    4f5c:	03c40513          	addi	a0,s0,60
    4f60:	1fd030ef          	jal	ra,895c <memcpy>
    4f64:	8562                	mv	a0,s8
    4f66:	6125                	addi	sp,sp,96
    4f68:	9d8fb06f          	j	140 <__riscv_restore_10>
    4f6c:	57fd                	li	a5,-1
    4f6e:	c81c                	sw	a5,16(s0)
    4f70:	4905                	li	s2,1
    4f72:	4785                	li	a5,1
    4f74:	184c                	addi	a1,sp,52
    4f76:	8526                	mv	a0,s1
    4f78:	da02                	sw	zero,52(sp)
    4f7a:	dc3e                	sw	a5,56(sp)
    4f7c:	d5dfd0ef          	jal	ra,2cd8 <lfs_pair_cmp>
    4f80:	e50d                	bnez	a0,4faa <lfs_dir_compact+0x230>
    4f82:	40d4                	lw	a3,4(s1)
    4f84:	0000b737          	lui	a4,0xb
    4f88:	6605                	lui	a2,0x1
    4f8a:	0000a5b7          	lui	a1,0xa
    4f8e:	0000a537          	lui	a0,0xa
    4f92:	d0470713          	addi	a4,a4,-764 # ad04 <defaults.4606+0xcac>
    4f96:	83a60613          	addi	a2,a2,-1990 # 83a <__stack_size+0x3a>
    4f9a:	14058593          	addi	a1,a1,320 # a140 <defaults.4606+0xe8>
    4f9e:	1b050513          	addi	a0,a0,432 # a1b0 <defaults.4606+0x158>
    4fa2:	294040ef          	jal	ra,9236 <iprintf>
    4fa6:	5511                	li	a0,-28
    4fa8:	bf7d                	j	4f66 <lfs_dir_compact+0x1ec>
    4faa:	00448593          	addi	a1,s1,4
    4fae:	8522                	mv	a0,s0
    4fb0:	b85ff0ef          	jal	ra,4b34 <lfs_alloc>
    4fb4:	e60503e3          	beqz	a0,4e1a <lfs_dir_compact+0xa0>
    4fb8:	5791                	li	a5,-28
    4fba:	faf516e3          	bne	a0,a5,4f66 <lfs_dir_compact+0x1ec>
    4fbe:	fa0904e3          	beqz	s2,4f66 <lfs_dir_compact+0x1ec>
    4fc2:	8c4a                	mv	s8,s2
    4fc4:	4901                	li	s2,0
    4fc6:	bbe9                	j	4da0 <lfs_dir_compact+0x26>

00004fc8 <lfs_dir_split>:
    4fc8:	94efb2ef          	jal	t0,116 <__riscv_save_4>
    4fcc:	7179                	addi	sp,sp,-48
    4fce:	842e                	mv	s0,a1
    4fd0:	080c                	addi	a1,sp,16
    4fd2:	84aa                	mv	s1,a0
    4fd4:	c632                	sw	a2,12(sp)
    4fd6:	c436                	sw	a3,8(sp)
    4fd8:	c23a                	sw	a4,4(sp)
    4fda:	8abe                	mv	s5,a5
    4fdc:	c042                	sw	a6,0(sp)
    4fde:	c01ff0ef          	jal	ra,4bde <lfs_dir_alloc.part.34>
    4fe2:	892a                	mv	s2,a0
    4fe4:	e539                	bnez	a0,5032 <lfs_dir_split+0x6a>
    4fe6:	387c                	lbu	a5,23(s0)
    4fe8:	4802                	lw	a6,0(sp)
    4fea:	4712                	lw	a4,4(sp)
    4fec:	02f103a3          	sb	a5,39(sp)
    4ff0:	4c1c                	lw	a5,24(s0)
    4ff2:	46a2                	lw	a3,8(sp)
    4ff4:	4632                	lw	a2,12(sp)
    4ff6:	d43e                	sw	a5,40(sp)
    4ff8:	4c5c                	lw	a5,28(s0)
    4ffa:	080c                	addi	a1,sp,16
    4ffc:	8526                	mv	a0,s1
    4ffe:	d63e                	sw	a5,44(sp)
    5000:	87d6                	mv	a5,s5
    5002:	d79ff0ef          	jal	ra,4d7a <lfs_dir_compact>
    5006:	02054a63          	bltz	a0,503a <lfs_dir_split+0x72>
    500a:	4a42                	lw	s4,16(sp)
    500c:	49d2                	lw	s3,20(sp)
    500e:	4785                	li	a5,1
    5010:	01442c23          	sw	s4,24(s0)
    5014:	01342e23          	sw	s3,28(s0)
    5018:	b87c                	sb	a5,23(s0)
    501a:	02048593          	addi	a1,s1,32
    501e:	8522                	mv	a0,s0
    5020:	cb9fd0ef          	jal	ra,2cd8 <lfs_pair_cmp>
    5024:	e519                	bnez	a0,5032 <lfs_dir_split+0x6a>
    5026:	000a9663          	bnez	s5,5032 <lfs_dir_split+0x6a>
    502a:	0344a023          	sw	s4,32(s1)
    502e:	0334a223          	sw	s3,36(s1)
    5032:	854a                	mv	a0,s2
    5034:	6145                	addi	sp,sp,48
    5036:	914fb06f          	j	14a <__riscv_restore_4>
    503a:	892a                	mv	s2,a0
    503c:	bfdd                	j	5032 <lfs_dir_split+0x6a>

0000503e <lfs_fs_size_>:
    503e:	8f2fb2ef          	jal	t0,130 <__riscv_save_0>
    5042:	1141                	addi	sp,sp,-16
    5044:	000035b7          	lui	a1,0x3
    5048:	4681                	li	a3,0
    504a:	0070                	addi	a2,sp,12
    504c:	e3e58593          	addi	a1,a1,-450 # 2e3e <lfs_fs_size_count>
    5050:	c602                	sw	zero,12(sp)
    5052:	943ff0ef          	jal	ra,4994 <lfs_fs_traverse_>
    5056:	e111                	bnez	a0,505a <lfs_fs_size_+0x1c>
    5058:	4532                	lw	a0,12(sp)
    505a:	0141                	addi	sp,sp,16
    505c:	8f8fb06f          	j	154 <__riscv_restore_0>

00005060 <lfs_dir_relocatingcommit>:
    5060:	8a0fb2ef          	jal	t0,100 <__riscv_save_12>
    5064:	892a                	mv	s2,a0
    5066:	00371513          	slli	a0,a4,0x3
    506a:	8b32                	mv	s6,a2
    506c:	715d                	addi	sp,sp,-80
    506e:	84ae                	mv	s1,a1
    5070:	89b6                	mv	s3,a3
    5072:	8a3a                	mv	s4,a4
    5074:	8636                	mv	a2,a3
    5076:	9536                	add	a0,a0,a3
    5078:	4801                	li	a6,0
    507a:	40100313          	li	t1,1025
    507e:	4ff00e13          	li	t3,1279
    5082:	60000e93          	li	t4,1536
    5086:	28da                	lhu	a4,20(s1)
    5088:	12c51f63          	bne	a0,a2,51c6 <lfs_dir_relocatingcommit+0x166>
    508c:	18081d63          	bnez	a6,5226 <lfs_dir_relocatingcommit+0x1c6>
    5090:	28fc                	lbu	a5,22(s1)
    5092:	1c079d63          	bnez	a5,526c <lfs_dir_relocatingcommit+0x20c>
    5096:	0144db83          	lhu	s7,20(s1)
    509a:	57fd                	li	a5,-1
    509c:	00003c37          	lui	s8,0x3
    50a0:	40100cb7          	lui	s9,0x40100
    50a4:	00f92823          	sw	a5,16(s2)
    50a8:	4d05                	li	s10,1
    50aa:	03810d93          	addi	s11,sp,56
    50ae:	e26c0c13          	addi	s8,s8,-474 # 2e26 <lfs_dir_commit_size>
    50b2:	c00c8c93          	addi	s9,s9,-1024 # 400ffc00 <_eusrstack+0x200fac00>
    50b6:	4a81                	li	s5,0
    50b8:	415b8333          	sub	t1,s7,s5
    50bc:	2e6d6d63          	bltu	s10,t1,53b6 <lfs_dir_relocatingcommit+0x356>
    50c0:	040a8763          	beqz	s5,510e <lfs_dir_relocatingcommit+0xae>
    50c4:	0ac2                	slli	s5,s5,0x10
    50c6:	010ada93          	srli	s5,s5,0x10
    50ca:	885e                	mv	a6,s7
    50cc:	87d6                	mv	a5,s5
    50ce:	8726                	mv	a4,s1
    50d0:	86d2                	mv	a3,s4
    50d2:	864e                	mv	a2,s3
    50d4:	85a6                	mv	a1,s1
    50d6:	854a                	mv	a0,s2
    50d8:	ef1ff0ef          	jal	ra,4fc8 <lfs_dir_split>
    50dc:	842a                	mv	s0,a0
    50de:	2c050a63          	beqz	a0,53b2 <lfs_dir_relocatingcommit+0x352>
    50e2:	5791                	li	a5,-28
    50e4:	0cf51e63          	bne	a0,a5,51c0 <lfs_dir_relocatingcommit+0x160>
    50e8:	40d8                	lw	a4,4(s1)
    50ea:	4094                	lw	a3,0(s1)
    50ec:	0000b7b7          	lui	a5,0xb
    50f0:	6605                	lui	a2,0x1
    50f2:	0000a5b7          	lui	a1,0xa
    50f6:	0000a537          	lui	a0,0xa
    50fa:	d0478793          	addi	a5,a5,-764 # ad04 <defaults.4606+0xcac>
    50fe:	88e60613          	addi	a2,a2,-1906 # 88e <__stack_size+0x8e>
    5102:	14058593          	addi	a1,a1,320 # a140 <defaults.4606+0xe8>
    5106:	32450513          	addi	a0,a0,804 # a324 <defaults.4606+0x2cc>
    510a:	12c040ef          	jal	ra,9236 <iprintf>
    510e:	06892783          	lw	a5,104(s2)
    5112:	53dc                	lw	a5,36(a5)
    5114:	08f05c63          	blez	a5,51ac <lfs_dir_relocatingcommit+0x14c>
    5118:	4498                	lw	a4,8(s1)
    511a:	0785                	addi	a5,a5,1
    511c:	0017e793          	ori	a5,a5,1
    5120:	0705                	addi	a4,a4,1
    5122:	02f777b3          	remu	a5,a4,a5
    5126:	e3d9                	bnez	a5,51ac <lfs_dir_relocatingcommit+0x14c>
    5128:	4785                	li	a5,1
    512a:	182c                	addi	a1,sp,56
    512c:	8526                	mv	a0,s1
    512e:	dc02                	sw	zero,56(sp)
    5130:	de3e                	sw	a5,60(sp)
    5132:	ba7fd0ef          	jal	ra,2cd8 <lfs_pair_cmp>
    5136:	e93d                	bnez	a0,51ac <lfs_dir_relocatingcommit+0x14c>
    5138:	854a                	mv	a0,s2
    513a:	f05ff0ef          	jal	ra,503e <lfs_fs_size_>
    513e:	842a                	mv	s0,a0
    5140:	10054d63          	bltz	a0,525a <lfs_dir_relocatingcommit+0x1fa>
    5144:	06c92783          	lw	a5,108(s2)
    5148:	40a78433          	sub	s0,a5,a0
    514c:	838d                	srli	a5,a5,0x3
    514e:	0487ff63          	bgeu	a5,s0,51ac <lfs_dir_relocatingcommit+0x14c>
    5152:	4494                	lw	a3,8(s1)
    5154:	0000bcb7          	lui	s9,0xb
    5158:	6c05                	lui	s8,0x1
    515a:	0000aab7          	lui	s5,0xa
    515e:	0000a537          	lui	a0,0xa
    5162:	d04c8713          	addi	a4,s9,-764 # ad04 <defaults.4606+0xcac>
    5166:	8a3c0613          	addi	a2,s8,-1885 # 8a3 <__stack_size+0xa3>
    516a:	140a8593          	addi	a1,s5,320 # a140 <defaults.4606+0xe8>
    516e:	35450513          	addi	a0,a0,852 # a354 <defaults.4606+0x2fc>
    5172:	0c4040ef          	jal	ra,9236 <iprintf>
    5176:	885e                	mv	a6,s7
    5178:	4781                	li	a5,0
    517a:	8726                	mv	a4,s1
    517c:	86d2                	mv	a3,s4
    517e:	864e                	mv	a2,s3
    5180:	85a6                	mv	a1,s1
    5182:	854a                	mv	a0,s2
    5184:	e45ff0ef          	jal	ra,4fc8 <lfs_dir_split>
    5188:	842a                	mv	s0,a0
    518a:	28050f63          	beqz	a0,5428 <lfs_dir_relocatingcommit+0x3c8>
    518e:	5791                	li	a5,-28
    5190:	02f51863          	bne	a0,a5,51c0 <lfs_dir_relocatingcommit+0x160>
    5194:	0000a537          	lui	a0,0xa
    5198:	d04c8693          	addi	a3,s9,-764
    519c:	8adc0613          	addi	a2,s8,-1875
    51a0:	140a8593          	addi	a1,s5,320
    51a4:	38450513          	addi	a0,a0,900 # a384 <defaults.4606+0x32c>
    51a8:	08e040ef          	jal	ra,9236 <iprintf>
    51ac:	885e                	mv	a6,s7
    51ae:	4781                	li	a5,0
    51b0:	8726                	mv	a4,s1
    51b2:	86d2                	mv	a3,s4
    51b4:	864e                	mv	a2,s3
    51b6:	85a6                	mv	a1,s1
    51b8:	854a                	mv	a0,s2
    51ba:	bc1ff0ef          	jal	ra,4d7a <lfs_dir_compact>
    51be:	842a                	mv	s0,a0
    51c0:	1a045f63          	bgez	s0,537e <lfs_dir_relocatingcommit+0x31e>
    51c4:	a859                	j	525a <lfs_dir_relocatingcommit+0x1fa>
    51c6:	4214                	lw	a3,0(a2)
    51c8:	82d1                	srli	a3,a3,0x14
    51ca:	01069593          	slli	a1,a3,0x10
    51ce:	81c1                	srli	a1,a1,0x10
    51d0:	7ff5f893          	andi	a7,a1,2047
    51d4:	00689663          	bne	a7,t1,51e0 <lfs_dir_relocatingcommit+0x180>
    51d8:	0705                	addi	a4,a4,1
    51da:	a8da                	sh	a4,20(s1)
    51dc:	0621                	addi	a2,a2,8
    51de:	b565                	j	5086 <lfs_dir_relocatingcommit+0x26>
    51e0:	03c89763          	bne	a7,t3,520e <lfs_dir_relocatingcommit+0x1ae>
    51e4:	e30d                	bnez	a4,5206 <lfs_dir_relocatingcommit+0x1a6>
    51e6:	0000a6b7          	lui	a3,0xa
    51ea:	6629                	lui	a2,0xa
    51ec:	6585                	lui	a1,0x1
    51ee:	30c68693          	addi	a3,a3,780 # a30c <defaults.4606+0x2b4>
    51f2:	f2860613          	addi	a2,a2,-216 # 9f28 <__func__.4377>
    51f6:	8c658593          	addi	a1,a1,-1850 # 8c6 <__stack_size+0xc6>
    51fa:	0000a537          	lui	a0,0xa
    51fe:	14050513          	addi	a0,a0,320 # a140 <defaults.4606+0xe8>
    5202:	6c2030ef          	jal	ra,88c4 <__assert_func>
    5206:	177d                	addi	a4,a4,-1
    5208:	a8da                	sh	a4,20(s1)
    520a:	4805                	li	a6,1
    520c:	bfc1                	j	51dc <lfs_dir_relocatingcommit+0x17c>
    520e:	7005f593          	andi	a1,a1,1792
    5212:	fdd595e3          	bne	a1,t4,51dc <lfs_dir_relocatingcommit+0x17c>
    5216:	4258                	lw	a4,4(a2)
    5218:	8a85                	andi	a3,a3,1
    521a:	430c                	lw	a1,0(a4)
    521c:	cc8c                	sw	a1,24(s1)
    521e:	4358                	lw	a4,4(a4)
    5220:	b8f4                	sb	a3,23(s1)
    5222:	ccd8                	sw	a4,28(s1)
    5224:	bf65                	j	51dc <lfs_dir_relocatingcommit+0x17c>
    5226:	e60715e3          	bnez	a4,5090 <lfs_dir_relocatingcommit+0x30>
    522a:	ef81                	bnez	a5,5242 <lfs_dir_relocatingcommit+0x1e2>
    522c:	0000a6b7          	lui	a3,0xa
    5230:	6629                	lui	a2,0xa
    5232:	6585                	lui	a1,0x1
    5234:	31c68693          	addi	a3,a3,796 # a31c <defaults.4606+0x2c4>
    5238:	f2860613          	addi	a2,a2,-216 # 9f28 <__func__.4377>
    523c:	8d358593          	addi	a1,a1,-1837 # 8d3 <__stack_size+0xd3>
    5240:	bf6d                	j	51fa <lfs_dir_relocatingcommit+0x19a>
    5242:	863e                	mv	a2,a5
    5244:	85a6                	mv	a1,s1
    5246:	854a                	mv	a0,s2
    5248:	cc3e                	sw	a5,24(sp)
    524a:	dfaff0ef          	jal	ra,4844 <lfs_fs_pred>
    524e:	842a                	mv	s0,a0
    5250:	47e2                	lw	a5,24(sp)
    5252:	c901                	beqz	a0,5262 <lfs_dir_relocatingcommit+0x202>
    5254:	57f9                	li	a5,-2
    5256:	e2f50de3          	beq	a0,a5,5090 <lfs_dir_relocatingcommit+0x30>
    525a:	8522                	mv	a0,s0
    525c:	6161                	addi	sp,sp,80
    525e:	edffa06f          	j	13c <__riscv_restore_12>
    5262:	3bfc                	lbu	a5,23(a5)
    5264:	e20786e3          	beqz	a5,5090 <lfs_dir_relocatingcommit+0x30>
    5268:	4409                	li	s0,2
    526a:	aa11                	j	537e <lfs_dir_relocatingcommit+0x31e>
    526c:	28da                	lhu	a4,20(s1)
    526e:	0fe00793          	li	a5,254
    5272:	e2e7e2e3          	bltu	a5,a4,5096 <lfs_dir_relocatingcommit+0x36>
    5276:	409c                	lw	a5,0(s1)
    5278:	06892703          	lw	a4,104(s2)
    527c:	44d0                	lw	a2,12(s1)
    527e:	dc3e                	sw	a5,56(sp)
    5280:	4894                	lw	a3,16(s1)
    5282:	57fd                	li	a5,-1
    5284:	c2be                	sw	a5,68(sp)
    5286:	477c                	lw	a5,76(a4)
    5288:	de32                	sw	a2,60(sp)
    528a:	c0b6                	sw	a3,64(sp)
    528c:	c4b2                	sw	a2,72(sp)
    528e:	c3b1                	beqz	a5,52d2 <lfs_dir_relocatingcommit+0x272>
    5290:	17e1                	addi	a5,a5,-8
    5292:	c6be                	sw	a5,76(sp)
    5294:	105c                	addi	a5,sp,36
    5296:	c63e                	sw	a5,12(sp)
    5298:	000047b7          	lui	a5,0x4
    529c:	f4078793          	addi	a5,a5,-192 # 3f40 <lfs_dir_commit_commit>
    52a0:	c43e                	sw	a5,8(sp)
    52a2:	03810a93          	addi	s5,sp,56
    52a6:	c202                	sw	zero,4(sp)
    52a8:	c002                	sw	zero,0(sp)
    52aa:	4881                	li	a7,0
    52ac:	4801                	li	a6,0
    52ae:	87d2                	mv	a5,s4
    52b0:	874e                	mv	a4,s3
    52b2:	85a6                	mv	a1,s1
    52b4:	854a                	mv	a0,s2
    52b6:	d24a                	sw	s2,36(sp)
    52b8:	d456                	sw	s5,40(sp)
    52ba:	e82fe0ef          	jal	ra,393c <lfs_dir_traverse.constprop.45>
    52be:	842a                	mv	s0,a0
    52c0:	c919                	beqz	a0,52d6 <lfs_dir_relocatingcommit+0x276>
    52c2:	5791                	li	a5,-28
    52c4:	dcf409e3          	beq	s0,a5,5096 <lfs_dir_relocatingcommit+0x36>
    52c8:	fac00793          	li	a5,-84
    52cc:	f8f417e3          	bne	s0,a5,525a <lfs_dir_relocatingcommit+0x1fa>
    52d0:	b3d9                	j	5096 <lfs_dir_relocatingcommit+0x36>
    52d2:	4f5c                	lw	a5,28(a4)
    52d4:	bf75                	j	5290 <lfs_dir_relocatingcommit+0x230>
    52d6:	03090c13          	addi	s8,s2,48
    52da:	85e2                	mv	a1,s8
    52dc:	1068                	addi	a0,sp,44
    52de:	d602                	sw	zero,44(sp)
    52e0:	d802                	sw	zero,48(sp)
    52e2:	da02                	sw	zero,52(sp)
    52e4:	03c90b93          	addi	s7,s2,60
    52e8:	a2bfd0ef          	jal	ra,2d12 <lfs_gstate_xor>
    52ec:	85de                	mv	a1,s7
    52ee:	1068                	addi	a0,sp,44
    52f0:	a23fd0ef          	jal	ra,2d12 <lfs_gstate_xor>
    52f4:	1068                	addi	a0,sp,44
    52f6:	04890593          	addi	a1,s2,72
    52fa:	a19fd0ef          	jal	ra,2d12 <lfs_gstate_xor>
    52fe:	57b2                	lw	a5,44(sp)
    5300:	1068                	addi	a0,sp,44
    5302:	c007f793          	andi	a5,a5,-1024
    5306:	d63e                	sw	a5,44(sp)
    5308:	a25fd0ef          	jal	ra,2d2c <lfs_gstate_iszero>
    530c:	e11d                	bnez	a0,5332 <lfs_dir_relocatingcommit+0x2d2>
    530e:	1070                	addi	a2,sp,44
    5310:	85a6                	mv	a1,s1
    5312:	854a                	mv	a0,s2
    5314:	e67fd0ef          	jal	ra,317a <lfs_dir_getgstate>
    5318:	842a                	mv	s0,a0
    531a:	f121                	bnez	a0,525a <lfs_dir_relocatingcommit+0x1fa>
    531c:	80000637          	lui	a2,0x80000
    5320:	1074                	addi	a3,sp,44
    5322:	c0c64613          	xori	a2,a2,-1012
    5326:	85d6                	mv	a1,s5
    5328:	854a                	mv	a0,s2
    532a:	b73fe0ef          	jal	ra,3e9c <lfs_dir_commitattr>
    532e:	842a                	mv	s0,a0
    5330:	f949                	bnez	a0,52c2 <lfs_dir_relocatingcommit+0x262>
    5332:	85d6                	mv	a1,s5
    5334:	854a                	mv	a0,s2
    5336:	cbbfe0ef          	jal	ra,3ff0 <lfs_dir_commitcrc>
    533a:	842a                	mv	s0,a0
    533c:	f159                	bnez	a0,52c2 <lfs_dir_relocatingcommit+0x262>
    533e:	06892783          	lw	a5,104(s2)
    5342:	5772                	lw	a4,60(sp)
    5344:	4f9c                	lw	a5,24(a5)
    5346:	02f777b3          	remu	a5,a4,a5
    534a:	cf81                	beqz	a5,5362 <lfs_dir_relocatingcommit+0x302>
    534c:	0000a6b7          	lui	a3,0xa
    5350:	6629                	lui	a2,0xa
    5352:	6585                	lui	a1,0x1
    5354:	18868693          	addi	a3,a3,392 # a188 <defaults.4606+0x130>
    5358:	f2860613          	addi	a2,a2,-216 # 9f28 <__func__.4377>
    535c:	91d58593          	addi	a1,a1,-1763 # 91d <__stack_size+0x11d>
    5360:	bd69                	j	51fa <lfs_dir_relocatingcommit+0x19a>
    5362:	4786                	lw	a5,64(sp)
    5364:	c4d8                	sw	a4,12(s1)
    5366:	4631                	li	a2,12
    5368:	c89c                	sw	a5,16(s1)
    536a:	85e2                	mv	a1,s8
    536c:	855e                	mv	a0,s7
    536e:	5ee030ef          	jal	ra,895c <memcpy>
    5372:	04092423          	sw	zero,72(s2)
    5376:	04092623          	sw	zero,76(s2)
    537a:	04092823          	sw	zero,80(s2)
    537e:	000b2783          	lw	a5,0(s6) # 10000 <_data_lma+0x4fb4>
    5382:	02892c83          	lw	s9,40(s2)
    5386:	40100d13          	li	s10,1025
    538a:	d63e                	sw	a5,44(sp)
    538c:	004b2783          	lw	a5,4(s6)
    5390:	4b89                	li	s7,2
    5392:	02090d93          	addi	s11,s2,32
    5396:	d83e                	sw	a5,48(sp)
    5398:	ec0c81e3          	beqz	s9,525a <lfs_dir_relocatingcommit+0x1fa>
    539c:	008c8a93          	addi	s5,s9,8
    53a0:	106c                	addi	a1,sp,44
    53a2:	8556                	mv	a0,s5
    53a4:	935fd0ef          	jal	ra,2cd8 <lfs_pair_cmp>
    53a8:	8c2a                	mv	s8,a0
    53aa:	c149                	beqz	a0,542c <lfs_dir_relocatingcommit+0x3cc>
    53ac:	000cac83          	lw	s9,0(s9)
    53b0:	b7e5                	j	5398 <lfs_dir_relocatingcommit+0x338>
    53b2:	8bd6                	mv	s7,s5
    53b4:	b309                	j	50b6 <lfs_dir_relocatingcommit+0x56>
    53b6:	010a9893          	slli	a7,s5,0x10
    53ba:	0108d893          	srli	a7,a7,0x10
    53be:	411007b3          	neg	a5,a7
    53c2:	07c2                	slli	a5,a5,0x10
    53c4:	87c1                	srai	a5,a5,0x10
    53c6:	c23e                	sw	a5,4(sp)
    53c8:	c66e                	sw	s11,12(sp)
    53ca:	c462                	sw	s8,8(sp)
    53cc:	c05e                	sw	s7,0(sp)
    53ce:	8866                	mv	a6,s9
    53d0:	87d2                	mv	a5,s4
    53d2:	874e                	mv	a4,s3
    53d4:	56fd                	li	a3,-1
    53d6:	4601                	li	a2,0
    53d8:	85a6                	mv	a1,s1
    53da:	854a                	mv	a0,s2
    53dc:	cc1a                	sw	t1,24(sp)
    53de:	dc02                	sw	zero,56(sp)
    53e0:	d5cfe0ef          	jal	ra,393c <lfs_dir_traverse.constprop.45>
    53e4:	842a                	mv	s0,a0
    53e6:	dc051de3          	bnez	a0,51c0 <lfs_dir_relocatingcommit+0x160>
    53ea:	06892783          	lw	a5,104(s2)
    53ee:	4362                	lw	t1,24(sp)
    53f0:	0fe00e13          	li	t3,254
    53f4:	47f8                	lw	a4,76(a5)
    53f6:	e311                	bnez	a4,53fa <lfs_dir_relocatingcommit+0x39a>
    53f8:	4fd8                	lw	a4,28(a5)
    53fa:	026e6363          	bltu	t3,t1,5420 <lfs_dir_relocatingcommit+0x3c0>
    53fe:	4f94                	lw	a3,24(a5)
    5400:	00175613          	srli	a2,a4,0x1
    5404:	fd870713          	addi	a4,a4,-40
    5408:	fff68793          	addi	a5,a3,-1
    540c:	97b2                	add	a5,a5,a2
    540e:	02d7f6b3          	remu	a3,a5,a3
    5412:	8f95                	sub	a5,a5,a3
    5414:	00f77363          	bgeu	a4,a5,541a <lfs_dir_relocatingcommit+0x3ba>
    5418:	87ba                	mv	a5,a4
    541a:	5762                	lw	a4,56(sp)
    541c:	cae7f2e3          	bgeu	a5,a4,50c0 <lfs_dir_relocatingcommit+0x60>
    5420:	00135313          	srli	t1,t1,0x1
    5424:	9a9a                	add	s5,s5,t1
    5426:	b949                	j	50b8 <lfs_dir_relocatingcommit+0x58>
    5428:	4b85                	li	s7,1
    542a:	b349                	j	51ac <lfs_dir_relocatingcommit+0x14c>
    542c:	85a6                	mv	a1,s1
    542e:	02000613          	li	a2,32
    5432:	8556                	mv	a0,s5
    5434:	528030ef          	jal	ra,895c <memcpy>
    5438:	55fd                	li	a1,-1
    543a:	076a9b63          	bne	s5,s6,54b0 <lfs_dir_relocatingcommit+0x450>
    543e:	020c8c13          	addi	s8,s9,32
    5442:	004cd703          	lhu	a4,4(s9)
    5446:	01ccd683          	lhu	a3,28(s9)
    544a:	f6d761e3          	bltu	a4,a3,53ac <lfs_dir_relocatingcommit+0x34c>
    544e:	01fcc603          	lbu	a2,31(s9)
    5452:	de29                	beqz	a2,53ac <lfs_dir_relocatingcommit+0x34c>
    5454:	85ee                	mv	a1,s11
    5456:	8562                	mv	a0,s8
    5458:	ce36                	sw	a3,28(sp)
    545a:	cc3a                	sw	a4,24(sp)
    545c:	87dfd0ef          	jal	ra,2cd8 <lfs_pair_cmp>
    5460:	c511                	beqz	a0,546c <lfs_dir_relocatingcommit+0x40c>
    5462:	4762                	lw	a4,24(sp)
    5464:	46f2                	lw	a3,28(sp)
    5466:	8f15                	sub	a4,a4,a3
    5468:	00ec9223          	sh	a4,4(s9)
    546c:	8662                	mv	a2,s8
    546e:	85d6                	mv	a1,s5
    5470:	854a                	mv	a0,s2
    5472:	92cff0ef          	jal	ra,459e <lfs_dir_fetch>
    5476:	d571                	beqz	a0,5442 <lfs_dir_relocatingcommit+0x3e2>
    5478:	842a                	mv	s0,a0
    547a:	b3c5                	j	525a <lfs_dir_relocatingcommit+0x1fa>
    547c:	003c1713          	slli	a4,s8,0x3
    5480:	974e                	add	a4,a4,s3
    5482:	4318                	lw	a4,0(a4)
    5484:	4ff00793          	li	a5,1279
    5488:	01475613          	srli	a2,a4,0x14
    548c:	7ff67613          	andi	a2,a2,2047
    5490:	04f61463          	bne	a2,a5,54d8 <lfs_dir_relocatingcommit+0x478>
    5494:	8329                	srli	a4,a4,0xa
    5496:	3ff77713          	andi	a4,a4,1023
    549a:	02d71063          	bne	a4,a3,54ba <lfs_dir_relocatingcommit+0x45a>
    549e:	006cc703          	lbu	a4,6(s9)
    54a2:	01770663          	beq	a4,s7,54ae <lfs_dir_relocatingcommit+0x44e>
    54a6:	00bca423          	sw	a1,8(s9)
    54aa:	00bca623          	sw	a1,12(s9)
    54ae:	0c05                	addi	s8,s8,1
    54b0:	004cd683          	lhu	a3,4(s9)
    54b4:	fd4c14e3          	bne	s8,s4,547c <lfs_dir_relocatingcommit+0x41c>
    54b8:	b759                	j	543e <lfs_dir_relocatingcommit+0x3de>
    54ba:	fed77ae3          	bgeu	a4,a3,54ae <lfs_dir_relocatingcommit+0x44e>
    54be:	006cc703          	lbu	a4,6(s9)
    54c2:	16fd                	addi	a3,a3,-1
    54c4:	00dc9223          	sh	a3,4(s9)
    54c8:	ff7713e3          	bne	a4,s7,54ae <lfs_dir_relocatingcommit+0x44e>
    54cc:	028ca703          	lw	a4,40(s9)
    54d0:	177d                	addi	a4,a4,-1
    54d2:	02eca423          	sw	a4,40(s9)
    54d6:	bfe1                	j	54ae <lfs_dir_relocatingcommit+0x44e>
    54d8:	fda61be3          	bne	a2,s10,54ae <lfs_dir_relocatingcommit+0x44e>
    54dc:	8329                	srli	a4,a4,0xa
    54de:	3ff77713          	andi	a4,a4,1023
    54e2:	fce6e6e3          	bltu	a3,a4,54ae <lfs_dir_relocatingcommit+0x44e>
    54e6:	006cc703          	lbu	a4,6(s9)
    54ea:	0685                	addi	a3,a3,1
    54ec:	00dc9223          	sh	a3,4(s9)
    54f0:	fb771fe3          	bne	a4,s7,54ae <lfs_dir_relocatingcommit+0x44e>
    54f4:	028ca703          	lw	a4,40(s9)
    54f8:	0705                	addi	a4,a4,1
    54fa:	bfe1                	j	54d2 <lfs_dir_relocatingcommit+0x472>

000054fc <lfs_file_flushedwrite>:
    54fc:	c05fa2ef          	jal	t0,100 <__riscv_save_12>
    5500:	599c                	lw	a5,48(a1)
    5502:	1101                	addi	sp,sp,-32
    5504:	8c2a                	mv	s8,a0
    5506:	00b79713          	slli	a4,a5,0xb
    550a:	8cae                	mv	s9,a1
    550c:	8a32                	mv	s4,a2
    550e:	89b6                	mv	s3,a3
    5510:	04075063          	bgez	a4,5550 <lfs_file_flushedwrite+0x54>
    5514:	59d8                	lw	a4,52(a1)
    5516:	55d4                	lw	a3,44(a1)
    5518:	013707b3          	add	a5,a4,s3
    551c:	00d7f363          	bgeu	a5,a3,5522 <lfs_file_flushedwrite+0x26>
    5520:	87b6                	mv	a5,a3
    5522:	07cc2683          	lw	a3,124(s8)
    5526:	02f6f563          	bgeu	a3,a5,5550 <lfs_file_flushedwrite+0x54>
    552a:	06cc2783          	lw	a5,108(s8)
    552e:	02ecae23          	sw	a4,60(s9)
    5532:	85e6                	mv	a1,s9
    5534:	06fc2023          	sw	a5,96(s8)
    5538:	8562                	mv	a0,s8
    553a:	f20ff0ef          	jal	ra,4c5a <lfs_file_relocate>
    553e:	030ca783          	lw	a5,48(s9)
    5542:	e13d                	bnez	a0,55a8 <lfs_file_flushedwrite+0xac>
    5544:	fff00737          	lui	a4,0xfff00
    5548:	177d                	addi	a4,a4,-1
    554a:	8ff9                	and	a5,a5,a4
    554c:	02fca823          	sw	a5,48(s9)
    5550:	844e                	mv	s0,s3
    5552:	e019                	bnez	s0,5558 <lfs_file_flushedwrite+0x5c>
    5554:	854e                	mv	a0,s3
    5556:	a8b1                	j	55b2 <lfs_file_flushedwrite+0xb6>
    5558:	030ca683          	lw	a3,48(s9)
    555c:	000207b7          	lui	a5,0x20
    5560:	040c8493          	addi	s1,s9,64
    5564:	8ff5                	and	a5,a5,a3
    5566:	cb81                	beqz	a5,5576 <lfs_file_flushedwrite+0x7a>
    5568:	068c2703          	lw	a4,104(s8)
    556c:	03cca603          	lw	a2,60(s9)
    5570:	4f58                	lw	a4,28(a4)
    5572:	0ce61663          	bne	a2,a4,563e <lfs_file_flushedwrite+0x142>
    5576:	00b69613          	slli	a2,a3,0xb
    557a:	034ca703          	lw	a4,52(s9)
    557e:	1c064663          	bltz	a2,574a <lfs_file_flushedwrite+0x24e>
    5582:	e3a1                	bnez	a5,55c2 <lfs_file_flushedwrite+0xc6>
    5584:	cf1d                	beqz	a4,55c2 <lfs_file_flushedwrite+0xc6>
    5586:	02cca683          	lw	a3,44(s9)
    558a:	028ca603          	lw	a2,40(s9)
    558e:	01010813          	addi	a6,sp,16
    5592:	038c8793          	addi	a5,s9,56
    5596:	177d                	addi	a4,a4,-1
    5598:	85a6                	mv	a1,s1
    559a:	8562                	mv	a0,s8
    559c:	c802                	sw	zero,16(sp)
    559e:	a5cfe0ef          	jal	ra,37fa <lfs_ctz_find.constprop.41>
    55a2:	c919                	beqz	a0,55b8 <lfs_file_flushedwrite+0xbc>
    55a4:	030ca783          	lw	a5,48(s9)
    55a8:	00080737          	lui	a4,0x80
    55ac:	8fd9                	or	a5,a5,a4
    55ae:	02fca823          	sw	a5,48(s9)
    55b2:	6105                	addi	sp,sp,32
    55b4:	b89fa06f          	j	13c <__riscv_restore_12>
    55b8:	068c2503          	lw	a0,104(s8)
    55bc:	85a6                	mv	a1,s1
    55be:	da1fd0ef          	jal	ra,335e <lfs_cache_zero.isra.27>
    55c2:	06cc2783          	lw	a5,108(s8)
    55c6:	034cab03          	lw	s6,52(s9)
    55ca:	038caa83          	lw	s5,56(s9)
    55ce:	06fc2023          	sw	a5,96(s8)
    55d2:	fffb0d93          	addi	s11,s6,-1
    55d6:	084c                	addi	a1,sp,20
    55d8:	8562                	mv	a0,s8
    55da:	d5aff0ef          	jal	ra,4b34 <lfs_alloc>
    55de:	f179                	bnez	a0,55a4 <lfs_file_flushedwrite+0xa8>
    55e0:	45d2                	lw	a1,20(sp)
    55e2:	8562                	mv	a0,s8
    55e4:	cc5fd0ef          	jal	ra,32a8 <lfs_bd_erase>
    55e8:	c91d                	beqz	a0,561e <lfs_file_flushedwrite+0x122>
    55ea:	fac00793          	li	a5,-84
    55ee:	faf51be3          	bne	a0,a5,55a4 <lfs_file_flushedwrite+0xa8>
    55f2:	0000b7b7          	lui	a5,0xb
    55f6:	d0478713          	addi	a4,a5,-764 # ad04 <defaults.4606+0xcac>
    55fa:	46d2                	lw	a3,20(sp)
    55fc:	0000a7b7          	lui	a5,0xa
    5600:	14078593          	addi	a1,a5,320 # a140 <defaults.4606+0xe8>
    5604:	6605                	lui	a2,0x1
    5606:	0000a7b7          	lui	a5,0xa
    560a:	45878513          	addi	a0,a5,1112 # a458 <defaults.4606+0x400>
    560e:	bc460613          	addi	a2,a2,-1084 # bc4 <comms_send_u32+0x12>
    5612:	425030ef          	jal	ra,9236 <iprintf>
    5616:	57fd                	li	a5,-1
    5618:	04fca023          	sw	a5,64(s9)
    561c:	bf6d                	j	55d6 <lfs_file_flushedwrite+0xda>
    561e:	068c2503          	lw	a0,104(s8)
    5622:	060b1163          	bnez	s6,5684 <lfs_file_flushedwrite+0x188>
    5626:	47d2                	lw	a5,20(sp)
    5628:	020cae23          	sw	zero,60(s9)
    562c:	02fcac23          	sw	a5,56(s9)
    5630:	030ca783          	lw	a5,48(s9)
    5634:	00020737          	lui	a4,0x20
    5638:	8fd9                	or	a5,a5,a4
    563a:	02fca823          	sw	a5,48(s9)
    563e:	068c2783          	lw	a5,104(s8)
    5642:	01c7a903          	lw	s2,28(a5)
    5646:	03cca783          	lw	a5,60(s9)
    564a:	40f90933          	sub	s2,s2,a5
    564e:	01247363          	bgeu	s0,s2,5654 <lfs_file_flushedwrite+0x158>
    5652:	8922                	mv	s2,s0
    5654:	fac00a93          	li	s5,-84
    5658:	03cca783          	lw	a5,60(s9)
    565c:	038ca703          	lw	a4,56(s9)
    5660:	88ca                	mv	a7,s2
    5662:	8852                	mv	a6,s4
    5664:	4685                	li	a3,1
    5666:	8662                	mv	a2,s8
    5668:	85a6                	mv	a1,s1
    566a:	8562                	mv	a0,s8
    566c:	ef6fe0ef          	jal	ra,3d62 <lfs_bd_prog>
    5670:	0e050363          	beqz	a0,5756 <lfs_file_flushedwrite+0x25a>
    5674:	f35518e3          	bne	a0,s5,55a4 <lfs_file_flushedwrite+0xa8>
    5678:	85e6                	mv	a1,s9
    567a:	8562                	mv	a0,s8
    567c:	ddeff0ef          	jal	ra,4c5a <lfs_file_relocate>
    5680:	dd61                	beqz	a0,5658 <lfs_file_flushedwrite+0x15c>
    5682:	b70d                	j	55a4 <lfs_file_flushedwrite+0xa8>
    5684:	082c                	addi	a1,sp,24
    5686:	cc6e                	sw	s11,24(sp)
    5688:	8b2fe0ef          	jal	ra,373a <lfs_ctz_index.isra.29>
    568c:	068c2703          	lw	a4,104(s8)
    5690:	47e2                	lw	a5,24(sp)
    5692:	4901                	li	s2,0
    5694:	4f58                	lw	a4,28(a4)
    5696:	0785                	addi	a5,a5,1
    5698:	cc3e                	sw	a5,24(sp)
    569a:	08e79263          	bne	a5,a4,571e <lfs_file_flushedwrite+0x222>
    569e:	0505                	addi	a0,a0,1
    56a0:	5c3020ef          	jal	ra,8462 <__ctzsi2>
    56a4:	8baa                	mv	s7,a0
    56a6:	00150913          	addi	s2,a0,1
    56aa:	ce56                	sw	s5,28(sp)
    56ac:	4d01                	li	s10,0
    56ae:	4752                	lw	a4,20(sp)
    56b0:	002d1f13          	slli	t5,s10,0x2
    56b4:	87fa                	mv	a5,t5
    56b6:	4891                	li	a7,4
    56b8:	01c10813          	addi	a6,sp,28
    56bc:	4685                	li	a3,1
    56be:	8662                	mv	a2,s8
    56c0:	85a6                	mv	a1,s1
    56c2:	8562                	mv	a0,s8
    56c4:	c67a                	sw	t5,12(sp)
    56c6:	e9cfe0ef          	jal	ra,3d62 <lfs_bd_prog>
    56ca:	4f32                	lw	t5,12(sp)
    56cc:	fd19                	bnez	a0,55ea <lfs_file_flushedwrite+0xee>
    56ce:	07ab9163          	bne	s7,s10,5730 <lfs_file_flushedwrite+0x234>
    56d2:	0d05                	addi	s10,s10,1
    56d4:	fd2d6de3          	bltu	s10,s2,56ae <lfs_file_flushedwrite+0x1b2>
    56d8:	47d2                	lw	a5,20(sp)
    56da:	090a                	slli	s2,s2,0x2
    56dc:	032cae23          	sw	s2,60(s9)
    56e0:	02fcac23          	sw	a5,56(s9)
    56e4:	b7b1                	j	5630 <lfs_file_flushedwrite+0x134>
    56e6:	4885                	li	a7,1
    56e8:	01c10813          	addi	a6,sp,28
    56ec:	87ca                	mv	a5,s2
    56ee:	8756                	mv	a4,s5
    56f0:	412686b3          	sub	a3,a3,s2
    56f4:	8662                	mv	a2,s8
    56f6:	4581                	li	a1,0
    56f8:	8562                	mv	a0,s8
    56fa:	f4efd0ef          	jal	ra,2e48 <lfs_bd_read>
    56fe:	ea0513e3          	bnez	a0,55a4 <lfs_file_flushedwrite+0xa8>
    5702:	4752                	lw	a4,20(sp)
    5704:	4885                	li	a7,1
    5706:	01c10813          	addi	a6,sp,28
    570a:	87ca                	mv	a5,s2
    570c:	4685                	li	a3,1
    570e:	8662                	mv	a2,s8
    5710:	85a6                	mv	a1,s1
    5712:	8562                	mv	a0,s8
    5714:	e4efe0ef          	jal	ra,3d62 <lfs_bd_prog>
    5718:	ec0519e3          	bnez	a0,55ea <lfs_file_flushedwrite+0xee>
    571c:	0905                	addi	s2,s2,1
    571e:	46e2                	lw	a3,24(sp)
    5720:	fcd963e3          	bltu	s2,a3,56e6 <lfs_file_flushedwrite+0x1ea>
    5724:	47d2                	lw	a5,20(sp)
    5726:	02dcae23          	sw	a3,60(s9)
    572a:	02fcac23          	sw	a5,56(s9)
    572e:	b709                	j	5630 <lfs_file_flushedwrite+0x134>
    5730:	4772                	lw	a4,28(sp)
    5732:	4891                	li	a7,4
    5734:	01c10813          	addi	a6,sp,28
    5738:	87fa                	mv	a5,t5
    573a:	4691                	li	a3,4
    573c:	8662                	mv	a2,s8
    573e:	4581                	li	a1,0
    5740:	8562                	mv	a0,s8
    5742:	f06fd0ef          	jal	ra,2e48 <lfs_bd_read>
    5746:	d551                	beqz	a0,56d2 <lfs_file_flushedwrite+0x1d6>
    5748:	bdb1                	j	55a4 <lfs_file_flushedwrite+0xa8>
    574a:	57f9                	li	a5,-2
    574c:	02fcac23          	sw	a5,56(s9)
    5750:	02ecae23          	sw	a4,60(s9)
    5754:	bdf1                	j	5630 <lfs_file_flushedwrite+0x134>
    5756:	034ca783          	lw	a5,52(s9)
    575a:	9a4a                	add	s4,s4,s2
    575c:	41240433          	sub	s0,s0,s2
    5760:	97ca                	add	a5,a5,s2
    5762:	02fcaa23          	sw	a5,52(s9)
    5766:	03cca783          	lw	a5,60(s9)
    576a:	97ca                	add	a5,a5,s2
    576c:	02fcae23          	sw	a5,60(s9)
    5770:	06cc2783          	lw	a5,108(s8)
    5774:	06fc2023          	sw	a5,96(s8)
    5778:	bbe9                	j	5552 <lfs_file_flushedwrite+0x56>

0000577a <lfs_file_flush>:
    577a:	98ffa2ef          	jal	t0,108 <__riscv_save_10>
    577e:	599c                	lw	a5,48(a1)
    5780:	711d                	addi	sp,sp,-96
    5782:	84aa                	mv	s1,a0
    5784:	00d79713          	slli	a4,a5,0xd
    5788:	00075d63          	bgez	a4,57a2 <lfs_file_flush+0x28>
    578c:	00b79713          	slli	a4,a5,0xb
    5790:	00074463          	bltz	a4,5798 <lfs_file_flush+0x1e>
    5794:	577d                	li	a4,-1
    5796:	c1b8                	sw	a4,64(a1)
    5798:	fffc0737          	lui	a4,0xfffc0
    579c:	177d                	addi	a4,a4,-1
    579e:	8ff9                	and	a5,a5,a4
    57a0:	d99c                	sw	a5,48(a1)
    57a2:	599c                	lw	a5,48(a1)
    57a4:	4501                	li	a0,0
    57a6:	00e79713          	slli	a4,a5,0xe
    57aa:	08075863          	bgez	a4,583a <lfs_file_flush+0xc0>
    57ae:	00b79713          	slli	a4,a5,0xb
    57b2:	842e                	mv	s0,a1
    57b4:	0345a903          	lw	s2,52(a1)
    57b8:	02c5a983          	lw	s3,44(a1)
    57bc:	0a074b63          	bltz	a4,5872 <lfs_file_flush+0xf8>
    57c0:	05400613          	li	a2,84
    57c4:	4581                	li	a1,0
    57c6:	0068                	addi	a0,sp,12
    57c8:	999fa0ef          	jal	ra,160 <memset>
    57cc:	541c                	lw	a5,40(s0)
    57ce:	4641                	li	a2,16
    57d0:	85a6                	mv	a1,s1
    57d2:	da3e                	sw	a5,52(sp)
    57d4:	00e8                	addi	a0,sp,76
    57d6:	4785                	li	a5,1
    57d8:	dc4e                	sw	s3,56(sp)
    57da:	de3e                	sw	a5,60(sp)
    57dc:	c0ca                	sw	s2,64(sp)
    57de:	17e030ef          	jal	ra,895c <memcpy>
    57e2:	57fd                	li	a5,-1
    57e4:	c09c                	sw	a5,0(s1)
    57e6:	59fd                	li	s3,-1
    57e8:	5858                	lw	a4,52(s0)
    57ea:	545c                	lw	a5,44(s0)
    57ec:	04f76a63          	bltu	a4,a5,5840 <lfs_file_flush+0xc6>
    57f0:	6985                	lui	s3,0x1
    57f2:	04040b93          	addi	s7,s0,64
    57f6:	fac00c13          	li	s8,-84
    57fa:	0000bb37          	lui	s6,0xb
    57fe:	d4f98993          	addi	s3,s3,-689 # d4f <run+0xd5>
    5802:	0000aab7          	lui	s5,0xa
    5806:	0000aa37          	lui	s4,0xa
    580a:	4685                	li	a3,1
    580c:	8626                	mv	a2,s1
    580e:	85de                	mv	a1,s7
    5810:	8526                	mv	a0,s1
    5812:	c94fe0ef          	jal	ra,3ca6 <lfs_bd_flush>
    5816:	c13d                	beqz	a0,587c <lfs_file_flush+0x102>
    5818:	03851163          	bne	a0,s8,583a <lfs_file_flush+0xc0>
    581c:	5c14                	lw	a3,56(s0)
    581e:	140a8593          	addi	a1,s5,320 # a140 <defaults.4606+0xe8>
    5822:	d04b0713          	addi	a4,s6,-764 # ad04 <defaults.4606+0xcac>
    5826:	864e                	mv	a2,s3
    5828:	458a0513          	addi	a0,s4,1112 # a458 <defaults.4606+0x400>
    582c:	20b030ef          	jal	ra,9236 <iprintf>
    5830:	85a2                	mv	a1,s0
    5832:	8526                	mv	a0,s1
    5834:	c26ff0ef          	jal	ra,4c5a <lfs_file_relocate>
    5838:	d969                	beqz	a0,580a <lfs_file_flush+0x90>
    583a:	6125                	addi	sp,sp,96
    583c:	905fa06f          	j	140 <__riscv_restore_10>
    5840:	4685                	li	a3,1
    5842:	00b10613          	addi	a2,sp,11
    5846:	006c                	addi	a1,sp,12
    5848:	8526                	mv	a0,s1
    584a:	85aff0ef          	jal	ra,48a4 <lfs_file_flushedread>
    584e:	fe0546e3          	bltz	a0,583a <lfs_file_flush+0xc0>
    5852:	4685                	li	a3,1
    5854:	00b10613          	addi	a2,sp,11
    5858:	85a2                	mv	a1,s0
    585a:	8526                	mv	a0,s1
    585c:	ca1ff0ef          	jal	ra,54fc <lfs_file_flushedwrite>
    5860:	fc054de3          	bltz	a0,583a <lfs_file_flush+0xc0>
    5864:	409c                	lw	a5,0(s1)
    5866:	f93781e3          	beq	a5,s3,57e8 <lfs_file_flush+0x6e>
    586a:	c6ce                	sw	s3,76(sp)
    586c:	0134a023          	sw	s3,0(s1)
    5870:	bfa5                	j	57e8 <lfs_file_flush+0x6e>
    5872:	87ca                	mv	a5,s2
    5874:	01397363          	bgeu	s2,s3,587a <lfs_file_flush+0x100>
    5878:	87ce                	mv	a5,s3
    587a:	d85c                	sw	a5,52(s0)
    587c:	5c1c                	lw	a5,56(s0)
    587e:	7701                	lui	a4,0xfffe0
    5880:	177d                	addi	a4,a4,-1
    5882:	d41c                	sw	a5,40(s0)
    5884:	585c                	lw	a5,52(s0)
    5886:	4501                	li	a0,0
    5888:	03242a23          	sw	s2,52(s0)
    588c:	d45c                	sw	a5,44(s0)
    588e:	581c                	lw	a5,48(s0)
    5890:	8ff9                	and	a5,a5,a4
    5892:	6741                	lui	a4,0x10
    5894:	8fd9                	or	a5,a5,a4
    5896:	d81c                	sw	a5,48(s0)
    5898:	b74d                	j	583a <lfs_file_flush+0xc0>

0000589a <lfs_file_seek_>:
    589a:	87dfa2ef          	jal	t0,116 <__riscv_save_4>
    589e:	1141                	addi	sp,sp,-16
    58a0:	892a                	mv	s2,a0
    58a2:	59dc                	lw	a5,52(a1)
    58a4:	8432                	mv	s0,a2
    58a6:	c695                	beqz	a3,58d2 <lfs_file_seek_+0x38>
    58a8:	4705                	li	a4,1
    58aa:	00f60433          	add	s0,a2,a5
    58ae:	02e68263          	beq	a3,a4,58d2 <lfs_file_seek_+0x38>
    58b2:	4709                	li	a4,2
    58b4:	843e                	mv	s0,a5
    58b6:	00e69e63          	bne	a3,a4,58d2 <lfs_file_seek_+0x38>
    58ba:	5994                	lw	a3,48(a1)
    58bc:	55d8                	lw	a4,44(a1)
    58be:	00e69513          	slli	a0,a3,0xe
    58c2:	843a                	mv	s0,a4
    58c4:	00055663          	bgez	a0,58d0 <lfs_file_seek_+0x36>
    58c8:	843e                	mv	s0,a5
    58ca:	00e7f363          	bgeu	a5,a4,58d0 <lfs_file_seek_+0x36>
    58ce:	843a                	mv	s0,a4
    58d0:	9432                	add	s0,s0,a2
    58d2:	07492703          	lw	a4,116(s2)
    58d6:	5529                	li	a0,-22
    58d8:	00876563          	bltu	a4,s0,58e2 <lfs_file_seek_+0x48>
    58dc:	00f41663          	bne	s0,a5,58e8 <lfs_file_seek_+0x4e>
    58e0:	8522                	mv	a0,s0
    58e2:	0141                	addi	sp,sp,16
    58e4:	867fa06f          	j	14a <__riscv_restore_4>
    58e8:	5998                	lw	a4,48(a1)
    58ea:	84ae                	mv	s1,a1
    58ec:	00d71693          	slli	a3,a4,0xd
    58f0:	0406d063          	bgez	a3,5930 <lfs_file_seek_+0x96>
    58f4:	06892503          	lw	a0,104(s2)
    58f8:	5dd4                	lw	a3,60(a1)
    58fa:	4d58                	lw	a4,28(a0)
    58fc:	02e68a63          	beq	a3,a4,5930 <lfs_file_seek_+0x96>
    5900:	002c                	addi	a1,sp,8
    5902:	c43e                	sw	a5,8(sp)
    5904:	e37fd0ef          	jal	ra,373a <lfs_ctz_index.isra.29>
    5908:	89aa                	mv	s3,a0
    590a:	06892503          	lw	a0,104(s2)
    590e:	006c                	addi	a1,sp,12
    5910:	c622                	sw	s0,12(sp)
    5912:	e29fd0ef          	jal	ra,373a <lfs_ctz_index.isra.29>
    5916:	00a99d63          	bne	s3,a0,5930 <lfs_file_seek_+0x96>
    591a:	40fc                	lw	a5,68(s1)
    591c:	4732                	lw	a4,12(sp)
    591e:	00f76963          	bltu	a4,a5,5930 <lfs_file_seek_+0x96>
    5922:	44b4                	lw	a3,72(s1)
    5924:	97b6                	add	a5,a5,a3
    5926:	00f77563          	bgeu	a4,a5,5930 <lfs_file_seek_+0x96>
    592a:	d8c0                	sw	s0,52(s1)
    592c:	dcd8                	sw	a4,60(s1)
    592e:	bf4d                	j	58e0 <lfs_file_seek_+0x46>
    5930:	85a6                	mv	a1,s1
    5932:	854a                	mv	a0,s2
    5934:	e47ff0ef          	jal	ra,577a <lfs_file_flush>
    5938:	f54d                	bnez	a0,58e2 <lfs_file_seek_+0x48>
    593a:	d8c0                	sw	s0,52(s1)
    593c:	b755                	j	58e0 <lfs_file_seek_+0x46>

0000593e <lfs_dir_orphaningcommit>:
    593e:	fc2fa2ef          	jal	t0,100 <__riscv_save_12>
    5942:	02852983          	lw	s3,40(a0)
    5946:	fff00a37          	lui	s4,0xfff00
    594a:	7119                	addi	sp,sp,-128
    594c:	842a                	mv	s0,a0
    594e:	892e                	mv	s2,a1
    5950:	8ab2                	mv	s5,a2
    5952:	8b36                	mv	s6,a3
    5954:	4b85                	li	s7,1
    5956:	1a7d                	addi	s4,s4,-1
    5958:	0c099563          	bnez	s3,5a22 <lfs_dir_orphaningcommit+0xe4>
    595c:	00092783          	lw	a5,0(s2)
    5960:	02000613          	li	a2,32
    5964:	85ca                	mv	a1,s2
    5966:	c43e                	sw	a5,8(sp)
    5968:	00492783          	lw	a5,4(s2)
    596c:	0088                	addi	a0,sp,64
    596e:	c63e                	sw	a5,12(sp)
    5970:	7ed020ef          	jal	ra,895c <memcpy>
    5974:	109c                	addi	a5,sp,96
    5976:	875a                	mv	a4,s6
    5978:	86d6                	mv	a3,s5
    597a:	864a                	mv	a2,s2
    597c:	008c                	addi	a1,sp,64
    597e:	8522                	mv	a0,s0
    5980:	ee0ff0ef          	jal	ra,5060 <lfs_dir_relocatingcommit>
    5984:	84aa                	mv	s1,a0
    5986:	10054163          	bltz	a0,5a88 <lfs_dir_orphaningcommit+0x14a>
    598a:	002c                	addi	a1,sp,8
    598c:	854a                	mv	a0,s2
    598e:	b4afd0ef          	jal	ra,2cd8 <lfs_pair_cmp>
    5992:	e519                	bnez	a0,59a0 <lfs_dir_orphaningcommit+0x62>
    5994:	02000613          	li	a2,32
    5998:	008c                	addi	a1,sp,64
    599a:	854a                	mv	a0,s2
    599c:	7c1020ef          	jal	ra,895c <memcpy>
    59a0:	4789                	li	a5,2
    59a2:	04f49c63          	bne	s1,a5,59fa <lfs_dir_orphaningcommit+0xbc>
    59a6:	04840613          	addi	a2,s0,72
    59aa:	85ca                	mv	a1,s2
    59ac:	8522                	mv	a0,s0
    59ae:	fccfd0ef          	jal	ra,317a <lfs_dir_getgstate>
    59b2:	84aa                	mv	s1,a0
    59b4:	e971                	bnez	a0,5a88 <lfs_dir_orphaningcommit+0x14a>
    59b6:	5786                	lw	a5,96(sp)
    59b8:	00100737          	lui	a4,0x100
    59bc:	c0870713          	addi	a4,a4,-1016 # ffc08 <_data_lma+0xf4bbc>
    59c0:	c43e                	sw	a5,8(sp)
    59c2:	5796                	lw	a5,100(sp)
    59c4:	0961                	addi	s2,s2,24
    59c6:	0814                	addi	a3,sp,16
    59c8:	c63e                	sw	a5,12(sp)
    59ca:	fff94783          	lbu	a5,-1(s2)
    59ce:	0030                	addi	a2,sp,8
    59d0:	108c                	addi	a1,sp,96
    59d2:	60078793          	addi	a5,a5,1536
    59d6:	07d2                	slli	a5,a5,0x14
    59d8:	8fd9                	or	a5,a5,a4
    59da:	c83e                	sw	a5,16(sp)
    59dc:	4705                	li	a4,1
    59de:	4781                	li	a5,0
    59e0:	8522                	mv	a0,s0
    59e2:	ca4a                	sw	s2,20(sp)
    59e4:	e7cff0ef          	jal	ra,5060 <lfs_dir_relocatingcommit>
    59e8:	84aa                	mv	s1,a0
    59ea:	08054f63          	bltz	a0,5a88 <lfs_dir_orphaningcommit+0x14a>
    59ee:	02000613          	li	a2,32
    59f2:	108c                	addi	a1,sp,96
    59f4:	0088                	addi	a0,sp,64
    59f6:	767020ef          	jal	ra,895c <memcpy>
    59fa:	8d26                	mv	s10,s1
    59fc:	4a81                	li	s5,0
    59fe:	0000ba37          	lui	s4,0xb
    5a02:	0000a9b7          	lui	s3,0xa
    5a06:	0000abb7          	lui	s7,0xa
    5a0a:	0000ab37          	lui	s6,0xa
    5a0e:	02040c13          	addi	s8,s0,32
    5a12:	4785                	li	a5,1
    5a14:	2cfd1363          	bne	s10,a5,5cda <lfs_dir_orphaningcommit+0x39c>
    5a18:	80000cb7          	lui	s9,0x80000
    5a1c:	3ffc8c93          	addi	s9,s9,1023 # 800003ff <_eusrstack+0x5fffb3ff>
    5a20:	aab1                	j	5b7c <lfs_dir_orphaningcommit+0x23e>
    5a22:	00898513          	addi	a0,s3,8 # a008 <__func__.5155+0x4>
    5a26:	01251563          	bne	a0,s2,5a30 <lfs_dir_orphaningcommit+0xf2>
    5a2a:	0009a983          	lw	s3,0(s3)
    5a2e:	b72d                	j	5958 <lfs_dir_orphaningcommit+0x1a>
    5a30:	85ca                	mv	a1,s2
    5a32:	aa6fd0ef          	jal	ra,2cd8 <lfs_pair_cmp>
    5a36:	f975                	bnez	a0,5a2a <lfs_dir_orphaningcommit+0xec>
    5a38:	0069c783          	lbu	a5,6(s3)
    5a3c:	ff7797e3          	bne	a5,s7,5a2a <lfs_dir_orphaningcommit+0xec>
    5a40:	0309a783          	lw	a5,48(s3)
    5a44:	00b79713          	slli	a4,a5,0xb
    5a48:	fe0751e3          	bgez	a4,5a2a <lfs_dir_orphaningcommit+0xec>
    5a4c:	543c                	lw	a5,104(s0)
    5a4e:	02c9a703          	lw	a4,44(s3)
    5a52:	579c                	lw	a5,40(a5)
    5a54:	fce7fbe3          	bgeu	a5,a4,5a2a <lfs_dir_orphaningcommit+0xec>
    5a58:	0349a783          	lw	a5,52(s3)
    5a5c:	85ce                	mv	a1,s3
    5a5e:	8522                	mv	a0,s0
    5a60:	02f9ae23          	sw	a5,60(s3)
    5a64:	547c                	lw	a5,108(s0)
    5a66:	d03c                	sw	a5,96(s0)
    5a68:	9f2ff0ef          	jal	ra,4c5a <lfs_file_relocate>
    5a6c:	84aa                	mv	s1,a0
    5a6e:	ed09                	bnez	a0,5a88 <lfs_dir_orphaningcommit+0x14a>
    5a70:	0309a783          	lw	a5,48(s3)
    5a74:	85ce                	mv	a1,s3
    5a76:	8522                	mv	a0,s0
    5a78:	0147f7b3          	and	a5,a5,s4
    5a7c:	02f9a823          	sw	a5,48(s3)
    5a80:	cfbff0ef          	jal	ra,577a <lfs_file_flush>
    5a84:	84aa                	mv	s1,a0
    5a86:	d155                	beqz	a0,5a2a <lfs_dir_orphaningcommit+0xec>
    5a88:	8526                	mv	a0,s1
    5a8a:	6109                	addi	sp,sp,128
    5a8c:	eb0fa06f          	j	13c <__riscv_restore_12>
    5a90:	00848593          	addi	a1,s1,8
    5a94:	0028                	addi	a0,sp,8
    5a96:	a42fd0ef          	jal	ra,2cd8 <lfs_pair_cmp>
    5a9a:	e509                	bnez	a0,5aa4 <lfs_dir_orphaningcommit+0x166>
    5a9c:	01a4a423          	sw	s10,8(s1)
    5aa0:	0124a623          	sw	s2,12(s1)
    5aa4:	20fc                	lbu	a5,6(s1)
    5aa6:	01b79c63          	bne	a5,s11,5abe <lfs_dir_orphaningcommit+0x180>
    5aaa:	02c48593          	addi	a1,s1,44
    5aae:	0028                	addi	a0,sp,8
    5ab0:	a28fd0ef          	jal	ra,2cd8 <lfs_pair_cmp>
    5ab4:	e509                	bnez	a0,5abe <lfs_dir_orphaningcommit+0x180>
    5ab6:	03a4a623          	sw	s10,44(s1)
    5aba:	0324a823          	sw	s2,48(s1)
    5abe:	4084                	lw	s1,0(s1)
    5ac0:	a8d5                	j	5bb4 <lfs_dir_orphaningcommit+0x276>
    5ac2:	03040493          	addi	s1,s0,48
    5ac6:	4585                	li	a1,1
    5ac8:	8526                	mv	a0,s1
    5aca:	829fd0ef          	jal	ra,32f2 <lfs_fs_preporphans.isra.25>
    5ace:	8d2a                	mv	s10,a0
    5ad0:	12051e63          	bnez	a0,5c0c <lfs_dir_orphaningcommit+0x2ce>
    5ad4:	108c                	addi	a1,sp,96
    5ad6:	8526                	mv	a0,s1
    5ad8:	a6afd0ef          	jal	ra,2d42 <lfs_gstate_hasmovehere>
    5adc:	12050463          	beqz	a0,5c04 <lfs_dir_orphaningcommit+0x2c6>
    5ae0:	5804                	lw	s1,48(s0)
    5ae2:	5716                	lw	a4,100(sp)
    5ae4:	5686                	lw	a3,96(sp)
    5ae6:	80a9                	srli	s1,s1,0xa
    5ae8:	3ff4f493          	andi	s1,s1,1023
    5aec:	6605                	lui	a2,0x1
    5aee:	87a6                	mv	a5,s1
    5af0:	d04a0813          	addi	a6,s4,-764 # ad04 <defaults.4606+0xcac>
    5af4:	9d960613          	addi	a2,a2,-1575 # 9d9 <i2c_device_init+0xb>
    5af8:	14098593          	addi	a1,s3,320
    5afc:	29cb0513          	addi	a0,s6,668 # a29c <defaults.4606+0x244>
    5b00:	736030ef          	jal	ra,9236 <iprintf>
    5b04:	581c                	lw	a5,48(s0)
    5b06:	02042a23          	sw	zero,52(s0)
    5b0a:	02042c23          	sw	zero,56(s0)
    5b0e:	0197f7b3          	and	a5,a5,s9
    5b12:	d81c                	sw	a5,48(s0)
    5b14:	00a95793          	srli	a5,s2,0xa
    5b18:	3ff7f793          	andi	a5,a5,1023
    5b1c:	874a                	mv	a4,s2
    5b1e:	00f4f463          	bgeu	s1,a5,5b26 <lfs_dir_orphaningcommit+0x1e8>
    5b22:	c0090713          	addi	a4,s2,-1024
    5b26:	5786                	lw	a5,96(sp)
    5b28:	3ff00693          	li	a3,1023
    5b2c:	cc3e                	sw	a5,24(sp)
    5b2e:	5796                	lw	a5,100(sp)
    5b30:	ce3e                	sw	a5,28(sp)
    5b32:	4781                	li	a5,0
    5b34:	00d48663          	beq	s1,a3,5b40 <lfs_dir_orphaningcommit+0x202>
    5b38:	04aa                	slli	s1,s1,0xa
    5b3a:	4ff007b7          	lui	a5,0x4ff00
    5b3e:	8fc5                	or	a5,a5,s1
    5b40:	d03e                	sw	a5,32(sp)
    5b42:	009c                	addi	a5,sp,64
    5b44:	d43a                	sw	a4,40(sp)
    5b46:	d63e                	sw	a5,44(sp)
    5b48:	4709                	li	a4,2
    5b4a:	4781                	li	a5,0
    5b4c:	1014                	addi	a3,sp,32
    5b4e:	0830                	addi	a2,sp,24
    5b50:	108c                	addi	a1,sp,96
    5b52:	8522                	mv	a0,s0
    5b54:	d202                	sw	zero,36(sp)
    5b56:	d0aff0ef          	jal	ra,5060 <lfs_dir_relocatingcommit>
    5b5a:	8d2a                	mv	s10,a0
    5b5c:	0a054863          	bltz	a0,5c0c <lfs_dir_orphaningcommit+0x2ce>
    5b60:	4785                	li	a5,1
    5b62:	06f51763          	bne	a0,a5,5bd0 <lfs_dir_orphaningcommit+0x292>
    5b66:	47e2                	lw	a5,24(sp)
    5b68:	02000613          	li	a2,32
    5b6c:	108c                	addi	a1,sp,96
    5b6e:	c43e                	sw	a5,8(sp)
    5b70:	47f2                	lw	a5,28(sp)
    5b72:	0088                	addi	a0,sp,64
    5b74:	4a85                	li	s5,1
    5b76:	c63e                	sw	a5,12(sp)
    5b78:	5e5020ef          	jal	ra,895c <memcpy>
    5b7c:	4816                	lw	a6,68(sp)
    5b7e:	4786                	lw	a5,64(sp)
    5b80:	4732                	lw	a4,12(sp)
    5b82:	46a2                	lw	a3,8(sp)
    5b84:	6605                	lui	a2,0x1
    5b86:	d04a0893          	addi	a7,s4,-764
    5b8a:	9ac60613          	addi	a2,a2,-1620 # 9ac <__stack_size+0x1ac>
    5b8e:	14098593          	addi	a1,s3,320
    5b92:	260b8513          	addi	a0,s7,608 # a260 <defaults.4606+0x208>
    5b96:	6a0030ef          	jal	ra,9236 <iprintf>
    5b9a:	85e2                	mv	a1,s8
    5b9c:	0028                	addi	a0,sp,8
    5b9e:	93afd0ef          	jal	ra,2cd8 <lfs_pair_cmp>
    5ba2:	4916                	lw	s2,68(sp)
    5ba4:	4d06                	lw	s10,64(sp)
    5ba6:	e509                	bnez	a0,5bb0 <lfs_dir_orphaningcommit+0x272>
    5ba8:	03a42023          	sw	s10,32(s0)
    5bac:	03242223          	sw	s2,36(s0)
    5bb0:	5404                	lw	s1,40(s0)
    5bb2:	4d89                	li	s11,2
    5bb4:	ec049ee3          	bnez	s1,5a90 <lfs_dir_orphaningcommit+0x152>
    5bb8:	1090                	addi	a2,sp,96
    5bba:	002c                	addi	a1,sp,8
    5bbc:	8522                	mv	a0,s0
    5bbe:	c03fe0ef          	jal	ra,47c0 <lfs_fs_parent>
    5bc2:	892a                	mv	s2,a0
    5bc4:	ee055fe3          	bgez	a0,5ac2 <lfs_dir_orphaningcommit+0x184>
    5bc8:	57f9                	li	a5,-2
    5bca:	10f51d63          	bne	a0,a5,5ce4 <lfs_dir_orphaningcommit+0x3a6>
    5bce:	4d01                	li	s10,0
    5bd0:	1090                	addi	a2,sp,96
    5bd2:	002c                	addi	a1,sp,8
    5bd4:	8522                	mv	a0,s0
    5bd6:	c6ffe0ef          	jal	ra,4844 <lfs_fs_pred>
    5bda:	84aa                	mv	s1,a0
    5bdc:	c915                	beqz	a0,5c10 <lfs_dir_orphaningcommit+0x2d2>
    5bde:	57f9                	li	a5,-2
    5be0:	eaf514e3          	bne	a0,a5,5a88 <lfs_dir_orphaningcommit+0x14a>
    5be4:	e2a907e3          	beq	s2,a0,5a12 <lfs_dir_orphaningcommit+0xd4>
    5be8:	0000a6b7          	lui	a3,0xa
    5bec:	6629                	lui	a2,0xa
    5bee:	6585                	lui	a1,0x1
    5bf0:	2e068693          	addi	a3,a3,736 # a2e0 <defaults.4606+0x288>
    5bf4:	f4460613          	addi	a2,a2,-188 # 9f44 <__func__.4434>
    5bf8:	9fa58593          	addi	a1,a1,-1542 # 9fa <i2c_device_init+0x2c>
    5bfc:	14098513          	addi	a0,s3,320
    5c00:	4c5020ef          	jal	ra,88c4 <__assert_func>
    5c04:	874a                	mv	a4,s2
    5c06:	3ff00493          	li	s1,1023
    5c0a:	bf31                	j	5b26 <lfs_dir_orphaningcommit+0x1e8>
    5c0c:	84ea                	mv	s1,s10
    5c0e:	bdad                	j	5a88 <lfs_dir_orphaningcommit+0x14a>
    5c10:	581c                	lw	a5,48(s0)
    5c12:	03040c93          	addi	s9,s0,48
    5c16:	3ff7f793          	andi	a5,a5,1023
    5c1a:	e7c5                	bnez	a5,5cc2 <lfs_dir_orphaningcommit+0x384>
    5c1c:	108c                	addi	a1,sp,96
    5c1e:	8566                	mv	a0,s9
    5c20:	922fd0ef          	jal	ra,2d42 <lfs_gstate_hasmovehere>
    5c24:	3ff00493          	li	s1,1023
    5c28:	cd15                	beqz	a0,5c64 <lfs_dir_orphaningcommit+0x326>
    5c2a:	5804                	lw	s1,48(s0)
    5c2c:	5716                	lw	a4,100(sp)
    5c2e:	5686                	lw	a3,96(sp)
    5c30:	80a9                	srli	s1,s1,0xa
    5c32:	3ff4f493          	andi	s1,s1,1023
    5c36:	6605                	lui	a2,0x1
    5c38:	87a6                	mv	a5,s1
    5c3a:	d04a0813          	addi	a6,s4,-764
    5c3e:	a0d60613          	addi	a2,a2,-1523 # a0d <i2c_device_init+0x3f>
    5c42:	14098593          	addi	a1,s3,320
    5c46:	29cb0513          	addi	a0,s6,668
    5c4a:	5ec030ef          	jal	ra,9236 <iprintf>
    5c4e:	581c                	lw	a5,48(s0)
    5c50:	80000737          	lui	a4,0x80000
    5c54:	3ff70713          	addi	a4,a4,1023 # 800003ff <_eusrstack+0x5fffb3ff>
    5c58:	8ff9                	and	a5,a5,a4
    5c5a:	d81c                	sw	a5,48(s0)
    5c5c:	02042a23          	sw	zero,52(s0)
    5c60:	02042c23          	sw	zero,56(s0)
    5c64:	5786                	lw	a5,96(sp)
    5c66:	3ff00713          	li	a4,1023
    5c6a:	c43e                	sw	a5,8(sp)
    5c6c:	5796                	lw	a5,100(sp)
    5c6e:	c63e                	sw	a5,12(sp)
    5c70:	4781                	li	a5,0
    5c72:	00e48663          	beq	s1,a4,5c7e <lfs_dir_orphaningcommit+0x340>
    5c76:	04aa                	slli	s1,s1,0xa
    5c78:	4ff007b7          	lui	a5,0x4ff00
    5c7c:	8fc5                	or	a5,a5,s1
    5c7e:	d83e                	sw	a5,48(sp)
    5c80:	07714783          	lbu	a5,119(sp)
    5c84:	00100737          	lui	a4,0x100
    5c88:	c0870713          	addi	a4,a4,-1016 # ffc08 <_data_lma+0xf4bbc>
    5c8c:	60078793          	addi	a5,a5,1536 # 4ff00600 <_eusrstack+0x2fefb600>
    5c90:	07d2                	slli	a5,a5,0x14
    5c92:	8fd9                	or	a5,a5,a4
    5c94:	dc3e                	sw	a5,56(sp)
    5c96:	009c                	addi	a5,sp,64
    5c98:	de3e                	sw	a5,60(sp)
    5c9a:	4709                	li	a4,2
    5c9c:	4781                	li	a5,0
    5c9e:	1814                	addi	a3,sp,48
    5ca0:	0030                	addi	a2,sp,8
    5ca2:	108c                	addi	a1,sp,96
    5ca4:	8522                	mv	a0,s0
    5ca6:	da02                	sw	zero,52(sp)
    5ca8:	bb8ff0ef          	jal	ra,5060 <lfs_dir_relocatingcommit>
    5cac:	84aa                	mv	s1,a0
    5cae:	dc054de3          	bltz	a0,5a88 <lfs_dir_orphaningcommit+0x14a>
    5cb2:	02000613          	li	a2,32
    5cb6:	108c                	addi	a1,sp,96
    5cb8:	0088                	addi	a0,sp,64
    5cba:	4a3020ef          	jal	ra,895c <memcpy>
    5cbe:	8d26                	mv	s10,s1
    5cc0:	bb89                	j	5a12 <lfs_dir_orphaningcommit+0xd4>
    5cc2:	00290593          	addi	a1,s2,2
    5cc6:	00b035b3          	snez	a1,a1
    5cca:	40b005b3          	neg	a1,a1
    5cce:	8566                	mv	a0,s9
    5cd0:	e22fd0ef          	jal	ra,32f2 <lfs_fs_preporphans.isra.25>
    5cd4:	84aa                	mv	s1,a0
    5cd6:	d139                	beqz	a0,5c1c <lfs_dir_orphaningcommit+0x2de>
    5cd8:	bb45                	j	5a88 <lfs_dir_orphaningcommit+0x14a>
    5cda:	448d                	li	s1,3
    5cdc:	da0a96e3          	bnez	s5,5a88 <lfs_dir_orphaningcommit+0x14a>
    5ce0:	4481                	li	s1,0
    5ce2:	b35d                	j	5a88 <lfs_dir_orphaningcommit+0x14a>
    5ce4:	84aa                	mv	s1,a0
    5ce6:	b34d                	j	5a88 <lfs_dir_orphaningcommit+0x14a>

00005ce8 <lfs_fs_deorphan.part.36>:
    5ce8:	c18fa2ef          	jal	t0,100 <__riscv_save_12>
    5cec:	7119                	addi	sp,sp,-128
    5cee:	842a                	mv	s0,a0
    5cf0:	8b2e                	mv	s6,a1
    5cf2:	4781                	li	a5,0
    5cf4:	0000b9b7          	lui	s3,0xb
    5cf8:	0000aa37          	lui	s4,0xa
    5cfc:	0000ac37          	lui	s8,0xa
    5d00:	84be                	mv	s1,a5
    5d02:	0000acb7          	lui	s9,0xa
    5d06:	4671                	li	a2,28
    5d08:	4581                	li	a1,0
    5d0a:	1008                	addi	a0,sp,32
    5d0c:	c54fa0ef          	jal	ra,160 <memset>
    5d10:	4785                	li	a5,1
    5d12:	02f10ba3          	sb	a5,55(sp)
    5d16:	80000bb7          	lui	s7,0x80000
    5d1a:	4785                	li	a5,1
    5d1c:	60100ab7          	lui	s5,0x60100
    5d20:	de3e                	sw	a5,60(sp)
    5d22:	4901                	li	s2,0
    5d24:	c08a8a93          	addi	s5,s5,-1016 # 600ffc08 <_eusrstack+0x400fac08>
    5d28:	3ffb8d13          	addi	s10,s7,1023 # 800003ff <_eusrstack+0x5fffb3ff>
    5d2c:	1828                	addi	a0,sp,56
    5d2e:	f95fc0ef          	jal	ra,2cc2 <lfs_pair_isnull>
    5d32:	c509                	beqz	a0,5d3c <lfs_fs_deorphan.part.36+0x54>
    5d34:	10090163          	beqz	s2,5e36 <lfs_fs_deorphan.part.36+0x14e>
    5d38:	4481                	li	s1,0
    5d3a:	b7f1                	j	5d06 <lfs_fs_deorphan.part.36+0x1e>
    5d3c:	1830                	addi	a2,sp,56
    5d3e:	008c                	addi	a1,sp,64
    5d40:	8522                	mv	a0,s0
    5d42:	85dfe0ef          	jal	ra,459e <lfs_dir_fetch>
    5d46:	ed11                	bnez	a0,5d62 <lfs_fs_deorphan.part.36+0x7a>
    5d48:	03714783          	lbu	a5,55(sp)
    5d4c:	eff1                	bnez	a5,5e28 <lfs_fs_deorphan.part.36+0x140>
    5d4e:	1090                	addi	a2,sp,96
    5d50:	182c                	addi	a1,sp,56
    5d52:	8522                	mv	a0,s0
    5d54:	a6dfe0ef          	jal	ra,47c0 <lfs_fs_parent>
    5d58:	00055863          	bgez	a0,5d68 <lfs_fs_deorphan.part.36+0x80>
    5d5c:	57f9                	li	a5,-2
    5d5e:	0ef50963          	beq	a0,a5,5e50 <lfs_fs_deorphan.part.36+0x168>
    5d62:	6109                	addi	sp,sp,128
    5d64:	bd8fa06f          	j	13c <__riscv_restore_12>
    5d68:	e0e1                	bnez	s1,5e28 <lfs_fs_deorphan.part.36+0x140>
    5d6a:	86aa                	mv	a3,a0
    5d6c:	870a                	mv	a4,sp
    5d6e:	c00bc613          	xori	a2,s7,-1024
    5d72:	108c                	addi	a1,sp,96
    5d74:	8522                	mv	a0,s0
    5d76:	bf0fd0ef          	jal	ra,3166 <lfs_dir_get>
    5d7a:	fe0544e3          	bltz	a0,5d62 <lfs_fs_deorphan.part.36+0x7a>
    5d7e:	4782                	lw	a5,0(sp)
    5d80:	56e2                	lw	a3,56(sp)
    5d82:	4812                	lw	a6,4(sp)
    5d84:	5772                	lw	a4,60(sp)
    5d86:	00d79463          	bne	a5,a3,5d8e <lfs_fs_deorphan.part.36+0xa6>
    5d8a:	08e80f63          	beq	a6,a4,5e28 <lfs_fs_deorphan.part.36+0x140>
    5d8e:	00f71463          	bne	a4,a5,5d96 <lfs_fs_deorphan.part.36+0xae>
    5d92:	08d80b63          	beq	a6,a3,5e28 <lfs_fs_deorphan.part.36+0x140>
    5d96:	6305                	lui	t1,0x1
    5d98:	3b130613          	addi	a2,t1,945 # 13b1 <USBFS_IRQHandler+0xed>
    5d9c:	d0498893          	addi	a7,s3,-764 # ad04 <defaults.4606+0xcac>
    5da0:	140a0593          	addi	a1,s4,320 # a140 <defaults.4606+0xe8>
    5da4:	4d0c0513          	addi	a0,s8,1232 # a4d0 <defaults.4606+0x478>
    5da8:	48e030ef          	jal	ra,9236 <iprintf>
    5dac:	100c                	addi	a1,sp,32
    5dae:	03040513          	addi	a0,s0,48
    5db2:	f91fc0ef          	jal	ra,2d42 <lfs_gstate_hasmovehere>
    5db6:	6305                	lui	t1,0x1
    5db8:	e11d                	bnez	a0,5dde <lfs_fs_deorphan.part.36+0xf6>
    5dba:	4d81                	li	s11,0
    5dbc:	4689                	li	a3,2
    5dbe:	0810                	addi	a2,sp,16
    5dc0:	100c                	addi	a1,sp,32
    5dc2:	8522                	mv	a0,s0
    5dc4:	c86e                	sw	s11,16(sp)
    5dc6:	ca02                	sw	zero,20(sp)
    5dc8:	cc56                	sw	s5,24(sp)
    5dca:	ce0a                	sw	sp,28(sp)
    5dcc:	b73ff0ef          	jal	ra,593e <lfs_dir_orphaningcommit>
    5dd0:	f80549e3          	bltz	a0,5d62 <lfs_fs_deorphan.part.36+0x7a>
    5dd4:	478d                	li	a5,3
    5dd6:	f4f51be3          	bne	a0,a5,5d2c <lfs_fs_deorphan.part.36+0x44>
    5dda:	4905                	li	s2,1
    5ddc:	bf81                	j	5d2c <lfs_fs_deorphan.part.36+0x44>
    5dde:	03042d83          	lw	s11,48(s0)
    5de2:	5712                	lw	a4,36(sp)
    5de4:	5682                	lw	a3,32(sp)
    5de6:	00addd93          	srli	s11,s11,0xa
    5dea:	3ffdfd93          	andi	s11,s11,1023
    5dee:	87ee                	mv	a5,s11
    5df0:	d0498813          	addi	a6,s3,-764
    5df4:	3bb30613          	addi	a2,t1,955 # 13bb <USBFS_IRQHandler+0xf7>
    5df8:	140a0593          	addi	a1,s4,320
    5dfc:	514c8513          	addi	a0,s9,1300 # a514 <defaults.4606+0x4bc>
    5e00:	436030ef          	jal	ra,9236 <iprintf>
    5e04:	581c                	lw	a5,48(s0)
    5e06:	02042a23          	sw	zero,52(s0)
    5e0a:	02042c23          	sw	zero,56(s0)
    5e0e:	01a7f7b3          	and	a5,a5,s10
    5e12:	d81c                	sw	a5,48(s0)
    5e14:	3ff00793          	li	a5,1023
    5e18:	fafd81e3          	beq	s11,a5,5dba <lfs_fs_deorphan.part.36+0xd2>
    5e1c:	0daa                	slli	s11,s11,0xa
    5e1e:	4ff007b7          	lui	a5,0x4ff00
    5e22:	00fdedb3          	or	s11,s11,a5
    5e26:	bf59                	j	5dbc <lfs_fs_deorphan.part.36+0xd4>
    5e28:	02000613          	li	a2,32
    5e2c:	008c                	addi	a1,sp,64
    5e2e:	1008                	addi	a0,sp,32
    5e30:	32d020ef          	jal	ra,895c <memcpy>
    5e34:	bde5                	j	5d2c <lfs_fs_deorphan.part.36+0x44>
    5e36:	4785                	li	a5,1
    5e38:	ec0484e3          	beqz	s1,5d00 <lfs_fs_deorphan.part.36+0x18>
    5e3c:	580c                	lw	a1,48(s0)
    5e3e:	03040513          	addi	a0,s0,48
    5e42:	40b005b3          	neg	a1,a1
    5e46:	05e2                	slli	a1,a1,0x18
    5e48:	85e1                	srai	a1,a1,0x18
    5e4a:	ca8fd0ef          	jal	ra,32f2 <lfs_fs_preporphans.isra.25>
    5e4e:	bf11                	j	5d62 <lfs_fs_deorphan.part.36+0x7a>
    5e50:	dce1                	beqz	s1,5e28 <lfs_fs_deorphan.part.36+0x140>
    5e52:	fc0b0be3          	beqz	s6,5e28 <lfs_fs_deorphan.part.36+0x140>
    5e56:	5772                	lw	a4,60(sp)
    5e58:	56e2                	lw	a3,56(sp)
    5e5a:	6605                	lui	a2,0x1
    5e5c:	0000a537          	lui	a0,0xa
    5e60:	3da60613          	addi	a2,a2,986 # 13da <USBFS_IRQHandler+0x116>
    5e64:	140a0593          	addi	a1,s4,320
    5e68:	d0498793          	addi	a5,s3,-764
    5e6c:	55c50513          	addi	a0,a0,1372 # a55c <defaults.4606+0x504>
    5e70:	3c6030ef          	jal	ra,9236 <iprintf>
    5e74:	04840613          	addi	a2,s0,72
    5e78:	008c                	addi	a1,sp,64
    5e7a:	8522                	mv	a0,s0
    5e7c:	afefd0ef          	jal	ra,317a <lfs_dir_getgstate>
    5e80:	ee0511e3          	bnez	a0,5d62 <lfs_fs_deorphan.part.36+0x7a>
    5e84:	05714783          	lbu	a5,87(sp)
    5e88:	00100737          	lui	a4,0x100
    5e8c:	c0870713          	addi	a4,a4,-1016 # ffc08 <_data_lma+0xf4bbc>
    5e90:	60078793          	addi	a5,a5,1536 # 4ff00600 <_eusrstack+0x2fefb600>
    5e94:	07d2                	slli	a5,a5,0x14
    5e96:	8fd9                	or	a5,a5,a4
    5e98:	c43e                	sw	a5,8(sp)
    5e9a:	4685                	li	a3,1
    5e9c:	08bc                	addi	a5,sp,88
    5e9e:	0030                	addi	a2,sp,8
    5ea0:	100c                	addi	a1,sp,32
    5ea2:	8522                	mv	a0,s0
    5ea4:	c63e                	sw	a5,12(sp)
    5ea6:	a99ff0ef          	jal	ra,593e <lfs_dir_orphaningcommit>
    5eaa:	ea054ce3          	bltz	a0,5d62 <lfs_fs_deorphan.part.36+0x7a>
    5eae:	478d                	li	a5,3
    5eb0:	e6f51ee3          	bne	a0,a5,5d2c <lfs_fs_deorphan.part.36+0x44>
    5eb4:	895a                	mv	s2,s6
    5eb6:	bd9d                	j	5d2c <lfs_fs_deorphan.part.36+0x44>

00005eb8 <lfs_dir_commit>:
    5eb8:	a78fa2ef          	jal	t0,130 <__riscv_save_0>
    5ebc:	842a                	mv	s0,a0
    5ebe:	a81ff0ef          	jal	ra,593e <lfs_dir_orphaningcommit>
    5ec2:	00054c63          	bltz	a0,5eda <lfs_dir_commit+0x22>
    5ec6:	c911                	beqz	a0,5eda <lfs_dir_commit+0x22>
    5ec8:	581c                	lw	a5,48(s0)
    5eca:	4501                	li	a0,0
    5ecc:	3ff7f793          	andi	a5,a5,1023
    5ed0:	c789                	beqz	a5,5eda <lfs_dir_commit+0x22>
    5ed2:	4581                	li	a1,0
    5ed4:	8522                	mv	a0,s0
    5ed6:	e13ff0ef          	jal	ra,5ce8 <lfs_fs_deorphan.part.36>
    5eda:	a7afa06f          	j	154 <__riscv_restore_0>

00005ede <lfs_fs_forceconsistency>:
    5ede:	a52fa2ef          	jal	t0,130 <__riscv_save_0>
    5ee2:	591c                	lw	a5,48(a0)
    5ee4:	7139                	addi	sp,sp,-64
    5ee6:	842a                	mv	s0,a0
    5ee8:	83a5                	srli	a5,a5,0x9
    5eea:	8b85                	andi	a5,a5,1
    5eec:	cbbd                	beqz	a5,5f62 <lfs_fs_forceconsistency+0x84>
    5eee:	5158                	lw	a4,36(a0)
    5ef0:	5114                	lw	a3,32(a0)
    5ef2:	0000b7b7          	lui	a5,0xb
    5ef6:	6605                	lui	a2,0x1
    5ef8:	0000a5b7          	lui	a1,0xa
    5efc:	0000a537          	lui	a0,0xa
    5f00:	33b60613          	addi	a2,a2,827 # 133b <USBFS_IRQHandler+0x77>
    5f04:	14058593          	addi	a1,a1,320 # a140 <defaults.4606+0xe8>
    5f08:	d0478793          	addi	a5,a5,-764 # ad04 <defaults.4606+0xcac>
    5f0c:	58c50513          	addi	a0,a0,1420 # a58c <defaults.4606+0x534>
    5f10:	326030ef          	jal	ra,9236 <iprintf>
    5f14:	02040613          	addi	a2,s0,32
    5f18:	100c                	addi	a1,sp,32
    5f1a:	8522                	mv	a0,s0
    5f1c:	e82fe0ef          	jal	ra,459e <lfs_dir_fetch>
    5f20:	ed21                	bnez	a0,5f78 <lfs_fs_forceconsistency+0x9a>
    5f22:	000207b7          	lui	a5,0x20
    5f26:	0785                	addi	a5,a5,1
    5f28:	c43e                	sw	a5,8(sp)
    5f2a:	543c                	lw	a5,104(s0)
    5f2c:	4685                	li	a3,1
    5f2e:	860a                	mv	a2,sp
    5f30:	4fdc                	lw	a5,28(a5)
    5f32:	100c                	addi	a1,sp,32
    5f34:	8522                	mv	a0,s0
    5f36:	c63e                	sw	a5,12(sp)
    5f38:	547c                	lw	a5,108(s0)
    5f3a:	c83e                	sw	a5,16(sp)
    5f3c:	583c                	lw	a5,112(s0)
    5f3e:	ca3e                	sw	a5,20(sp)
    5f40:	587c                	lw	a5,116(s0)
    5f42:	cc3e                	sw	a5,24(sp)
    5f44:	5c3c                	lw	a5,120(s0)
    5f46:	ce3e                	sw	a5,28(sp)
    5f48:	201007b7          	lui	a5,0x20100
    5f4c:	07e1                	addi	a5,a5,24
    5f4e:	c03e                	sw	a5,0(sp)
    5f50:	003c                	addi	a5,sp,8
    5f52:	c23e                	sw	a5,4(sp)
    5f54:	f65ff0ef          	jal	ra,5eb8 <lfs_dir_commit>
    5f58:	e105                	bnez	a0,5f78 <lfs_fs_forceconsistency+0x9a>
    5f5a:	581c                	lw	a5,48(s0)
    5f5c:	dff7f793          	andi	a5,a5,-513
    5f60:	d81c                	sw	a5,48(s0)
    5f62:	5c5c                	lw	a5,60(s0)
    5f64:	0147d713          	srli	a4,a5,0x14
    5f68:	70077713          	andi	a4,a4,1792
    5f6c:	eb09                	bnez	a4,5f7e <lfs_fs_forceconsistency+0xa0>
    5f6e:	581c                	lw	a5,48(s0)
    5f70:	4501                	li	a0,0
    5f72:	3ff7f793          	andi	a5,a5,1023
    5f76:	e3dd                	bnez	a5,601c <lfs_fs_forceconsistency+0x13e>
    5f78:	6121                	addi	sp,sp,64
    5f7a:	9dafa06f          	j	154 <__riscv_restore_0>
    5f7e:	4078                	lw	a4,68(s0)
    5f80:	4034                	lw	a3,64(s0)
    5f82:	83a9                	srli	a5,a5,0xa
    5f84:	0000b837          	lui	a6,0xb
    5f88:	6905                	lui	s2,0x1
    5f8a:	0000a4b7          	lui	s1,0xa
    5f8e:	0000a537          	lui	a0,0xa
    5f92:	3ff7f793          	andi	a5,a5,1023
    5f96:	d0480813          	addi	a6,a6,-764 # ad04 <defaults.4606+0xcac>
    5f9a:	36490613          	addi	a2,s2,868 # 1364 <USBFS_IRQHandler+0xa0>
    5f9e:	14048593          	addi	a1,s1,320 # a140 <defaults.4606+0xe8>
    5fa2:	5c050513          	addi	a0,a0,1472 # a5c0 <defaults.4606+0x568>
    5fa6:	290030ef          	jal	ra,9236 <iprintf>
    5faa:	5c5c                	lw	a5,60(s0)
    5fac:	4ff00713          	li	a4,1279
    5fb0:	83d1                	srli	a5,a5,0x14
    5fb2:	7ff7f793          	andi	a5,a5,2047
    5fb6:	00e78f63          	beq	a5,a4,5fd4 <lfs_fs_forceconsistency+0xf6>
    5fba:	0000a6b7          	lui	a3,0xa
    5fbe:	6629                	lui	a2,0xa
    5fc0:	5f468693          	addi	a3,a3,1524 # a5f4 <defaults.4606+0x59c>
    5fc4:	fd460613          	addi	a2,a2,-44 # 9fd4 <__func__.4995>
    5fc8:	36890593          	addi	a1,s2,872
    5fcc:	14048513          	addi	a0,s1,320
    5fd0:	0f5020ef          	jal	ra,88c4 <__assert_func>
    5fd4:	04040613          	addi	a2,s0,64
    5fd8:	100c                	addi	a1,sp,32
    5fda:	8522                	mv	a0,s0
    5fdc:	dc2fe0ef          	jal	ra,459e <lfs_dir_fetch>
    5fe0:	fd41                	bnez	a0,5f78 <lfs_fs_forceconsistency+0x9a>
    5fe2:	5c5c                	lw	a5,60(s0)
    5fe4:	5818                	lw	a4,48(s0)
    5fe6:	800006b7          	lui	a3,0x80000
    5fea:	3ff68693          	addi	a3,a3,1023 # 800003ff <_eusrstack+0x5fffb3ff>
    5fee:	83a9                	srli	a5,a5,0xa
    5ff0:	8f75                	and	a4,a4,a3
    5ff2:	3ff7f793          	andi	a5,a5,1023
    5ff6:	d818                	sw	a4,48(s0)
    5ff8:	07aa                	slli	a5,a5,0xa
    5ffa:	4ff00737          	lui	a4,0x4ff00
    5ffe:	8fd9                	or	a5,a5,a4
    6000:	02042a23          	sw	zero,52(s0)
    6004:	02042c23          	sw	zero,56(s0)
    6008:	4685                	li	a3,1
    600a:	0030                	addi	a2,sp,8
    600c:	100c                	addi	a1,sp,32
    600e:	8522                	mv	a0,s0
    6010:	c43e                	sw	a5,8(sp)
    6012:	c602                	sw	zero,12(sp)
    6014:	ea5ff0ef          	jal	ra,5eb8 <lfs_dir_commit>
    6018:	d939                	beqz	a0,5f6e <lfs_fs_forceconsistency+0x90>
    601a:	bfb9                	j	5f78 <lfs_fs_forceconsistency+0x9a>
    601c:	4585                	li	a1,1
    601e:	8522                	mv	a0,s0
    6020:	cc9ff0ef          	jal	ra,5ce8 <lfs_fs_deorphan.part.36>
    6024:	bf91                	j	5f78 <lfs_fs_forceconsistency+0x9a>

00006026 <lfs_dir_drop>:
    6026:	90afa2ef          	jal	t0,130 <__riscv_save_0>
    602a:	8432                	mv	s0,a2
    602c:	1141                	addi	sp,sp,-16
    602e:	892e                	mv	s2,a1
    6030:	04850613          	addi	a2,a0,72
    6034:	85a2                	mv	a1,s0
    6036:	84aa                	mv	s1,a0
    6038:	942fd0ef          	jal	ra,317a <lfs_dir_getgstate>
    603c:	e11d                	bnez	a0,6062 <lfs_dir_drop+0x3c>
    603e:	387c                	lbu	a5,23(s0)
    6040:	00100737          	lui	a4,0x100
    6044:	c0870713          	addi	a4,a4,-1016 # ffc08 <_data_lma+0xf4bbc>
    6048:	60078793          	addi	a5,a5,1536 # 20100600 <_eusrstack+0xfb600>
    604c:	07d2                	slli	a5,a5,0x14
    604e:	8fd9                	or	a5,a5,a4
    6050:	0461                	addi	s0,s0,24
    6052:	4685                	li	a3,1
    6054:	0030                	addi	a2,sp,8
    6056:	85ca                	mv	a1,s2
    6058:	8526                	mv	a0,s1
    605a:	c43e                	sw	a5,8(sp)
    605c:	c622                	sw	s0,12(sp)
    605e:	e5bff0ef          	jal	ra,5eb8 <lfs_dir_commit>
    6062:	0141                	addi	sp,sp,16
    6064:	8f0fa06f          	j	154 <__riscv_restore_0>

00006068 <lfs_file_sync_>:
    6068:	599c                	lw	a5,48(a1)
    606a:	00c79713          	slli	a4,a5,0xc
    606e:	00075863          	bgez	a4,607e <lfs_file_sync_+0x16>
    6072:	4501                	li	a0,0
    6074:	8082                	ret
    6076:	4501                	li	a0,0
    6078:	6105                	addi	sp,sp,32
    607a:	8d0fa06f          	j	14a <__riscv_restore_4>
    607e:	898fa2ef          	jal	t0,116 <__riscv_save_4>
    6082:	1101                	addi	sp,sp,-32
    6084:	842e                	mv	s0,a1
    6086:	84aa                	mv	s1,a0
    6088:	ef2ff0ef          	jal	ra,577a <lfs_file_flush>
    608c:	03042903          	lw	s2,48(s0)
    6090:	c901                	beqz	a0,60a0 <lfs_file_sync_+0x38>
    6092:	000807b7          	lui	a5,0x80
    6096:	00f96933          	or	s2,s2,a5
    609a:	03242823          	sw	s2,48(s0)
    609e:	bfe9                	j	6078 <lfs_file_sync_+0x10>
    60a0:	00f91793          	slli	a5,s2,0xf
    60a4:	fc07d9e3          	bgez	a5,6076 <lfs_file_sync_+0xe>
    60a8:	00840993          	addi	s3,s0,8
    60ac:	854e                	mv	a0,s3
    60ae:	c15fc0ef          	jal	ra,2cc2 <lfs_pair_isnull>
    60b2:	f171                	bnez	a0,6076 <lfs_file_sync_+0xe>
    60b4:	00b91793          	slli	a5,s2,0xb
    60b8:	0407d363          	bgez	a5,60fe <lfs_file_sync_+0x96>
    60bc:	4470                	lw	a2,76(s0)
    60be:	5454                	lw	a3,44(s0)
    60c0:	20100713          	li	a4,513
    60c4:	205e                	lhu	a5,4(s0)
    60c6:	0752                	slli	a4,a4,0x14
    60c8:	ca32                	sw	a2,20(sp)
    60ca:	07aa                	slli	a5,a5,0xa
    60cc:	8edd                	or	a3,a3,a5
    60ce:	8f55                	or	a4,a4,a3
    60d0:	c83a                	sw	a4,16(sp)
    60d2:	4838                	lw	a4,80(s0)
    60d4:	0810                	addi	a2,sp,16
    60d6:	85ce                	mv	a1,s3
    60d8:	4714                	lw	a3,8(a4)
    60da:	8526                	mv	a0,s1
    60dc:	8fd5                	or	a5,a5,a3
    60de:	102006b7          	lui	a3,0x10200
    60e2:	8fd5                	or	a5,a5,a3
    60e4:	cc3e                	sw	a5,24(sp)
    60e6:	435c                	lw	a5,4(a4)
    60e8:	4689                	li	a3,2
    60ea:	ce3e                	sw	a5,28(sp)
    60ec:	dcdff0ef          	jal	ra,5eb8 <lfs_dir_commit>
    60f0:	581c                	lw	a5,48(s0)
    60f2:	c91d                	beqz	a0,6128 <lfs_file_sync_+0xc0>
    60f4:	00080737          	lui	a4,0x80
    60f8:	8fd9                	or	a5,a5,a4
    60fa:	d81c                	sw	a5,48(s0)
    60fc:	bfb5                	j	6078 <lfs_file_sync_+0x10>
    60fe:	8626                	mv	a2,s1
    6100:	01048593          	addi	a1,s1,16
    6104:	8526                	mv	a0,s1
    6106:	e4ffd0ef          	jal	ra,3f54 <lfs_bd_sync.constprop.46>
    610a:	f53d                	bnez	a0,6078 <lfs_file_sync_+0x10>
    610c:	581c                	lw	a5,48(s0)
    610e:	00b79713          	slli	a4,a5,0xb
    6112:	fa0745e3          	bltz	a4,60bc <lfs_file_sync_+0x54>
    6116:	541c                	lw	a5,40(s0)
    6118:	46a1                	li	a3,8
    611a:	0030                	addi	a2,sp,8
    611c:	c43e                	sw	a5,8(sp)
    611e:	545c                	lw	a5,44(s0)
    6120:	20200713          	li	a4,514
    6124:	c63e                	sw	a5,12(sp)
    6126:	bf79                	j	60c4 <lfs_file_sync_+0x5c>
    6128:	7741                	lui	a4,0xffff0
    612a:	177d                	addi	a4,a4,-1
    612c:	8ff9                	and	a5,a5,a4
    612e:	b7f1                	j	60fa <lfs_file_sync_+0x92>

00006130 <lfs_file_close_>:
    6130:	800fa2ef          	jal	t0,130 <__riscv_save_0>
    6134:	84aa                	mv	s1,a0
    6136:	842e                	mv	s0,a1
    6138:	f31ff0ef          	jal	ra,6068 <lfs_file_sync_>
    613c:	549c                	lw	a5,40(s1)
    613e:	892a                	mv	s2,a0
    6140:	02848713          	addi	a4,s1,40
    6144:	c789                	beqz	a5,614e <lfs_file_close_+0x1e>
    6146:	4394                	lw	a3,0(a5)
    6148:	00f41c63          	bne	s0,a5,6160 <lfs_file_close_+0x30>
    614c:	c314                	sw	a3,0(a4)
    614e:	483c                	lw	a5,80(s0)
    6150:	439c                	lw	a5,0(a5)
    6152:	e781                	bnez	a5,615a <lfs_file_close_+0x2a>
    6154:	4468                	lw	a0,76(s0)
    6156:	7d8020ef          	jal	ra,892e <free>
    615a:	854a                	mv	a0,s2
    615c:	ff9f906f          	j	154 <__riscv_restore_0>
    6160:	873e                	mv	a4,a5
    6162:	87b6                	mv	a5,a3
    6164:	b7c5                	j	6144 <lfs_file_close_+0x14>

00006166 <lfs_file_opencfg_>:
    6166:	fa3f92ef          	jal	t0,108 <__riscv_save_10>
    616a:	7179                	addi	sp,sp,-48
    616c:	c632                	sw	a2,12(sp)
    616e:	0026f793          	andi	a5,a3,2
    6172:	892a                	mv	s2,a0
    6174:	84ae                	mv	s1,a1
    6176:	89b6                	mv	s3,a3
    6178:	eba1                	bnez	a5,61c8 <lfs_file_opencfg_+0x62>
    617a:	00848a13          	addi	s4,s1,8
    617e:	c8b8                	sw	a4,80(s1)
    6180:	0334a823          	sw	s3,48(s1)
    6184:	0204aa23          	sw	zero,52(s1)
    6188:	0204ae23          	sw	zero,60(s1)
    618c:	0404a623          	sw	zero,76(s1)
    6190:	00448693          	addi	a3,s1,4
    6194:	0070                	addi	a2,sp,12
    6196:	85d2                	mv	a1,s4
    6198:	854a                	mv	a0,s2
    619a:	c1afe0ef          	jal	ra,45b4 <lfs_dir_find>
    619e:	842a                	mv	s0,a0
    61a0:	02055e63          	bgez	a0,61dc <lfs_file_opencfg_+0x76>
    61a4:	57f9                	li	a5,-2
    61a6:	00f51763          	bne	a0,a5,61b4 <lfs_file_opencfg_+0x4e>
    61aa:	4532                	lw	a0,12(sp)
    61ac:	d7efe0ef          	jal	ra,472a <lfs_path_islast>
    61b0:	e515                	bnez	a0,61dc <lfs_file_opencfg_+0x76>
    61b2:	5479                	li	s0,-2
    61b4:	589c                	lw	a5,48(s1)
    61b6:	00080737          	lui	a4,0x80
    61ba:	85a6                	mv	a1,s1
    61bc:	8fd9                	or	a5,a5,a4
    61be:	d89c                	sw	a5,48(s1)
    61c0:	854a                	mv	a0,s2
    61c2:	f6fff0ef          	jal	ra,6130 <lfs_file_close_>
    61c6:	a039                	j	61d4 <lfs_file_opencfg_+0x6e>
    61c8:	c43a                	sw	a4,8(sp)
    61ca:	d15ff0ef          	jal	ra,5ede <lfs_fs_forceconsistency>
    61ce:	842a                	mv	s0,a0
    61d0:	4722                	lw	a4,8(sp)
    61d2:	d545                	beqz	a0,617a <lfs_file_opencfg_+0x14>
    61d4:	8522                	mv	a0,s0
    61d6:	6145                	addi	sp,sp,48
    61d8:	f69f906f          	j	140 <__riscv_restore_10>
    61dc:	4785                	li	a5,1
    61de:	a0fc                	sb	a5,6(s1)
    61e0:	02892783          	lw	a5,40(s2)
    61e4:	c09c                	sw	a5,0(s1)
    61e6:	02992423          	sw	s1,40(s2)
    61ea:	57f9                	li	a5,-2
    61ec:	0af41863          	bne	s0,a5,629c <lfs_file_opencfg_+0x136>
    61f0:	1009f993          	andi	s3,s3,256
    61f4:	fa098fe3          	beqz	s3,61b2 <lfs_file_opencfg_+0x4c>
    61f8:	4432                	lw	s0,12(sp)
    61fa:	0000a5b7          	lui	a1,0xa
    61fe:	22458593          	addi	a1,a1,548 # a224 <defaults.4606+0x1cc>
    6202:	8522                	mv	a0,s0
    6204:	194030ef          	jal	ra,9398 <strcspn>
    6208:	00a407b3          	add	a5,s0,a0
    620c:	00078783          	lb	a5,0(a5) # 80000 <_data_lma+0x74fb4>
    6210:	1a079363          	bnez	a5,63b6 <lfs_file_opencfg_+0x250>
    6214:	07092783          	lw	a5,112(s2)
    6218:	00a7f563          	bgeu	a5,a0,6222 <lfs_file_opencfg_+0xbc>
    621c:	fdc00413          	li	s0,-36
    6220:	bf51                	j	61b4 <lfs_file_opencfg_+0x4e>
    6222:	20de                	lhu	a5,4(s1)
    6224:	40100737          	lui	a4,0x40100
    6228:	468d                	li	a3,3
    622a:	07aa                	slli	a5,a5,0xa
    622c:	8f5d                	or	a4,a4,a5
    622e:	cc3a                	sw	a4,24(sp)
    6230:	8d5d                	or	a0,a0,a5
    6232:	00100737          	lui	a4,0x100
    6236:	8d59                	or	a0,a0,a4
    6238:	20100737          	lui	a4,0x20100
    623c:	8fd9                	or	a5,a5,a4
    623e:	d02a                	sw	a0,32(sp)
    6240:	0830                	addi	a2,sp,24
    6242:	85d2                	mv	a1,s4
    6244:	854a                	mv	a0,s2
    6246:	d222                	sw	s0,36(sp)
    6248:	d43e                	sw	a5,40(sp)
    624a:	ce02                	sw	zero,28(sp)
    624c:	d602                	sw	zero,44(sp)
    624e:	c6bff0ef          	jal	ra,5eb8 <lfs_dir_commit>
    6252:	5791                	li	a5,-28
    6254:	842a                	mv	s0,a0
    6256:	fcf503e3          	beq	a0,a5,621c <lfs_file_opencfg_+0xb6>
    625a:	fd29                	bnez	a0,61b4 <lfs_file_opencfg_+0x4e>
    625c:	20100437          	lui	s0,0x20100
    6260:	80000ab7          	lui	s5,0x80000
    6264:	4981                	li	s3,0
    6266:	4b31                	li	s6,12
    6268:	c00aca93          	xori	s5,s5,-1024
    626c:	5bf9                	li	s7,-2
    626e:	6c41                	lui	s8,0x10
    6270:	48bc                	lw	a5,80(s1)
    6272:	4798                	lw	a4,8(a5)
    6274:	06e9ee63          	bltu	s3,a4,62f0 <lfs_file_opencfg_+0x18a>
    6278:	439c                	lw	a5,0(a5)
    627a:	06892983          	lw	s3,104(s2)
    627e:	cbe9                	beqz	a5,6350 <lfs_file_opencfg_+0x1ea>
    6280:	c4fc                	sw	a5,76(s1)
    6282:	04048593          	addi	a1,s1,64
    6286:	854e                	mv	a0,s3
    6288:	8d6fd0ef          	jal	ra,335e <lfs_cache_zero.isra.27>
    628c:	01445793          	srli	a5,s0,0x14
    6290:	20100713          	li	a4,513
    6294:	0ce78663          	beq	a5,a4,6360 <lfs_file_opencfg_+0x1fa>
    6298:	4401                	li	s0,0
    629a:	bf2d                	j	61d4 <lfs_file_opencfg_+0x6e>
    629c:	2009f793          	andi	a5,s3,512
    62a0:	10079d63          	bnez	a5,63ba <lfs_file_opencfg_+0x254>
    62a4:	8051                	srli	s0,s0,0x14
    62a6:	7ff47413          	andi	s0,s0,2047
    62aa:	4785                	li	a5,1
    62ac:	10f41963          	bne	s0,a5,63be <lfs_file_opencfg_+0x258>
    62b0:	20c2                	lhu	s0,4(s1)
    62b2:	4009f993          	andi	s3,s3,1024
    62b6:	042a                	slli	s0,s0,0xa
    62b8:	00098a63          	beqz	s3,62cc <lfs_file_opencfg_+0x166>
    62bc:	589c                	lw	a5,48(s1)
    62be:	6741                	lui	a4,0x10
    62c0:	201006b7          	lui	a3,0x20100
    62c4:	8fd9                	or	a5,a5,a4
    62c6:	8c55                	or	s0,s0,a3
    62c8:	d89c                	sw	a5,48(s1)
    62ca:	bf59                	j	6260 <lfs_file_opencfg_+0xfa>
    62cc:	200006b7          	lui	a3,0x20000
    62d0:	06a1                	addi	a3,a3,8
    62d2:	70100637          	lui	a2,0x70100
    62d6:	8ec1                	or	a3,a3,s0
    62d8:	02848713          	addi	a4,s1,40
    62dc:	c0060613          	addi	a2,a2,-1024 # 700ffc00 <_eusrstack+0x500fac00>
    62e0:	85d2                	mv	a1,s4
    62e2:	854a                	mv	a0,s2
    62e4:	e83fc0ef          	jal	ra,3166 <lfs_dir_get>
    62e8:	842a                	mv	s0,a0
    62ea:	f6055be3          	bgez	a0,6260 <lfs_file_opencfg_+0xfa>
    62ee:	b5d9                	j	61b4 <lfs_file_opencfg_+0x4e>
    62f0:	5898                	lw	a4,48(s1)
    62f2:	8b05                	andi	a4,a4,1
    62f4:	e719                	bnez	a4,6302 <lfs_file_opencfg_+0x19c>
    62f6:	589c                	lw	a5,48(s1)
    62f8:	0027f713          	andi	a4,a5,2
    62fc:	ef05                	bnez	a4,6334 <lfs_file_opencfg_+0x1ce>
    62fe:	0985                	addi	s3,s3,1
    6300:	bf85                	j	6270 <lfs_file_opencfg_+0x10a>
    6302:	03698733          	mul	a4,s3,s6
    6306:	43dc                	lw	a5,4(a5)
    6308:	20d6                	lhu	a3,4(s1)
    630a:	8656                	mv	a2,s5
    630c:	85d2                	mv	a1,s4
    630e:	06aa                	slli	a3,a3,0xa
    6310:	854a                	mv	a0,s2
    6312:	973e                	add	a4,a4,a5
    6314:	471c                	lw	a5,8(a4)
    6316:	8edd                	or	a3,a3,a5
    6318:	231c                	lbu	a5,0(a4)
    631a:	4358                	lw	a4,4(a4)
    631c:	30078793          	addi	a5,a5,768
    6320:	07d2                	slli	a5,a5,0x14
    6322:	8edd                	or	a3,a3,a5
    6324:	e43fc0ef          	jal	ra,3166 <lfs_dir_get>
    6328:	fc0557e3          	bgez	a0,62f6 <lfs_file_opencfg_+0x190>
    632c:	fd7505e3          	beq	a0,s7,62f6 <lfs_file_opencfg_+0x190>
    6330:	842a                	mv	s0,a0
    6332:	b549                	j	61b4 <lfs_file_opencfg_+0x4e>
    6334:	036986b3          	mul	a3,s3,s6
    6338:	48b8                	lw	a4,80(s1)
    633a:	4358                	lw	a4,4(a4)
    633c:	9736                	add	a4,a4,a3
    633e:	4714                	lw	a3,8(a4)
    6340:	07892703          	lw	a4,120(s2)
    6344:	06d76f63          	bltu	a4,a3,63c2 <lfs_file_opencfg_+0x25c>
    6348:	0187e7b3          	or	a5,a5,s8
    634c:	d89c                	sw	a5,48(s1)
    634e:	bf45                	j	62fe <lfs_file_opencfg_+0x198>
    6350:	0289a503          	lw	a0,40(s3)
    6354:	5d0020ef          	jal	ra,8924 <malloc>
    6358:	c4e8                	sw	a0,76(s1)
    635a:	f505                	bnez	a0,6282 <lfs_file_opencfg_+0x11c>
    635c:	5451                	li	s0,-12
    635e:	bd99                	j	61b4 <lfs_file_opencfg_+0x4e>
    6360:	589c                	lw	a5,48(s1)
    6362:	001006b7          	lui	a3,0x100
    6366:	5779                	li	a4,-2
    6368:	8fd5                	or	a5,a5,a3
    636a:	d89c                	sw	a5,48(s1)
    636c:	06892783          	lw	a5,104(s2)
    6370:	3ff47413          	andi	s0,s0,1023
    6374:	d498                	sw	a4,40(s1)
    6376:	5794                	lw	a3,40(a5)
    6378:	d4c0                	sw	s0,44(s1)
    637a:	c0b8                	sw	a4,64(s1)
    637c:	0404a223          	sw	zero,68(s1)
    6380:	c4b4                	sw	a3,72(s1)
    6382:	d819                	beqz	s0,6298 <lfs_file_opencfg_+0x132>
    6384:	20de                	lhu	a5,4(s1)
    6386:	3fe00613          	li	a2,1022
    638a:	44f8                	lw	a4,76(s1)
    638c:	07aa                	slli	a5,a5,0xa
    638e:	00d67463          	bgeu	a2,a3,6396 <lfs_file_opencfg_+0x230>
    6392:	3fe00693          	li	a3,1022
    6396:	8edd                	or	a3,a3,a5
    6398:	70100637          	lui	a2,0x70100
    639c:	200007b7          	lui	a5,0x20000
    63a0:	8edd                	or	a3,a3,a5
    63a2:	c0060613          	addi	a2,a2,-1024 # 700ffc00 <_eusrstack+0x500fac00>
    63a6:	85d2                	mv	a1,s4
    63a8:	854a                	mv	a0,s2
    63aa:	dbdfc0ef          	jal	ra,3166 <lfs_dir_get>
    63ae:	842a                	mv	s0,a0
    63b0:	ee0554e3          	bgez	a0,6298 <lfs_file_opencfg_+0x132>
    63b4:	b501                	j	61b4 <lfs_file_opencfg_+0x4e>
    63b6:	5431                	li	s0,-20
    63b8:	bbf5                	j	61b4 <lfs_file_opencfg_+0x4e>
    63ba:	543d                	li	s0,-17
    63bc:	bbe5                	j	61b4 <lfs_file_opencfg_+0x4e>
    63be:	542d                	li	s0,-21
    63c0:	bbd5                	j	61b4 <lfs_file_opencfg_+0x4e>
    63c2:	5411                	li	s0,-28
    63c4:	bbc5                	j	61b4 <lfs_file_opencfg_+0x4e>

000063c6 <lfs_file_write_>:
    63c6:	d51f92ef          	jal	t0,116 <__riscv_save_4>
    63ca:	599c                	lw	a5,48(a1)
    63cc:	1141                	addi	sp,sp,-16
    63ce:	0027f713          	andi	a4,a5,2
    63d2:	e30d                	bnez	a4,63f4 <lfs_file_write_+0x2e>
    63d4:	0000a6b7          	lui	a3,0xa
    63d8:	6629                	lui	a2,0xa
    63da:	6585                	lui	a1,0x1
    63dc:	0000a537          	lui	a0,0xa
    63e0:	47c68693          	addi	a3,a3,1148 # a47c <defaults.4606+0x424>
    63e4:	f6c60613          	addi	a2,a2,-148 # 9f6c <__func__.4706>
    63e8:	e4a58593          	addi	a1,a1,-438 # e4a <run+0x1d0>
    63ec:	14050513          	addi	a0,a0,320 # a140 <defaults.4606+0xe8>
    63f0:	4d4020ef          	jal	ra,88c4 <__assert_func>
    63f4:	00d79713          	slli	a4,a5,0xd
    63f8:	84aa                	mv	s1,a0
    63fa:	842e                	mv	s0,a1
    63fc:	8a32                	mv	s4,a2
    63fe:	89b6                	mv	s3,a3
    6400:	04074263          	bltz	a4,6444 <lfs_file_write_+0x7e>
    6404:	581c                	lw	a5,48(s0)
    6406:	01479713          	slli	a4,a5,0x14
    640a:	04074363          	bltz	a4,6450 <lfs_file_write_+0x8a>
    640e:	03442903          	lw	s2,52(s0) # 20100034 <_eusrstack+0xfb034>
    6412:	58f8                	lw	a4,116(s1)
    6414:	5515                	li	a0,-27
    6416:	013906b3          	add	a3,s2,s3
    641a:	02d76863          	bltu	a4,a3,644a <lfs_file_write_+0x84>
    641e:	00e79713          	slli	a4,a5,0xe
    6422:	02075d63          	bgez	a4,645c <lfs_file_write_+0x96>
    6426:	86ce                	mv	a3,s3
    6428:	8652                	mv	a2,s4
    642a:	85a2                	mv	a1,s0
    642c:	8526                	mv	a0,s1
    642e:	8ceff0ef          	jal	ra,54fc <lfs_file_flushedwrite>
    6432:	00054c63          	bltz	a0,644a <lfs_file_write_+0x84>
    6436:	581c                	lw	a5,48(s0)
    6438:	fff80737          	lui	a4,0xfff80
    643c:	177d                	addi	a4,a4,-1
    643e:	8ff9                	and	a5,a5,a4
    6440:	d81c                	sw	a5,48(s0)
    6442:	a021                	j	644a <lfs_file_write_+0x84>
    6444:	b36ff0ef          	jal	ra,577a <lfs_file_flush>
    6448:	dd55                	beqz	a0,6404 <lfs_file_write_+0x3e>
    644a:	0141                	addi	sp,sp,16
    644c:	cfff906f          	j	14a <__riscv_restore_4>
    6450:	5458                	lw	a4,44(s0)
    6452:	5854                	lw	a3,52(s0)
    6454:	fae6fde3          	bgeu	a3,a4,640e <lfs_file_write_+0x48>
    6458:	d858                	sw	a4,52(s0)
    645a:	bf55                	j	640e <lfs_file_write_+0x48>
    645c:	545c                	lw	a5,44(s0)
    645e:	fd27f4e3          	bgeu	a5,s2,6426 <lfs_file_write_+0x60>
    6462:	d85c                	sw	a5,52(s0)
    6464:	4685                	li	a3,1
    6466:	00f10613          	addi	a2,sp,15
    646a:	85a2                	mv	a1,s0
    646c:	8526                	mv	a0,s1
    646e:	000107a3          	sb	zero,15(sp)
    6472:	88aff0ef          	jal	ra,54fc <lfs_file_flushedwrite>
    6476:	fc054ae3          	bltz	a0,644a <lfs_file_write_+0x84>
    647a:	585c                	lw	a5,52(s0)
    647c:	ff27e4e3          	bltu	a5,s2,6464 <lfs_file_write_+0x9e>
    6480:	b75d                	j	6426 <lfs_file_write_+0x60>

00006482 <lfs_format>:
    6482:	caff92ef          	jal	t0,130 <__riscv_save_0>
    6486:	711d                	addi	sp,sp,-96
    6488:	842a                	mv	s0,a0
    648a:	892e                	mv	s2,a1
    648c:	eedfc0ef          	jal	ra,3378 <lfs_init>
    6490:	0e051263          	bnez	a0,6574 <lfs_format+0xf2>
    6494:	02092783          	lw	a5,32(s2)
    6498:	e38d                	bnez	a5,64ba <lfs_format+0x38>
    649a:	0000a6b7          	lui	a3,0xa
    649e:	6629                	lui	a2,0xa
    64a0:	6585                	lui	a1,0x1
    64a2:	0000a537          	lui	a0,0xa
    64a6:	4ac68693          	addi	a3,a3,1196 # a4ac <defaults.4606+0x454>
    64aa:	fb460613          	addi	a2,a2,-76 # 9fb4 <__func__.4853>
    64ae:	12f58593          	addi	a1,a1,303 # 112f <USBFS_Device_Endp_Init+0x27>
    64b2:	14050513          	addi	a0,a0,320 # a140 <defaults.4606+0xe8>
    64b6:	40e020ef          	jal	ra,88c4 <__assert_func>
    64ba:	543c                	lw	a5,104(s0)
    64bc:	5068                	lw	a0,100(s0)
    64be:	4581                	li	a1,0
    64c0:	57d0                	lw	a2,44(a5)
    64c2:	c9ff90ef          	jal	ra,160 <memset>
    64c6:	543c                	lw	a5,104(s0)
    64c8:	5478                	lw	a4,108(s0)
    64ca:	04042a23          	sw	zero,84(s0)
    64ce:	57dc                	lw	a5,44(a5)
    64d0:	078e                	slli	a5,a5,0x3
    64d2:	00f77363          	bgeu	a4,a5,64d8 <lfs_format+0x56>
    64d6:	87ba                	mv	a5,a4
    64d8:	cc3c                	sw	a5,88(s0)
    64da:	04042e23          	sw	zero,92(s0)
    64de:	d038                	sw	a4,96(s0)
    64e0:	008c                	addi	a1,sp,64
    64e2:	8522                	mv	a0,s0
    64e4:	efafe0ef          	jal	ra,4bde <lfs_dir_alloc.part.34>
    64e8:	84aa                	mv	s1,a0
    64ea:	ed35                	bnez	a0,6566 <lfs_format+0xe4>
    64ec:	000207b7          	lui	a5,0x20
    64f0:	0785                	addi	a5,a5,1
    64f2:	c83e                	sw	a5,16(sp)
    64f4:	543c                	lw	a5,104(s0)
    64f6:	468d                	li	a3,3
    64f8:	1030                	addi	a2,sp,40
    64fa:	4fdc                	lw	a5,28(a5)
    64fc:	008c                	addi	a1,sp,64
    64fe:	8522                	mv	a0,s0
    6500:	ca3e                	sw	a5,20(sp)
    6502:	547c                	lw	a5,108(s0)
    6504:	d602                	sw	zero,44(sp)
    6506:	cc3e                	sw	a5,24(sp)
    6508:	583c                	lw	a5,112(s0)
    650a:	ce3e                	sw	a5,28(sp)
    650c:	587c                	lw	a5,116(s0)
    650e:	d03e                	sw	a5,32(sp)
    6510:	5c3c                	lw	a5,120(s0)
    6512:	d23e                	sw	a5,36(sp)
    6514:	401007b7          	lui	a5,0x40100
    6518:	d43e                	sw	a5,40(sp)
    651a:	0ff007b7          	lui	a5,0xff00
    651e:	07a1                	addi	a5,a5,8
    6520:	d83e                	sw	a5,48(sp)
    6522:	0000a7b7          	lui	a5,0xa
    6526:	4c478793          	addi	a5,a5,1220 # a4c4 <defaults.4606+0x46c>
    652a:	da3e                	sw	a5,52(sp)
    652c:	201007b7          	lui	a5,0x20100
    6530:	07e1                	addi	a5,a5,24
    6532:	dc3e                	sw	a5,56(sp)
    6534:	081c                	addi	a5,sp,16
    6536:	de3e                	sw	a5,60(sp)
    6538:	981ff0ef          	jal	ra,5eb8 <lfs_dir_commit>
    653c:	84aa                	mv	s1,a0
    653e:	e505                	bnez	a0,6566 <lfs_format+0xe4>
    6540:	4681                	li	a3,0
    6542:	4601                	li	a2,0
    6544:	008c                	addi	a1,sp,64
    6546:	8522                	mv	a0,s0
    6548:	04010b23          	sb	zero,86(sp)
    654c:	96dff0ef          	jal	ra,5eb8 <lfs_dir_commit>
    6550:	84aa                	mv	s1,a0
    6552:	e911                	bnez	a0,6566 <lfs_format+0xe4>
    6554:	4785                	li	a5,1
    6556:	0030                	addi	a2,sp,8
    6558:	008c                	addi	a1,sp,64
    655a:	8522                	mv	a0,s0
    655c:	c402                	sw	zero,8(sp)
    655e:	c63e                	sw	a5,12(sp)
    6560:	83efe0ef          	jal	ra,459e <lfs_dir_fetch>
    6564:	84aa                	mv	s1,a0
    6566:	8522                	mv	a0,s0
    6568:	c81fc0ef          	jal	ra,31e8 <lfs_deinit>
    656c:	8526                	mv	a0,s1
    656e:	6125                	addi	sp,sp,96
    6570:	be5f906f          	j	154 <__riscv_restore_0>
    6574:	84aa                	mv	s1,a0
    6576:	bfdd                	j	656c <lfs_format+0xea>

00006578 <lfs_unmount>:
    6578:	bb9f92ef          	jal	t0,130 <__riscv_save_0>
    657c:	c6dfc0ef          	jal	ra,31e8 <lfs_deinit>
    6580:	bd5f906f          	j	154 <__riscv_restore_0>

00006584 <lfs_mount>:
    6584:	b85f92ef          	jal	t0,108 <__riscv_save_10>
    6588:	711d                	addi	sp,sp,-96
    658a:	842a                	mv	s0,a0
    658c:	dedfc0ef          	jal	ra,3378 <lfs_init>
    6590:	892a                	mv	s2,a0
    6592:	e14d                	bnez	a0,6634 <lfs_mount+0xb0>
    6594:	4671                	li	a2,28
    6596:	4581                	li	a1,0
    6598:	0088                	addi	a0,sp,64
    659a:	bc7f90ef          	jal	ra,160 <memset>
    659e:	65a9                	lui	a1,0xa
    65a0:	4785                	li	a5,1
    65a2:	4641                	li	a2,16
    65a4:	d6858593          	addi	a1,a1,-664 # 9d68 <_exit+0x4>
    65a8:	0828                	addi	a0,sp,24
    65aa:	0000a9b7          	lui	s3,0xa
    65ae:	6a41                	lui	s4,0x10
    65b0:	cebe                	sw	a5,92(sp)
    65b2:	4c498993          	addi	s3,s3,1220 # a4c4 <defaults.4606+0x46c>
    65b6:	3a6020ef          	jal	ra,895c <memcpy>
    65ba:	00004ab7          	lui	s5,0x4
    65be:	1a7d                	addi	s4,s4,-1
    65c0:	0000bb37          	lui	s6,0xb
    65c4:	0000abb7          	lui	s7,0xa
    65c8:	0000bc37          	lui	s8,0xb
    65cc:	08a8                	addi	a0,sp,88
    65ce:	ef4fc0ef          	jal	ra,2cc2 <lfs_pair_isnull>
    65d2:	8caa                	mv	s9,a0
    65d4:	c525                	beqz	a0,663c <lfs_mount+0xb8>
    65d6:	03040493          	addi	s1,s0,48
    65da:	8526                	mv	a0,s1
    65dc:	f50fc0ef          	jal	ra,2d2c <lfs_gstate_iszero>
    65e0:	e50d                	bnez	a0,660a <lfs_mount+0x86>
    65e2:	5c1c                	lw	a5,56(s0)
    65e4:	5858                	lw	a4,52(s0)
    65e6:	5814                	lw	a3,48(s0)
    65e8:	0000b837          	lui	a6,0xb
    65ec:	6605                	lui	a2,0x1
    65ee:	0000a5b7          	lui	a1,0xa
    65f2:	0000b537          	lui	a0,0xb
    65f6:	d0480813          	addi	a6,a6,-764 # ad04 <defaults.4606+0xcac>
    65fa:	21660613          	addi	a2,a2,534 # 1216 <USBFS_Endp_DataUp+0x3c>
    65fe:	14058593          	addi	a1,a1,320 # a140 <defaults.4606+0xe8>
    6602:	d3850513          	addi	a0,a0,-712 # ad38 <defaults.4606+0xce0>
    6606:	431020ef          	jal	ra,9236 <iprintf>
    660a:	5818                	lw	a4,48(s0)
    660c:	4631                	li	a2,12
    660e:	85a6                	mv	a1,s1
    6610:	01f75793          	srli	a5,a4,0x1f
    6614:	97ba                	add	a5,a5,a4
    6616:	d81c                	sw	a5,48(s0)
    6618:	03c40513          	addi	a0,s0,60
    661c:	340020ef          	jal	ra,895c <memcpy>
    6620:	5478                	lw	a4,108(s0)
    6622:	545c                	lw	a5,44(s0)
    6624:	04042c23          	sw	zero,88(s0)
    6628:	04042e23          	sw	zero,92(s0)
    662c:	02e7f7b3          	remu	a5,a5,a4
    6630:	d038                	sw	a4,96(s0)
    6632:	c87c                	sw	a5,84(s0)
    6634:	854a                	mv	a0,s2
    6636:	6125                	addi	sp,sp,96
    6638:	b09f906f          	j	140 <__riscv_restore_10>
    663c:	082c                	addi	a1,sp,24
    663e:	0088                	addi	a0,sp,64
    6640:	918fe0ef          	jal	ra,4758 <lfs_tortoise_detectcycles>
    6644:	84aa                	mv	s1,a0
    6646:	0a054563          	bltz	a0,66f0 <lfs_mount+0x16c>
    664a:	47a1                	li	a5,8
    664c:	0ff00737          	lui	a4,0xff00
    6650:	80000d37          	lui	s10,0x80000
    6654:	ca3e                	sw	a5,20(sp)
    6656:	00c10893          	addi	a7,sp,12
    665a:	c6ea8813          	addi	a6,s5,-914 # 3c6e <lfs_dir_find_match>
    665e:	4781                	li	a5,0
    6660:	0721                	addi	a4,a4,8
    6662:	c00d4693          	xori	a3,s10,-1024
    6666:	08b0                	addi	a2,sp,88
    6668:	008c                	addi	a1,sp,64
    666a:	8522                	mv	a0,s0
    666c:	c622                	sw	s0,12(sp)
    666e:	c84e                	sw	s3,16(sp)
    6670:	b3bfd0ef          	jal	ra,41aa <lfs_dir_fetchmatch>
    6674:	84aa                	mv	s1,a0
    6676:	06054d63          	bltz	a0,66f0 <lfs_mount+0x16c>
    667a:	18050e63          	beqz	a0,6816 <lfs_mount+0x292>
    667e:	01651493          	slli	s1,a0,0x16
    6682:	84d9                	srai	s1,s1,0x16
    6684:	57fd                	li	a5,-1
    6686:	18f48863          	beq	s1,a5,6816 <lfs_mount+0x292>
    668a:	4786                	lw	a5,64(sp)
    668c:	201006b7          	lui	a3,0x20100
    6690:	1038                	addi	a4,sp,40
    6692:	d01c                	sw	a5,32(s0)
    6694:	4796                	lw	a5,68(sp)
    6696:	06e1                	addi	a3,a3,24
    6698:	c00d4613          	xori	a2,s10,-1024
    669c:	d05c                	sw	a5,36(s0)
    669e:	008c                	addi	a1,sp,64
    66a0:	8522                	mv	a0,s0
    66a2:	ac5fc0ef          	jal	ra,3166 <lfs_dir_get>
    66a6:	84aa                	mv	s1,a0
    66a8:	04054463          	bltz	a0,66f0 <lfs_mount+0x16c>
    66ac:	5722                	lw	a4,40(sp)
    66ae:	4609                	li	a2,2
    66b0:	01071793          	slli	a5,a4,0x10
    66b4:	01075693          	srli	a3,a4,0x10
    66b8:	83c1                	srli	a5,a5,0x10
    66ba:	00c69563          	bne	a3,a2,66c4 <lfs_mount+0x140>
    66be:	4605                	li	a2,1
    66c0:	02f67d63          	bgeu	a2,a5,66fa <lfs_mount+0x176>
    66c4:	0000b8b7          	lui	a7,0xb
    66c8:	0742                	slli	a4,a4,0x10
    66ca:	6605                	lui	a2,0x1
    66cc:	0000a5b7          	lui	a1,0xa
    66d0:	0000b537          	lui	a0,0xb
    66d4:	d0488893          	addi	a7,a7,-764 # ad04 <defaults.4606+0xcac>
    66d8:	4805                	li	a6,1
    66da:	4789                	li	a5,2
    66dc:	8341                	srli	a4,a4,0x10
    66de:	1bc60613          	addi	a2,a2,444 # 11bc <USBFS_Device_Init+0x38>
    66e2:	14058593          	addi	a1,a1,320 # a140 <defaults.4606+0xe8>
    66e6:	bc050513          	addi	a0,a0,-1088 # abc0 <defaults.4606+0xb68>
    66ea:	34d020ef          	jal	ra,9236 <iprintf>
    66ee:	54a9                	li	s1,-22
    66f0:	8522                	mv	a0,s0
    66f2:	e87ff0ef          	jal	ra,6578 <lfs_unmount>
    66f6:	8926                	mv	s2,s1
    66f8:	bf35                	j	6634 <lfs_mount+0xb0>
    66fa:	e395                	bnez	a5,671e <lfs_mount+0x19a>
    66fc:	6605                	lui	a2,0x1
    66fe:	d04b0893          	addi	a7,s6,-764 # ad04 <defaults.4606+0xcac>
    6702:	4805                	li	a6,1
    6704:	4789                	li	a5,2
    6706:	01477733          	and	a4,a4,s4
    670a:	4689                	li	a3,2
    670c:	1cb60613          	addi	a2,a2,459 # 11cb <USBFS_Device_Init+0x47>
    6710:	140b8593          	addi	a1,s7,320 # a140 <defaults.4606+0xe8>
    6714:	bf8c0513          	addi	a0,s8,-1032 # abf8 <defaults.4606+0xba0>
    6718:	31f020ef          	jal	ra,9236 <iprintf>
    671c:	4c85                	li	s9,1
    671e:	581c                	lw	a5,48(s0)
    6720:	0ca6                	slli	s9,s9,0x9
    6722:	56d2                	lw	a3,52(sp)
    6724:	dff7f793          	andi	a5,a5,-513
    6728:	0197ecb3          	or	s9,a5,s9
    672c:	03942823          	sw	s9,48(s0)
    6730:	c69d                	beqz	a3,675e <lfs_mount+0x1da>
    6732:	5838                	lw	a4,112(s0)
    6734:	02d77463          	bgeu	a4,a3,675c <lfs_mount+0x1d8>
    6738:	0000b7b7          	lui	a5,0xb
    673c:	6605                	lui	a2,0x1
    673e:	0000a5b7          	lui	a1,0xa
    6742:	0000b537          	lui	a0,0xb
    6746:	d0478793          	addi	a5,a5,-764 # ad04 <defaults.4606+0xcac>
    674a:	1d660613          	addi	a2,a2,470 # 11d6 <USBFS_Device_Init+0x52>
    674e:	14058593          	addi	a1,a1,320 # a140 <defaults.4606+0xe8>
    6752:	c3850513          	addi	a0,a0,-968 # ac38 <defaults.4606+0xbe0>
    6756:	2e1020ef          	jal	ra,9236 <iprintf>
    675a:	bf51                	j	66ee <lfs_mount+0x16a>
    675c:	d834                	sw	a3,112(s0)
    675e:	56e2                	lw	a3,56(sp)
    6760:	c68d                	beqz	a3,678a <lfs_mount+0x206>
    6762:	5878                	lw	a4,116(s0)
    6764:	02d77263          	bgeu	a4,a3,6788 <lfs_mount+0x204>
    6768:	0000b7b7          	lui	a5,0xb
    676c:	6605                	lui	a2,0x1
    676e:	0000a5b7          	lui	a1,0xa
    6772:	0000b537          	lui	a0,0xb
    6776:	d0478793          	addi	a5,a5,-764 # ad04 <defaults.4606+0xcac>
    677a:	1e160613          	addi	a2,a2,481 # 11e1 <USBFS_Endp_DataUp+0x7>
    677e:	14058593          	addi	a1,a1,320 # a140 <defaults.4606+0xe8>
    6782:	c6c50513          	addi	a0,a0,-916 # ac6c <defaults.4606+0xc14>
    6786:	bfc1                	j	6756 <lfs_mount+0x1d2>
    6788:	d874                	sw	a3,116(s0)
    678a:	56f2                	lw	a3,60(sp)
    678c:	ca95                	beqz	a3,67c0 <lfs_mount+0x23c>
    678e:	5c38                	lw	a4,120(s0)
    6790:	02d77263          	bgeu	a4,a3,67b4 <lfs_mount+0x230>
    6794:	0000b7b7          	lui	a5,0xb
    6798:	6605                	lui	a2,0x1
    679a:	0000a5b7          	lui	a1,0xa
    679e:	0000b537          	lui	a0,0xb
    67a2:	d0478793          	addi	a5,a5,-764 # ad04 <defaults.4606+0xcac>
    67a6:	1ec60613          	addi	a2,a2,492 # 11ec <USBFS_Endp_DataUp+0x12>
    67aa:	14058593          	addi	a1,a1,320 # a140 <defaults.4606+0xe8>
    67ae:	ca050513          	addi	a0,a0,-864 # aca0 <defaults.4606+0xc48>
    67b2:	b755                	j	6756 <lfs_mount+0x1d2>
    67b4:	5c7c                	lw	a5,124(s0)
    67b6:	dc34                	sw	a3,120(s0)
    67b8:	00f6f363          	bgeu	a3,a5,67be <lfs_mount+0x23a>
    67bc:	87b6                	mv	a5,a3
    67be:	dc7c                	sw	a5,124(s0)
    67c0:	543c                	lw	a5,104(s0)
    67c2:	56c2                	lw	a3,48(sp)
    67c4:	5398                	lw	a4,32(a5)
    67c6:	c31d                	beqz	a4,67ec <lfs_mount+0x268>
    67c8:	02d70263          	beq	a4,a3,67ec <lfs_mount+0x268>
    67cc:	0000b7b7          	lui	a5,0xb
    67d0:	6605                	lui	a2,0x1
    67d2:	0000a5b7          	lui	a1,0xa
    67d6:	0000b537          	lui	a0,0xb
    67da:	d0478793          	addi	a5,a5,-764 # ad04 <defaults.4606+0xcac>
    67de:	1fb60613          	addi	a2,a2,507 # 11fb <USBFS_Endp_DataUp+0x21>
    67e2:	14058593          	addi	a1,a1,320 # a140 <defaults.4606+0xe8>
    67e6:	cd450513          	addi	a0,a0,-812 # acd4 <defaults.4606+0xc7c>
    67ea:	b7b5                	j	6756 <lfs_mount+0x1d2>
    67ec:	d474                	sw	a3,108(s0)
    67ee:	4fd8                	lw	a4,28(a5)
    67f0:	56b2                	lw	a3,44(sp)
    67f2:	02e68263          	beq	a3,a4,6816 <lfs_mount+0x292>
    67f6:	0000b7b7          	lui	a5,0xb
    67fa:	6605                	lui	a2,0x1
    67fc:	0000a5b7          	lui	a1,0xa
    6800:	0000b537          	lui	a0,0xb
    6804:	d0478793          	addi	a5,a5,-764 # ad04 <defaults.4606+0xcac>
    6808:	20460613          	addi	a2,a2,516 # 1204 <USBFS_Endp_DataUp+0x2a>
    680c:	14058593          	addi	a1,a1,320 # a140 <defaults.4606+0xe8>
    6810:	d0850513          	addi	a0,a0,-760 # ad08 <defaults.4606+0xcb0>
    6814:	b789                	j	6756 <lfs_mount+0x1d2>
    6816:	03040613          	addi	a2,s0,48
    681a:	008c                	addi	a1,sp,64
    681c:	8522                	mv	a0,s0
    681e:	95dfc0ef          	jal	ra,317a <lfs_dir_getgstate>
    6822:	84aa                	mv	s1,a0
    6824:	da0504e3          	beqz	a0,65cc <lfs_mount+0x48>
    6828:	b5e1                	j	66f0 <lfs_mount+0x16c>

0000682a <lfs_remove>:
    682a:	907f92ef          	jal	t0,130 <__riscv_save_0>
    682e:	711d                	addi	sp,sp,-96
    6830:	842a                	mv	s0,a0
    6832:	c62e                	sw	a1,12(sp)
    6834:	eaaff0ef          	jal	ra,5ede <lfs_fs_forceconsistency>
    6838:	e145                	bnez	a0,68d8 <lfs_remove+0xae>
    683a:	4681                	li	a3,0
    683c:	0070                	addi	a2,sp,12
    683e:	082c                	addi	a1,sp,24
    6840:	8522                	mv	a0,s0
    6842:	d73fd0ef          	jal	ra,45b4 <lfs_dir_find>
    6846:	08054963          	bltz	a0,68d8 <lfs_remove+0xae>
    684a:	00a55493          	srli	s1,a0,0xa
    684e:	3ff4f493          	andi	s1,s1,1023
    6852:	3ff00793          	li	a5,1023
    6856:	0cf48d63          	beq	s1,a5,6930 <lfs_remove+0x106>
    685a:	541c                	lw	a5,40(s0)
    685c:	01455913          	srli	s2,a0,0x14
    6860:	04aa                	slli	s1,s1,0xa
    6862:	dc3e                	sw	a5,56(sp)
    6864:	4789                	li	a5,2
    6866:	04f91b63          	bne	s2,a5,68bc <lfs_remove+0x92>
    686a:	200006b7          	lui	a3,0x20000
    686e:	06a1                	addi	a3,a3,8
    6870:	70100637          	lui	a2,0x70100
    6874:	0818                	addi	a4,sp,16
    6876:	8ec5                	or	a3,a3,s1
    6878:	c0060613          	addi	a2,a2,-1024 # 700ffc00 <_eusrstack+0x500fac00>
    687c:	082c                	addi	a1,sp,24
    687e:	8522                	mv	a0,s0
    6880:	8e7fc0ef          	jal	ra,3166 <lfs_dir_get>
    6884:	04054a63          	bltz	a0,68d8 <lfs_remove+0xae>
    6888:	0810                	addi	a2,sp,16
    688a:	008c                	addi	a1,sp,64
    688c:	8522                	mv	a0,s0
    688e:	d11fd0ef          	jal	ra,459e <lfs_dir_fetch>
    6892:	e139                	bnez	a0,68d8 <lfs_remove+0xae>
    6894:	47d6                	lw	a5,84(sp)
    6896:	ff010737          	lui	a4,0xff010
    689a:	177d                	addi	a4,a4,-1
    689c:	8ff9                	and	a5,a5,a4
    689e:	fd900513          	li	a0,-39
    68a2:	eb9d                	bnez	a5,68d8 <lfs_remove+0xae>
    68a4:	4585                	li	a1,1
    68a6:	03040513          	addi	a0,s0,48
    68aa:	a49fc0ef          	jal	ra,32f2 <lfs_fs_preporphans.isra.25>
    68ae:	e50d                	bnez	a0,68d8 <lfs_remove+0xae>
    68b0:	183c                	addi	a5,sp,56
    68b2:	02010f23          	sb	zero,62(sp)
    68b6:	02011e23          	sh	zero,60(sp)
    68ba:	d41c                	sw	a5,40(s0)
    68bc:	4ff007b7          	lui	a5,0x4ff00
    68c0:	8cdd                	or	s1,s1,a5
    68c2:	4685                	li	a3,1
    68c4:	0810                	addi	a2,sp,16
    68c6:	082c                	addi	a1,sp,24
    68c8:	8522                	mv	a0,s0
    68ca:	c826                	sw	s1,16(sp)
    68cc:	ca02                	sw	zero,20(sp)
    68ce:	deaff0ef          	jal	ra,5eb8 <lfs_dir_commit>
    68d2:	57e2                	lw	a5,56(sp)
    68d4:	d41c                	sw	a5,40(s0)
    68d6:	c501                	beqz	a0,68de <lfs_remove+0xb4>
    68d8:	6125                	addi	sp,sp,96
    68da:	87bf906f          	j	154 <__riscv_restore_0>
    68de:	581c                	lw	a5,48(s0)
    68e0:	3ff7f793          	andi	a5,a5,1023
    68e4:	dbf5                	beqz	a5,68d8 <lfs_remove+0xae>
    68e6:	4789                	li	a5,2
    68e8:	02f90263          	beq	s2,a5,690c <lfs_remove+0xe2>
    68ec:	0000b6b7          	lui	a3,0xb
    68f0:	6629                	lui	a2,0xa
    68f2:	6585                	lui	a1,0x1
    68f4:	0000a537          	lui	a0,0xa
    68f8:	d7068693          	addi	a3,a3,-656 # ad70 <defaults.4606+0xd18>
    68fc:	f9060613          	addi	a2,a2,-112 # 9f90 <__func__.4776>
    6900:	f6158593          	addi	a1,a1,-159 # f61 <run+0x2e7>
    6904:	14050513          	addi	a0,a0,320 # a140 <defaults.4606+0xe8>
    6908:	7bd010ef          	jal	ra,88c4 <__assert_func>
    690c:	55fd                	li	a1,-1
    690e:	03040513          	addi	a0,s0,48
    6912:	9e1fc0ef          	jal	ra,32f2 <lfs_fs_preporphans.isra.25>
    6916:	f169                	bnez	a0,68d8 <lfs_remove+0xae>
    6918:	0830                	addi	a2,sp,24
    691a:	008c                	addi	a1,sp,64
    691c:	8522                	mv	a0,s0
    691e:	f27fd0ef          	jal	ra,4844 <lfs_fs_pred>
    6922:	f95d                	bnez	a0,68d8 <lfs_remove+0xae>
    6924:	0090                	addi	a2,sp,64
    6926:	082c                	addi	a1,sp,24
    6928:	8522                	mv	a0,s0
    692a:	efcff0ef          	jal	ra,6026 <lfs_dir_drop>
    692e:	b76d                	j	68d8 <lfs_remove+0xae>
    6930:	5529                	li	a0,-22
    6932:	b75d                	j	68d8 <lfs_remove+0xae>

00006934 <lfs_rename>:
    6934:	fd4f92ef          	jal	t0,108 <__riscv_save_10>
    6938:	7171                	addi	sp,sp,-176
    693a:	84aa                	mv	s1,a0
    693c:	c82e                	sw	a1,16(sp)
    693e:	ca32                	sw	a2,20(sp)
    6940:	d9eff0ef          	jal	ra,5ede <lfs_fs_forceconsistency>
    6944:	12051d63          	bnez	a0,6a7e <lfs_rename+0x14a>
    6948:	02010a93          	addi	s5,sp,32
    694c:	4681                	li	a3,0
    694e:	0810                	addi	a2,sp,16
    6950:	85d6                	mv	a1,s5
    6952:	8526                	mv	a0,s1
    6954:	c61fd0ef          	jal	ra,45b4 <lfs_dir_find>
    6958:	842a                	mv	s0,a0
    695a:	00054c63          	bltz	a0,6972 <lfs_rename+0x3e>
    695e:	00a55913          	srli	s2,a0,0xa
    6962:	3ff97913          	andi	s2,s2,1023
    6966:	3ff00993          	li	s3,1023
    696a:	8b2a                	mv	s6,a0
    696c:	01391763          	bne	s2,s3,697a <lfs_rename+0x46>
    6970:	5429                	li	s0,-22
    6972:	8522                	mv	a0,s0
    6974:	614d                	addi	sp,sp,176
    6976:	fcaf906f          	j	140 <__riscv_restore_10>
    697a:	00e10693          	addi	a3,sp,14
    697e:	0850                	addi	a2,sp,20
    6980:	008c                	addi	a1,sp,64
    6982:	8526                	mv	a0,s1
    6984:	c31fd0ef          	jal	ra,45b4 <lfs_dir_find>
    6988:	842a                	mv	s0,a0
    698a:	0e054c63          	bltz	a0,6a82 <lfs_rename+0x14e>
    698e:	00a55793          	srli	a5,a0,0xa
    6992:	3ff7f793          	andi	a5,a5,1023
    6996:	fd378de3          	beq	a5,s3,6970 <lfs_rename+0x3c>
    699a:	008c                	addi	a1,sp,64
    699c:	8556                	mv	a0,s5
    699e:	b3afc0ef          	jal	ra,2cd8 <lfs_pair_cmp>
    69a2:	549c                	lw	a5,40(s1)
    69a4:	8a2a                	mv	s4,a0
    69a6:	d0be                	sw	a5,96(sp)
    69a8:	57f9                	li	a5,-2
    69aa:	0ef41d63          	bne	s0,a5,6aa4 <lfs_rename+0x170>
    69ae:	49d2                	lw	s3,20(sp)
    69b0:	0000a5b7          	lui	a1,0xa
    69b4:	22458593          	addi	a1,a1,548 # a224 <defaults.4606+0x1cc>
    69b8:	854e                	mv	a0,s3
    69ba:	1df020ef          	jal	ra,9398 <strcspn>
    69be:	99aa                	add	s3,s3,a0
    69c0:	00098783          	lb	a5,0(s3)
    69c4:	c791                	beqz	a5,69d0 <lfs_rename+0x9c>
    69c6:	014b5793          	srli	a5,s6,0x14
    69ca:	4709                	li	a4,2
    69cc:	20e79563          	bne	a5,a4,6bd6 <lfs_rename+0x2a2>
    69d0:	58bc                	lw	a5,112(s1)
    69d2:	20a7e463          	bltu	a5,a0,6bda <lfs_rename+0x2a6>
    69d6:	0a0a0f63          	beqz	s4,6a94 <lfs_rename+0x160>
    69da:	589c                	lw	a5,48(s1)
    69dc:	80000737          	lui	a4,0x80000
    69e0:	3ff70713          	addi	a4,a4,1023 # 800003ff <_eusrstack+0x5fffb3ff>
    69e4:	8ff9                	and	a5,a5,a4
    69e6:	00a91713          	slli	a4,s2,0xa
    69ea:	8fd9                	or	a5,a5,a4
    69ec:	4ff00737          	lui	a4,0x4ff00
    69f0:	8fd9                	or	a5,a5,a4
    69f2:	d89c                	sw	a5,48(s1)
    69f4:	5782                	lw	a5,32(sp)
    69f6:	8bca                	mv	s7,s2
    69f8:	d8dc                	sw	a5,52(s1)
    69fa:	5792                	lw	a5,36(sp)
    69fc:	dc9c                	sw	a5,56(s1)
    69fe:	57f9                	li	a5,-2
    6a00:	0af40063          	beq	s0,a5,6aa0 <lfs_rename+0x16c>
    6a04:	873c                	lhu	a5,14(sp)
    6a06:	4ff00737          	lui	a4,0x4ff00
    6a0a:	8bca                	mv	s7,s2
    6a0c:	07aa                	slli	a5,a5,0xa
    6a0e:	8fd9                	or	a5,a5,a4
    6a10:	00e15983          	lhu	s3,14(sp)
    6a14:	4c52                	lw	s8,20(sp)
    6a16:	c53e                	sw	a5,136(sp)
    6a18:	09aa                	slli	s3,s3,0xa
    6a1a:	401007b7          	lui	a5,0x40100
    6a1e:	0000a5b7          	lui	a1,0xa
    6a22:	00f9e7b3          	or	a5,s3,a5
    6a26:	22458593          	addi	a1,a1,548 # a224 <defaults.4606+0x1cc>
    6a2a:	8562                	mv	a0,s8
    6a2c:	c93e                	sw	a5,144(sp)
    6a2e:	c702                	sw	zero,140(sp)
    6a30:	cb02                	sw	zero,148(sp)
    6a32:	167020ef          	jal	ra,9398 <strcspn>
    6a36:	fff007b7          	lui	a5,0xfff00
    6a3a:	00fb77b3          	and	a5,s6,a5
    6a3e:	0137e7b3          	or	a5,a5,s3
    6a42:	8d5d                	or	a0,a0,a5
    6a44:	0129e9b3          	or	s3,s3,s2
    6a48:	101007b7          	lui	a5,0x10100
    6a4c:	00f9e9b3          	or	s3,s3,a5
    6a50:	cd2a                	sw	a0,152(sp)
    6a52:	cf62                	sw	s8,156(sp)
    6a54:	d14e                	sw	s3,160(sp)
    6a56:	d356                	sw	s5,164(sp)
    6a58:	4781                	li	a5,0
    6a5a:	000a1763          	bnez	s4,6a68 <lfs_rename+0x134>
    6a5e:	0baa                	slli	s7,s7,0xa
    6a60:	4ff007b7          	lui	a5,0x4ff00
    6a64:	00fbe7b3          	or	a5,s7,a5
    6a68:	4695                	li	a3,5
    6a6a:	0130                	addi	a2,sp,136
    6a6c:	008c                	addi	a1,sp,64
    6a6e:	8526                	mv	a0,s1
    6a70:	d53e                	sw	a5,168(sp)
    6a72:	d702                	sw	zero,172(sp)
    6a74:	c44ff0ef          	jal	ra,5eb8 <lfs_dir_commit>
    6a78:	c955                	beqz	a0,6b2c <lfs_rename+0x1f8>
    6a7a:	5786                	lw	a5,96(sp)
    6a7c:	d49c                	sw	a5,40(s1)
    6a7e:	842a                	mv	s0,a0
    6a80:	bdcd                	j	6972 <lfs_rename+0x3e>
    6a82:	57f9                	li	a5,-2
    6a84:	eef517e3          	bne	a0,a5,6972 <lfs_rename+0x3e>
    6a88:	4552                	lw	a0,20(sp)
    6a8a:	ca1fd0ef          	jal	ra,472a <lfs_path_islast>
    6a8e:	f00516e3          	bnez	a0,699a <lfs_rename+0x66>
    6a92:	b5c5                	j	6972 <lfs_rename+0x3e>
    6a94:	873c                	lhu	a5,14(sp)
    6a96:	8bca                	mv	s7,s2
    6a98:	00f96463          	bltu	s2,a5,6aa0 <lfs_rename+0x16c>
    6a9c:	00190b93          	addi	s7,s2,1
    6aa0:	4781                	li	a5,0
    6aa2:	b7bd                	j	6a10 <lfs_rename+0xdc>
    6aa4:	01445793          	srli	a5,s0,0x14
    6aa8:	7ff7f793          	andi	a5,a5,2047
    6aac:	014b5713          	srli	a4,s6,0x14
    6ab0:	00e78863          	beq	a5,a4,6ac0 <lfs_rename+0x18c>
    6ab4:	4709                	li	a4,2
    6ab6:	5431                	li	s0,-20
    6ab8:	eae79de3          	bne	a5,a4,6972 <lfs_rename+0x3e>
    6abc:	542d                	li	s0,-21
    6abe:	bd55                	j	6972 <lfs_rename+0x3e>
    6ac0:	8734                	lhu	a3,14(sp)
    6ac2:	e509                	bnez	a0,6acc <lfs_rename+0x198>
    6ac4:	00d91463          	bne	s2,a3,6acc <lfs_rename+0x198>
    6ac8:	4401                	li	s0,0
    6aca:	b565                	j	6972 <lfs_rename+0x3e>
    6acc:	4709                	li	a4,2
    6ace:	04e79c63          	bne	a5,a4,6b26 <lfs_rename+0x1f2>
    6ad2:	200007b7          	lui	a5,0x20000
    6ad6:	06aa                	slli	a3,a3,0xa
    6ad8:	07a1                	addi	a5,a5,8
    6ada:	70100637          	lui	a2,0x70100
    6ade:	0138                	addi	a4,sp,136
    6ae0:	8edd                	or	a3,a3,a5
    6ae2:	c0060613          	addi	a2,a2,-1024 # 700ffc00 <_eusrstack+0x500fac00>
    6ae6:	008c                	addi	a1,sp,64
    6ae8:	8526                	mv	a0,s1
    6aea:	e7cfc0ef          	jal	ra,3166 <lfs_dir_get>
    6aee:	f80548e3          	bltz	a0,6a7e <lfs_rename+0x14a>
    6af2:	0130                	addi	a2,sp,136
    6af4:	10ac                	addi	a1,sp,104
    6af6:	8526                	mv	a0,s1
    6af8:	aa7fd0ef          	jal	ra,459e <lfs_dir_fetch>
    6afc:	f149                	bnez	a0,6a7e <lfs_rename+0x14a>
    6afe:	57f6                	lw	a5,124(sp)
    6b00:	ff010737          	lui	a4,0xff010
    6b04:	177d                	addi	a4,a4,-1
    6b06:	8ff9                	and	a5,a5,a4
    6b08:	fd900513          	li	a0,-39
    6b0c:	fbad                	bnez	a5,6a7e <lfs_rename+0x14a>
    6b0e:	4585                	li	a1,1
    6b10:	03048513          	addi	a0,s1,48
    6b14:	fdefc0ef          	jal	ra,32f2 <lfs_fs_preporphans.isra.25>
    6b18:	f13d                	bnez	a0,6a7e <lfs_rename+0x14a>
    6b1a:	109c                	addi	a5,sp,96
    6b1c:	06010323          	sb	zero,102(sp)
    6b20:	06011223          	sh	zero,100(sp)
    6b24:	d49c                	sw	a5,40(s1)
    6b26:	ec0a0fe3          	beqz	s4,6a04 <lfs_rename+0xd0>
    6b2a:	bd45                	j	69da <lfs_rename+0xa6>
    6b2c:	040a0163          	beqz	s4,6b6e <lfs_rename+0x23a>
    6b30:	589c                	lw	a5,48(s1)
    6b32:	0147d713          	srli	a4,a5,0x14
    6b36:	70077713          	andi	a4,a4,1792
    6b3a:	cb15                	beqz	a4,6b6e <lfs_rename+0x23a>
    6b3c:	80000737          	lui	a4,0x80000
    6b40:	3ff70713          	addi	a4,a4,1023 # 800003ff <_eusrstack+0x5fffb3ff>
    6b44:	8ff9                	and	a5,a5,a4
    6b46:	d89c                	sw	a5,48(s1)
    6b48:	092a                	slli	s2,s2,0xa
    6b4a:	4ff007b7          	lui	a5,0x4ff00
    6b4e:	00f96933          	or	s2,s2,a5
    6b52:	0204aa23          	sw	zero,52(s1)
    6b56:	0204ac23          	sw	zero,56(s1)
    6b5a:	4685                	li	a3,1
    6b5c:	0830                	addi	a2,sp,24
    6b5e:	85d6                	mv	a1,s5
    6b60:	8526                	mv	a0,s1
    6b62:	cc4a                	sw	s2,24(sp)
    6b64:	ce02                	sw	zero,28(sp)
    6b66:	b52ff0ef          	jal	ra,5eb8 <lfs_dir_commit>
    6b6a:	f00518e3          	bnez	a0,6a7a <lfs_rename+0x146>
    6b6e:	5786                	lw	a5,96(sp)
    6b70:	d49c                	sw	a5,40(s1)
    6b72:	589c                	lw	a5,48(s1)
    6b74:	3ff7f793          	andi	a5,a5,1023
    6b78:	dba1                	beqz	a5,6ac8 <lfs_rename+0x194>
    6b7a:	57f9                	li	a5,-2
    6b7c:	00f40863          	beq	s0,a5,6b8c <lfs_rename+0x258>
    6b80:	8051                	srli	s0,s0,0x14
    6b82:	7ff47413          	andi	s0,s0,2047
    6b86:	4789                	li	a5,2
    6b88:	02f40163          	beq	s0,a5,6baa <lfs_rename+0x276>
    6b8c:	0000b6b7          	lui	a3,0xb
    6b90:	6629                	lui	a2,0xa
    6b92:	6585                	lui	a1,0x1
    6b94:	0000a537          	lui	a0,0xa
    6b98:	d9468693          	addi	a3,a3,-620 # ad94 <defaults.4606+0xd3c>
    6b9c:	f9c60613          	addi	a2,a2,-100 # 9f9c <__func__.4798>
    6ba0:	15d1                	addi	a1,a1,-12
    6ba2:	14050513          	addi	a0,a0,320 # a140 <defaults.4606+0xe8>
    6ba6:	51f010ef          	jal	ra,88c4 <__assert_func>
    6baa:	55fd                	li	a1,-1
    6bac:	03048513          	addi	a0,s1,48
    6bb0:	f42fc0ef          	jal	ra,32f2 <lfs_fs_preporphans.isra.25>
    6bb4:	842a                	mv	s0,a0
    6bb6:	da051ee3          	bnez	a0,6972 <lfs_rename+0x3e>
    6bba:	0090                	addi	a2,sp,64
    6bbc:	10ac                	addi	a1,sp,104
    6bbe:	8526                	mv	a0,s1
    6bc0:	c85fd0ef          	jal	ra,4844 <lfs_fs_pred>
    6bc4:	842a                	mv	s0,a0
    6bc6:	da0516e3          	bnez	a0,6972 <lfs_rename+0x3e>
    6bca:	10b0                	addi	a2,sp,104
    6bcc:	008c                	addi	a1,sp,64
    6bce:	8526                	mv	a0,s1
    6bd0:	c56ff0ef          	jal	ra,6026 <lfs_dir_drop>
    6bd4:	b56d                	j	6a7e <lfs_rename+0x14a>
    6bd6:	5431                	li	s0,-20
    6bd8:	bb69                	j	6972 <lfs_rename+0x3e>
    6bda:	fdc00413          	li	s0,-36
    6bde:	bb51                	j	6972 <lfs_rename+0x3e>

00006be0 <lfs_file_open>:
    6be0:	d50f92ef          	jal	t0,130 <__riscv_save_0>
    6be4:	842a                	mv	s0,a0
    6be6:	5508                	lw	a0,40(a0)
    6be8:	1141                	addi	sp,sp,-16
    6bea:	c632                	sw	a2,12(sp)
    6bec:	c436                	sw	a3,8(sp)
    6bee:	84ae                	mv	s1,a1
    6bf0:	972fc0ef          	jal	ra,2d62 <lfs_mlist_isopen>
    6bf4:	46a2                	lw	a3,8(sp)
    6bf6:	4632                	lw	a2,12(sp)
    6bf8:	c10d                	beqz	a0,6c1a <lfs_file_open+0x3a>
    6bfa:	0000a6b7          	lui	a3,0xa
    6bfe:	6629                	lui	a2,0xa
    6c00:	6589                	lui	a1,0x2
    6c02:	0000a537          	lui	a0,0xa
    6c06:	3f068693          	addi	a3,a3,1008 # a3f0 <defaults.4606+0x398>
    6c0a:	fe460613          	addi	a2,a2,-28 # 9fe4 <__func__.5126>
    6c0e:	80458593          	addi	a1,a1,-2044 # 1804 <USBFS_IRQHandler+0x540>
    6c12:	14050513          	addi	a0,a0,320 # a140 <defaults.4606+0xe8>
    6c16:	4af010ef          	jal	ra,88c4 <__assert_func>
    6c1a:	6729                	lui	a4,0xa
    6c1c:	05870713          	addi	a4,a4,88 # a058 <defaults.4606>
    6c20:	85a6                	mv	a1,s1
    6c22:	8522                	mv	a0,s0
    6c24:	d42ff0ef          	jal	ra,6166 <lfs_file_opencfg_>
    6c28:	0141                	addi	sp,sp,16
    6c2a:	d2af906f          	j	154 <__riscv_restore_0>

00006c2e <lfs_file_close>:
    6c2e:	d02f92ef          	jal	t0,130 <__riscv_save_0>
    6c32:	842a                	mv	s0,a0
    6c34:	5508                	lw	a0,40(a0)
    6c36:	84ae                	mv	s1,a1
    6c38:	92afc0ef          	jal	ra,2d62 <lfs_mlist_isopen>
    6c3c:	e10d                	bnez	a0,6c5e <lfs_file_close+0x30>
    6c3e:	0000a6b7          	lui	a3,0xa
    6c42:	6629                	lui	a2,0xa
    6c44:	6589                	lui	a1,0x2
    6c46:	0000a537          	lui	a0,0xa
    6c4a:	3b868693          	addi	a3,a3,952 # a3b8 <defaults.4606+0x360>
    6c4e:	ff460613          	addi	a2,a2,-12 # 9ff4 <__func__.5141>
    6c52:	82858593          	addi	a1,a1,-2008 # 1828 <USBFS_IRQHandler+0x564>
    6c56:	14050513          	addi	a0,a0,320 # a140 <defaults.4606+0xe8>
    6c5a:	46b010ef          	jal	ra,88c4 <__assert_func>
    6c5e:	85a6                	mv	a1,s1
    6c60:	8522                	mv	a0,s0
    6c62:	cceff0ef          	jal	ra,6130 <lfs_file_close_>
    6c66:	ceef906f          	j	154 <__riscv_restore_0>

00006c6a <lfs_file_read>:
    6c6a:	cc6f92ef          	jal	t0,130 <__riscv_save_0>
    6c6e:	842a                	mv	s0,a0
    6c70:	5508                	lw	a0,40(a0)
    6c72:	1141                	addi	sp,sp,-16
    6c74:	c632                	sw	a2,12(sp)
    6c76:	c436                	sw	a3,8(sp)
    6c78:	84ae                	mv	s1,a1
    6c7a:	8e8fc0ef          	jal	ra,2d62 <lfs_mlist_isopen>
    6c7e:	46a2                	lw	a3,8(sp)
    6c80:	4632                	lw	a2,12(sp)
    6c82:	e10d                	bnez	a0,6ca4 <lfs_file_read+0x3a>
    6c84:	0000a6b7          	lui	a3,0xa
    6c88:	6629                	lui	a2,0xa
    6c8a:	6589                	lui	a1,0x2
    6c8c:	3b868693          	addi	a3,a3,952 # a3b8 <defaults.4606+0x360>
    6c90:	00460613          	addi	a2,a2,4 # a004 <__func__.5155>
    6c94:	84a58593          	addi	a1,a1,-1974 # 184a <USBFS_IRQHandler+0x586>
    6c98:	0000a537          	lui	a0,0xa
    6c9c:	14050513          	addi	a0,a0,320 # a140 <defaults.4606+0xe8>
    6ca0:	425010ef          	jal	ra,88c4 <__assert_func>
    6ca4:	589c                	lw	a5,48(s1)
    6ca6:	0017f713          	andi	a4,a5,1
    6caa:	ef01                	bnez	a4,6cc2 <lfs_file_read+0x58>
    6cac:	0000a6b7          	lui	a3,0xa
    6cb0:	6629                	lui	a2,0xa
    6cb2:	6585                	lui	a1,0x1
    6cb4:	42868693          	addi	a3,a3,1064 # a428 <defaults.4606+0x3d0>
    6cb8:	f5c60613          	addi	a2,a2,-164 # 9f5c <__func__.4678>
    6cbc:	de358593          	addi	a1,a1,-541 # de3 <run+0x169>
    6cc0:	bfe1                	j	6c98 <lfs_file_read+0x2e>
    6cc2:	00e79713          	slli	a4,a5,0xe
    6cc6:	00074963          	bltz	a4,6cd8 <lfs_file_read+0x6e>
    6cca:	85a6                	mv	a1,s1
    6ccc:	8522                	mv	a0,s0
    6cce:	bd7fd0ef          	jal	ra,48a4 <lfs_file_flushedread>
    6cd2:	0141                	addi	sp,sp,16
    6cd4:	c80f906f          	j	154 <__riscv_restore_0>
    6cd8:	85a6                	mv	a1,s1
    6cda:	8522                	mv	a0,s0
    6cdc:	c636                	sw	a3,12(sp)
    6cde:	c432                	sw	a2,8(sp)
    6ce0:	a9bfe0ef          	jal	ra,577a <lfs_file_flush>
    6ce4:	4622                	lw	a2,8(sp)
    6ce6:	46b2                	lw	a3,12(sp)
    6ce8:	d16d                	beqz	a0,6cca <lfs_file_read+0x60>
    6cea:	b7e5                	j	6cd2 <lfs_file_read+0x68>

00006cec <lfs_file_write>:
    6cec:	c44f92ef          	jal	t0,130 <__riscv_save_0>
    6cf0:	842a                	mv	s0,a0
    6cf2:	5508                	lw	a0,40(a0)
    6cf4:	1141                	addi	sp,sp,-16
    6cf6:	c632                	sw	a2,12(sp)
    6cf8:	c436                	sw	a3,8(sp)
    6cfa:	84ae                	mv	s1,a1
    6cfc:	866fc0ef          	jal	ra,2d62 <lfs_mlist_isopen>
    6d00:	46a2                	lw	a3,8(sp)
    6d02:	4632                	lw	a2,12(sp)
    6d04:	e10d                	bnez	a0,6d26 <lfs_file_write+0x3a>
    6d06:	0000a6b7          	lui	a3,0xa
    6d0a:	6629                	lui	a2,0xa
    6d0c:	6589                	lui	a1,0x2
    6d0e:	0000a537          	lui	a0,0xa
    6d12:	3b868693          	addi	a3,a3,952 # a3b8 <defaults.4606+0x360>
    6d16:	01460613          	addi	a2,a2,20 # a014 <__func__.5164>
    6d1a:	85c58593          	addi	a1,a1,-1956 # 185c <USBFS_IRQHandler+0x598>
    6d1e:	14050513          	addi	a0,a0,320 # a140 <defaults.4606+0xe8>
    6d22:	3a3010ef          	jal	ra,88c4 <__assert_func>
    6d26:	85a6                	mv	a1,s1
    6d28:	8522                	mv	a0,s0
    6d2a:	e9cff0ef          	jal	ra,63c6 <lfs_file_write_>
    6d2e:	0141                	addi	sp,sp,16
    6d30:	c24f906f          	j	154 <__riscv_restore_0>

00006d34 <lfs_file_seek>:
    6d34:	bfcf92ef          	jal	t0,130 <__riscv_save_0>
    6d38:	842a                	mv	s0,a0
    6d3a:	5508                	lw	a0,40(a0)
    6d3c:	1141                	addi	sp,sp,-16
    6d3e:	c632                	sw	a2,12(sp)
    6d40:	c436                	sw	a3,8(sp)
    6d42:	84ae                	mv	s1,a1
    6d44:	81efc0ef          	jal	ra,2d62 <lfs_mlist_isopen>
    6d48:	46a2                	lw	a3,8(sp)
    6d4a:	4632                	lw	a2,12(sp)
    6d4c:	e10d                	bnez	a0,6d6e <lfs_file_seek+0x3a>
    6d4e:	0000a6b7          	lui	a3,0xa
    6d52:	6629                	lui	a2,0xa
    6d54:	6589                	lui	a1,0x2
    6d56:	0000a537          	lui	a0,0xa
    6d5a:	3b868693          	addi	a3,a3,952 # a3b8 <defaults.4606+0x360>
    6d5e:	02460613          	addi	a2,a2,36 # a024 <__func__.5173>
    6d62:	86e58593          	addi	a1,a1,-1938 # 186e <USBFS_IRQHandler+0x5aa>
    6d66:	14050513          	addi	a0,a0,320 # a140 <defaults.4606+0xe8>
    6d6a:	35b010ef          	jal	ra,88c4 <__assert_func>
    6d6e:	85a6                	mv	a1,s1
    6d70:	8522                	mv	a0,s0
    6d72:	b29fe0ef          	jal	ra,589a <lfs_file_seek_>
    6d76:	0141                	addi	sp,sp,16
    6d78:	bdcf906f          	j	154 <__riscv_restore_0>

00006d7c <lfs_file_truncate>:
    6d7c:	b9af92ef          	jal	t0,116 <__riscv_save_4>
    6d80:	84aa                	mv	s1,a0
    6d82:	5508                	lw	a0,40(a0)
    6d84:	1141                	addi	sp,sp,-16
    6d86:	842e                	mv	s0,a1
    6d88:	8932                	mv	s2,a2
    6d8a:	fd9fb0ef          	jal	ra,2d62 <lfs_mlist_isopen>
    6d8e:	e10d                	bnez	a0,6db0 <lfs_file_truncate+0x34>
    6d90:	0000a6b7          	lui	a3,0xa
    6d94:	6629                	lui	a2,0xa
    6d96:	6589                	lui	a1,0x2
    6d98:	3b868693          	addi	a3,a3,952 # a3b8 <defaults.4606+0x360>
    6d9c:	03460613          	addi	a2,a2,52 # a034 <__func__.5181>
    6da0:	87f58593          	addi	a1,a1,-1921 # 187f <USBFS_IRQHandler+0x5bb>
    6da4:	0000a537          	lui	a0,0xa
    6da8:	14050513          	addi	a0,a0,320 # a140 <defaults.4606+0xe8>
    6dac:	319010ef          	jal	ra,88c4 <__assert_func>
    6db0:	5814                	lw	a3,48(s0)
    6db2:	0026f793          	andi	a5,a3,2
    6db6:	ef81                	bnez	a5,6dce <lfs_file_truncate+0x52>
    6db8:	0000a6b7          	lui	a3,0xa
    6dbc:	6629                	lui	a2,0xa
    6dbe:	6585                	lui	a1,0x1
    6dc0:	47c68693          	addi	a3,a3,1148 # a47c <defaults.4606+0x424>
    6dc4:	f7c60613          	addi	a2,a2,-132 # 9f7c <__func__.4732>
    6dc8:	eaa58593          	addi	a1,a1,-342 # eaa <run+0x230>
    6dcc:	bfe1                	j	6da4 <lfs_file_truncate+0x28>
    6dce:	5529                	li	a0,-22
    6dd0:	08094263          	bltz	s2,6e54 <lfs_file_truncate+0xd8>
    6dd4:	5458                	lw	a4,44(s0)
    6dd6:	00e69613          	slli	a2,a3,0xe
    6dda:	03442983          	lw	s3,52(s0)
    6dde:	87ba                	mv	a5,a4
    6de0:	00065663          	bgez	a2,6dec <lfs_file_truncate+0x70>
    6de4:	87ce                	mv	a5,s3
    6de6:	00e9f363          	bgeu	s3,a4,6dec <lfs_file_truncate+0x70>
    6dea:	87ba                	mv	a5,a4
    6dec:	0af97763          	bgeu	s2,a5,6e9a <lfs_file_truncate+0x11e>
    6df0:	5cfc                	lw	a5,124(s1)
    6df2:	0727e463          	bltu	a5,s2,6e5a <lfs_file_truncate+0xde>
    6df6:	4681                	li	a3,0
    6df8:	4601                	li	a2,0
    6dfa:	85a2                	mv	a1,s0
    6dfc:	8526                	mv	a0,s1
    6dfe:	a9dfe0ef          	jal	ra,589a <lfs_file_seek_>
    6e02:	04054963          	bltz	a0,6e54 <lfs_file_truncate+0xd8>
    6e06:	44d0                	lw	a2,12(s1)
    6e08:	57fd                	li	a5,-1
    6e0a:	c09c                	sw	a5,0(s1)
    6e0c:	86ca                	mv	a3,s2
    6e0e:	85a2                	mv	a1,s0
    6e10:	8526                	mv	a0,s1
    6e12:	a93fd0ef          	jal	ra,48a4 <lfs_file_flushedread>
    6e16:	02054f63          	bltz	a0,6e54 <lfs_file_truncate+0xd8>
    6e1a:	581c                	lw	a5,48(s0)
    6e1c:	001506b7          	lui	a3,0x150
    6e20:	44cc                	lw	a1,12(s1)
    6e22:	8fd5                	or	a5,a5,a3
    6e24:	d81c                	sw	a5,48(s0)
    6e26:	54bc                	lw	a5,104(s1)
    6e28:	4468                	lw	a0,76(s0)
    6e2a:	5779                	li	a4,-2
    6e2c:	579c                	lw	a5,40(a5)
    6e2e:	d418                	sw	a4,40(s0)
    6e30:	03242623          	sw	s2,44(s0)
    6e34:	c038                	sw	a4,64(s0)
    6e36:	04042223          	sw	zero,68(s0)
    6e3a:	c43c                	sw	a5,72(s0)
    6e3c:	864a                	mv	a2,s2
    6e3e:	31f010ef          	jal	ra,895c <memcpy>
    6e42:	4681                	li	a3,0
    6e44:	864e                	mv	a2,s3
    6e46:	85a2                	mv	a1,s0
    6e48:	8526                	mv	a0,s1
    6e4a:	a51fe0ef          	jal	ra,589a <lfs_file_seek_>
    6e4e:	00a05363          	blez	a0,6e54 <lfs_file_truncate+0xd8>
    6e52:	4501                	li	a0,0
    6e54:	0141                	addi	sp,sp,16
    6e56:	af4f906f          	j	14a <__riscv_restore_4>
    6e5a:	85a2                	mv	a1,s0
    6e5c:	8526                	mv	a0,s1
    6e5e:	91dfe0ef          	jal	ra,577a <lfs_file_flush>
    6e62:	f96d                	bnez	a0,6e54 <lfs_file_truncate+0xd8>
    6e64:	5454                	lw	a3,44(s0)
    6e66:	5410                	lw	a2,40(s0)
    6e68:	00c10813          	addi	a6,sp,12
    6e6c:	03840793          	addi	a5,s0,56
    6e70:	fff90713          	addi	a4,s2,-1
    6e74:	04040593          	addi	a1,s0,64
    6e78:	8526                	mv	a0,s1
    6e7a:	c602                	sw	zero,12(sp)
    6e7c:	97ffc0ef          	jal	ra,37fa <lfs_ctz_find.constprop.41>
    6e80:	f971                	bnez	a0,6e54 <lfs_file_truncate+0xd8>
    6e82:	5c1c                	lw	a5,56(s0)
    6e84:	00050737          	lui	a4,0x50
    6e88:	03242a23          	sw	s2,52(s0)
    6e8c:	d41c                	sw	a5,40(s0)
    6e8e:	581c                	lw	a5,48(s0)
    6e90:	03242623          	sw	s2,44(s0)
    6e94:	8fd9                	or	a5,a5,a4
    6e96:	d81c                	sw	a5,48(s0)
    6e98:	b76d                	j	6e42 <lfs_file_truncate+0xc6>
    6e9a:	fb27f4e3          	bgeu	a5,s2,6e42 <lfs_file_truncate+0xc6>
    6e9e:	4689                	li	a3,2
    6ea0:	4601                	li	a2,0
    6ea2:	85a2                	mv	a1,s0
    6ea4:	8526                	mv	a0,s1
    6ea6:	9f5fe0ef          	jal	ra,589a <lfs_file_seek_>
    6eaa:	fa0545e3          	bltz	a0,6e54 <lfs_file_truncate+0xd8>
    6eae:	585c                	lw	a5,52(s0)
    6eb0:	f927f9e3          	bgeu	a5,s2,6e42 <lfs_file_truncate+0xc6>
    6eb4:	4685                	li	a3,1
    6eb6:	00b10613          	addi	a2,sp,11
    6eba:	85a2                	mv	a1,s0
    6ebc:	8526                	mv	a0,s1
    6ebe:	000105a3          	sb	zero,11(sp)
    6ec2:	d04ff0ef          	jal	ra,63c6 <lfs_file_write_>
    6ec6:	b7d5                	j	6eaa <lfs_file_truncate+0x12e>

00006ec8 <lfs_mkdir>:
    6ec8:	a4ef92ef          	jal	t0,116 <__riscv_save_4>
    6ecc:	7135                	addi	sp,sp,-160
    6ece:	84aa                	mv	s1,a0
    6ed0:	c22e                	sw	a1,4(sp)
    6ed2:	80cff0ef          	jal	ra,5ede <lfs_fs_forceconsistency>
    6ed6:	842a                	mv	s0,a0
    6ed8:	e11d                	bnez	a0,6efe <lfs_mkdir+0x36>
    6eda:	549c                	lw	a5,40(s1)
    6edc:	00210693          	addi	a3,sp,2
    6ee0:	0050                	addi	a2,sp,4
    6ee2:	010c                	addi	a1,sp,128
    6ee4:	8526                	mv	a0,s1
    6ee6:	dcbe                	sw	a5,120(sp)
    6ee8:	eccfd0ef          	jal	ra,45b4 <lfs_dir_find>
    6eec:	57f9                	li	a5,-2
    6eee:	842a                	mv	s0,a0
    6ef0:	00f51b63          	bne	a0,a5,6f06 <lfs_mkdir+0x3e>
    6ef4:	4912                	lw	s2,4(sp)
    6ef6:	854a                	mv	a0,s2
    6ef8:	833fd0ef          	jal	ra,472a <lfs_path_islast>
    6efc:	e909                	bnez	a0,6f0e <lfs_mkdir+0x46>
    6efe:	8522                	mv	a0,s0
    6f00:	610d                	addi	sp,sp,160
    6f02:	a48f906f          	j	14a <__riscv_restore_4>
    6f06:	fe054ce3          	bltz	a0,6efe <lfs_mkdir+0x36>
    6f0a:	543d                	li	s0,-17
    6f0c:	bfcd                	j	6efe <lfs_mkdir+0x36>
    6f0e:	0000a5b7          	lui	a1,0xa
    6f12:	854a                	mv	a0,s2
    6f14:	22458593          	addi	a1,a1,548 # a224 <defaults.4606+0x1cc>
    6f18:	480020ef          	jal	ra,9398 <strcspn>
    6f1c:	58bc                	lw	a5,112(s1)
    6f1e:	892a                	mv	s2,a0
    6f20:	fdc00413          	li	s0,-36
    6f24:	fca7ede3          	bltu	a5,a0,6efe <lfs_mkdir+0x36>
    6f28:	54fc                	lw	a5,108(s1)
    6f2a:	01810993          	addi	s3,sp,24
    6f2e:	85ce                	mv	a1,s3
    6f30:	d0bc                	sw	a5,96(s1)
    6f32:	8526                	mv	a0,s1
    6f34:	cabfd0ef          	jal	ra,4bde <lfs_dir_alloc.part.34>
    6f38:	842a                	mv	s0,a0
    6f3a:	f171                	bnez	a0,6efe <lfs_mkdir+0x36>
    6f3c:	02000613          	li	a2,32
    6f40:	010c                	addi	a1,sp,128
    6f42:	1828                	addi	a0,sp,56
    6f44:	219010ef          	jal	ra,895c <memcpy>
    6f48:	05010a93          	addi	s5,sp,80
    6f4c:	04f14783          	lbu	a5,79(sp)
    6f50:	e7b5                	bnez	a5,6fbc <lfs_mkdir+0xf4>
    6f52:	60100a37          	lui	s4,0x60100
    6f56:	c08a0a13          	addi	s4,s4,-1016 # 600ffc08 <_eusrstack+0x400fac08>
    6f5a:	4685                	li	a3,1
    6f5c:	0810                	addi	a2,sp,16
    6f5e:	85ce                	mv	a1,s3
    6f60:	8526                	mv	a0,s1
    6f62:	c852                	sw	s4,16(sp)
    6f64:	ca56                	sw	s5,20(sp)
    6f66:	f53fe0ef          	jal	ra,5eb8 <lfs_dir_commit>
    6f6a:	842a                	mv	s0,a0
    6f6c:	f949                	bnez	a0,6efe <lfs_mkdir+0x36>
    6f6e:	09714783          	lbu	a5,151(sp)
    6f72:	efa9                	bnez	a5,6fcc <lfs_mkdir+0x104>
    6f74:	813c                	lhu	a5,2(sp)
    6f76:	40100737          	lui	a4,0x40100
    6f7a:	ce82                	sw	zero,92(sp)
    6f7c:	07aa                	slli	a5,a5,0xa
    6f7e:	8f5d                	or	a4,a4,a5
    6f80:	0127e933          	or	s2,a5,s2
    6f84:	ccba                	sw	a4,88(sp)
    6f86:	00200737          	lui	a4,0x200
    6f8a:	00e96933          	or	s2,s2,a4
    6f8e:	4712                	lw	a4,4(sp)
    6f90:	d0ca                	sw	s2,96(sp)
    6f92:	d6ce                	sw	s3,108(sp)
    6f94:	d2ba                	sw	a4,100(sp)
    6f96:	20000737          	lui	a4,0x20000
    6f9a:	0721                	addi	a4,a4,8
    6f9c:	8fd9                	or	a5,a5,a4
    6f9e:	d4be                	sw	a5,104(sp)
    6fa0:	09714783          	lbu	a5,151(sp)
    6fa4:	c7b5                	beqz	a5,7010 <lfs_mkdir+0x148>
    6fa6:	4781                	li	a5,0
    6fa8:	4691                	li	a3,4
    6faa:	08b0                	addi	a2,sp,88
    6fac:	010c                	addi	a1,sp,128
    6fae:	8526                	mv	a0,s1
    6fb0:	d8be                	sw	a5,112(sp)
    6fb2:	dace                	sw	s3,116(sp)
    6fb4:	f05fe0ef          	jal	ra,5eb8 <lfs_dir_commit>
    6fb8:	842a                	mv	s0,a0
    6fba:	b791                	j	6efe <lfs_mkdir+0x36>
    6fbc:	8656                	mv	a2,s5
    6fbe:	182c                	addi	a1,sp,56
    6fc0:	8526                	mv	a0,s1
    6fc2:	ddcfd0ef          	jal	ra,459e <lfs_dir_fetch>
    6fc6:	842a                	mv	s0,a0
    6fc8:	d151                	beqz	a0,6f4c <lfs_mkdir+0x84>
    6fca:	bf15                	j	6efe <lfs_mkdir+0x36>
    6fcc:	03048a93          	addi	s5,s1,48
    6fd0:	4585                	li	a1,1
    6fd2:	8556                	mv	a0,s5
    6fd4:	b1efc0ef          	jal	ra,32f2 <lfs_fs_preporphans.isra.25>
    6fd8:	842a                	mv	s0,a0
    6fda:	f115                	bnez	a0,6efe <lfs_mkdir+0x36>
    6fdc:	18bc                	addi	a5,sp,120
    6fde:	d49c                	sw	a5,40(s1)
    6fe0:	4685                	li	a3,1
    6fe2:	0030                	addi	a2,sp,8
    6fe4:	182c                	addi	a1,sp,56
    6fe6:	8526                	mv	a0,s1
    6fe8:	06010f23          	sb	zero,126(sp)
    6fec:	06011e23          	sh	zero,124(sp)
    6ff0:	c452                	sw	s4,8(sp)
    6ff2:	c64e                	sw	s3,12(sp)
    6ff4:	ec5fe0ef          	jal	ra,5eb8 <lfs_dir_commit>
    6ff8:	57e6                	lw	a5,120(sp)
    6ffa:	842a                	mv	s0,a0
    6ffc:	d49c                	sw	a5,40(s1)
    6ffe:	f00510e3          	bnez	a0,6efe <lfs_mkdir+0x36>
    7002:	55fd                	li	a1,-1
    7004:	8556                	mv	a0,s5
    7006:	aecfc0ef          	jal	ra,32f2 <lfs_fs_preporphans.isra.25>
    700a:	842a                	mv	s0,a0
    700c:	d525                	beqz	a0,6f74 <lfs_mkdir+0xac>
    700e:	bdc5                	j	6efe <lfs_mkdir+0x36>
    7010:	601007b7          	lui	a5,0x60100
    7014:	c0878793          	addi	a5,a5,-1016 # 600ffc08 <_eusrstack+0x400fac08>
    7018:	bf41                	j	6fa8 <lfs_mkdir+0xe0>

0000701a <lfs_dir_open>:
    701a:	916f92ef          	jal	t0,130 <__riscv_save_0>
    701e:	84aa                	mv	s1,a0
    7020:	5508                	lw	a0,40(a0)
    7022:	1101                	addi	sp,sp,-32
    7024:	c632                	sw	a2,12(sp)
    7026:	842e                	mv	s0,a1
    7028:	d3bfb0ef          	jal	ra,2d62 <lfs_mlist_isopen>
    702c:	4632                	lw	a2,12(sp)
    702e:	c10d                	beqz	a0,7050 <lfs_dir_open+0x36>
    7030:	0000a6b7          	lui	a3,0xa
    7034:	6629                	lui	a2,0xa
    7036:	6589                	lui	a1,0x2
    7038:	0000a537          	lui	a0,0xa
    703c:	22868693          	addi	a3,a3,552 # a228 <defaults.4606+0x1d0>
    7040:	04860613          	addi	a2,a2,72 # a048 <__func__.5212>
    7044:	8cb58593          	addi	a1,a1,-1845 # 18cb <usbSerial_begin+0x3>
    7048:	14050513          	addi	a0,a0,320 # a140 <defaults.4606+0xe8>
    704c:	079010ef          	jal	ra,88c4 <__assert_func>
    7050:	00840913          	addi	s2,s0,8
    7054:	ca32                	sw	a2,20(sp)
    7056:	4681                	li	a3,0
    7058:	0850                	addi	a2,sp,20
    705a:	85ca                	mv	a1,s2
    705c:	8526                	mv	a0,s1
    705e:	d56fd0ef          	jal	ra,45b4 <lfs_dir_find>
    7062:	06054663          	bltz	a0,70ce <lfs_dir_open+0xb4>
    7066:	01455793          	srli	a5,a0,0x14
    706a:	4709                	li	a4,2
    706c:	06e79463          	bne	a5,a4,70d4 <lfs_dir_open+0xba>
    7070:	8129                	srli	a0,a0,0xa
    7072:	3ff57513          	andi	a0,a0,1023
    7076:	3ff00793          	li	a5,1023
    707a:	02f51a63          	bne	a0,a5,70ae <lfs_dir_open+0x94>
    707e:	509c                	lw	a5,32(s1)
    7080:	cc3e                	sw	a5,24(sp)
    7082:	50dc                	lw	a5,36(s1)
    7084:	ce3e                	sw	a5,28(sp)
    7086:	0830                	addi	a2,sp,24
    7088:	85ca                	mv	a1,s2
    708a:	8526                	mv	a0,s1
    708c:	d12fd0ef          	jal	ra,459e <lfs_dir_fetch>
    7090:	ed1d                	bnez	a0,70ce <lfs_dir_open+0xb4>
    7092:	441c                	lw	a5,8(s0)
    7094:	00041223          	sh	zero,4(s0)
    7098:	02042423          	sw	zero,40(s0)
    709c:	d45c                	sw	a5,44(s0)
    709e:	445c                	lw	a5,12(s0)
    70a0:	d81c                	sw	a5,48(s0)
    70a2:	4789                	li	a5,2
    70a4:	a07c                	sb	a5,6(s0)
    70a6:	549c                	lw	a5,40(s1)
    70a8:	c01c                	sw	a5,0(s0)
    70aa:	d480                	sw	s0,40(s1)
    70ac:	a00d                	j	70ce <lfs_dir_open+0xb4>
    70ae:	200006b7          	lui	a3,0x20000
    70b2:	052a                	slli	a0,a0,0xa
    70b4:	06a1                	addi	a3,a3,8
    70b6:	70100637          	lui	a2,0x70100
    70ba:	8ec9                	or	a3,a3,a0
    70bc:	0838                	addi	a4,sp,24
    70be:	c0060613          	addi	a2,a2,-1024 # 700ffc00 <_eusrstack+0x500fac00>
    70c2:	85ca                	mv	a1,s2
    70c4:	8526                	mv	a0,s1
    70c6:	8a0fc0ef          	jal	ra,3166 <lfs_dir_get>
    70ca:	fa055ee3          	bgez	a0,7086 <lfs_dir_open+0x6c>
    70ce:	6105                	addi	sp,sp,32
    70d0:	884f906f          	j	154 <__riscv_restore_0>
    70d4:	5531                	li	a0,-20
    70d6:	bfe5                	j	70ce <lfs_dir_open+0xb4>

000070d8 <lfs_dir_close>:
    70d8:	551c                	lw	a5,40(a0)
    70da:	02850713          	addi	a4,a0,40
    70de:	c789                	beqz	a5,70e8 <lfs_dir_close+0x10>
    70e0:	4394                	lw	a3,0(a5)
    70e2:	00f59563          	bne	a1,a5,70ec <lfs_dir_close+0x14>
    70e6:	c314                	sw	a3,0(a4)
    70e8:	4501                	li	a0,0
    70ea:	8082                	ret
    70ec:	873e                	mv	a4,a5
    70ee:	87b6                	mv	a5,a3
    70f0:	b7fd                	j	70de <lfs_dir_close+0x6>

000070f2 <lfs_dir_read>:
    70f2:	824f92ef          	jal	t0,116 <__riscv_save_4>
    70f6:	84b2                	mv	s1,a2
    70f8:	842e                	mv	s0,a1
    70fa:	892a                	mv	s2,a0
    70fc:	10800613          	li	a2,264
    7100:	4581                	li	a1,0
    7102:	8526                	mv	a0,s1
    7104:	85cf90ef          	jal	ra,160 <memset>
    7108:	541c                	lw	a5,40(s0)
    710a:	e38d                	bnez	a5,712c <lfs_dir_read+0x3a>
    710c:	4789                	li	a5,2
    710e:	0000a5b7          	lui	a1,0xa
    7112:	a09c                	sb	a5,0(s1)
    7114:	30858593          	addi	a1,a1,776 # a308 <defaults.4606+0x2b0>
    7118:	00848513          	addi	a0,s1,8
    711c:	26c020ef          	jal	ra,9388 <strcpy>
    7120:	541c                	lw	a5,40(s0)
    7122:	4505                	li	a0,1
    7124:	0785                	addi	a5,a5,1
    7126:	d41c                	sw	a5,40(s0)
    7128:	822f906f          	j	14a <__riscv_restore_4>
    712c:	4705                	li	a4,1
    712e:	04e78563          	beq	a5,a4,7178 <lfs_dir_read+0x86>
    7132:	02040a93          	addi	s5,s0,32
    7136:	00840993          	addi	s3,s0,8
    713a:	5a79                	li	s4,-2
    713c:	205a                	lhu	a4,4(s0)
    713e:	2c5e                	lhu	a5,28(s0)
    7140:	00f71c63          	bne	a4,a5,7158 <lfs_dir_read+0x66>
    7144:	3c7c                	lbu	a5,31(s0)
    7146:	c3a1                	beqz	a5,7186 <lfs_dir_read+0x94>
    7148:	8656                	mv	a2,s5
    714a:	85ce                	mv	a1,s3
    714c:	854a                	mv	a0,s2
    714e:	c50fd0ef          	jal	ra,459e <lfs_dir_fetch>
    7152:	f979                	bnez	a0,7128 <lfs_dir_read+0x36>
    7154:	00041223          	sh	zero,4(s0)
    7158:	2052                	lhu	a2,4(s0)
    715a:	86a6                	mv	a3,s1
    715c:	85ce                	mv	a1,s3
    715e:	854a                	mv	a0,s2
    7160:	8b8fc0ef          	jal	ra,3218 <lfs_dir_getinfo>
    7164:	00250793          	addi	a5,a0,2
    7168:	9bf5                	andi	a5,a5,-3
    716a:	ffdd                	bnez	a5,7128 <lfs_dir_read+0x36>
    716c:	205e                	lhu	a5,4(s0)
    716e:	0785                	addi	a5,a5,1
    7170:	a05e                	sh	a5,4(s0)
    7172:	fd4505e3          	beq	a0,s4,713c <lfs_dir_read+0x4a>
    7176:	b76d                	j	7120 <lfs_dir_read+0x2e>
    7178:	4789                	li	a5,2
    717a:	0000a5b7          	lui	a1,0xa
    717e:	a09c                	sb	a5,0(s1)
    7180:	22058593          	addi	a1,a1,544 # a220 <defaults.4606+0x1c8>
    7184:	bf51                	j	7118 <lfs_dir_read+0x26>
    7186:	4501                	li	a0,0
    7188:	b745                	j	7128 <lfs_dir_read+0x36>

0000718a <lfs_crc>:
    718a:	66ad                	lui	a3,0xb
    718c:	4701                	li	a4,0
    718e:	e0468693          	addi	a3,a3,-508 # ae04 <rtable.3322>
    7192:	00c71363          	bne	a4,a2,7198 <lfs_crc+0xe>
    7196:	8082                	ret
    7198:	00e587b3          	add	a5,a1,a4
    719c:	239c                	lbu	a5,0(a5)
    719e:	00455813          	srli	a6,a0,0x4
    71a2:	0705                	addi	a4,a4,1
    71a4:	8d3d                	xor	a0,a0,a5
    71a6:	893d                	andi	a0,a0,15
    71a8:	050a                	slli	a0,a0,0x2
    71aa:	9536                	add	a0,a0,a3
    71ac:	4108                	lw	a0,0(a0)
    71ae:	8391                	srli	a5,a5,0x4
    71b0:	00a84833          	xor	a6,a6,a0
    71b4:	0107c7b3          	xor	a5,a5,a6
    71b8:	8bbd                	andi	a5,a5,15
    71ba:	078a                	slli	a5,a5,0x2
    71bc:	97b6                	add	a5,a5,a3
    71be:	439c                	lw	a5,0(a5)
    71c0:	00485513          	srli	a0,a6,0x4
    71c4:	8d3d                	xor	a0,a0,a5
    71c6:	b7f1                	j	7192 <lfs_crc+0x8>

000071c8 <capture_pulse>:
    71c8:	f69f82ef          	jal	t0,130 <__riscv_save_0>
    71cc:	842a                	mv	s0,a0
    71ce:	2d01                	jal	77de <EXTI_GetITStatus>
    71d0:	c131                	beqz	a0,7214 <capture_pulse+0x4c>
    71d2:	db2fb0ef          	jal	ra,2784 <pulseio_in_tim4_stop>
    71d6:	85018713          	addi	a4,gp,-1968 # 20000138 <pio_head>
    71da:	431c                	lw	a5,0(a4)
    71dc:	20003637          	lui	a2,0x20003
    71e0:	d7860613          	addi	a2,a2,-648 # 20002d78 <pio_buffer>
    71e4:	00179693          	slli	a3,a5,0x1
    71e8:	96b2                	add	a3,a3,a2
    71ea:	a28a                	sh	a0,0(a3)
    71ec:	6685                	lui	a3,0x1
    71ee:	bb868613          	addi	a2,a3,-1096 # bb8 <comms_send_u32+0x6>
    71f2:	0785                	addi	a5,a5,1
    71f4:	02c7f7b3          	remu	a5,a5,a2
    71f8:	bb768693          	addi	a3,a3,-1097
    71fc:	c31c                	sw	a5,0(a4)
    71fe:	84c18793          	addi	a5,gp,-1972 # 20000134 <pio_count>
    7202:	4398                	lw	a4,0(a5)
    7204:	00e6e463          	bltu	a3,a4,720c <capture_pulse+0x44>
    7208:	0705                	addi	a4,a4,1
    720a:	c398                	sw	a4,0(a5)
    720c:	8522                	mv	a0,s0
    720e:	23fd                	jal	77fc <EXTI_ClearITPendingBit>
    7210:	d4afb0ef          	jal	ra,275a <pulseio_in_tim4_start>
    7214:	f41f806f          	j	154 <__riscv_restore_0>

00007218 <NMI_Handler>:
    7218:	a001                	j	7218 <NMI_Handler>

0000721a <HardFault_Handler>:
    721a:	beef07b7          	lui	a5,0xbeef0
    721e:	e000e737          	lui	a4,0xe000e
    7222:	08078793          	addi	a5,a5,128 # beef0080 <_eusrstack+0x9eeeb080>
    7226:	c73c                	sw	a5,72(a4)
    7228:	a001                	j	7228 <HardFault_Handler+0xe>

0000722a <EXTI0_IRQHandler>:
    722a:	4505                	li	a0,1
    722c:	f9dff0ef          	jal	ra,71c8 <capture_pulse>
    7230:	30200073          	mret

00007234 <EXTI1_IRQHandler>:
    7234:	4509                	li	a0,2
    7236:	f93ff0ef          	jal	ra,71c8 <capture_pulse>
    723a:	30200073          	mret

0000723e <EXTI2_IRQHandler>:
    723e:	4511                	li	a0,4
    7240:	f89ff0ef          	jal	ra,71c8 <capture_pulse>
    7244:	30200073          	mret

00007248 <EXTI3_IRQHandler>:
    7248:	4521                	li	a0,8
    724a:	f7fff0ef          	jal	ra,71c8 <capture_pulse>
    724e:	30200073          	mret

00007252 <EXTI4_IRQHandler>:
    7252:	4541                	li	a0,16
    7254:	f75ff0ef          	jal	ra,71c8 <capture_pulse>
    7258:	30200073          	mret

0000725c <EXTI9_5_IRQHandler>:
    725c:	02000513          	li	a0,32
    7260:	f69ff0ef          	jal	ra,71c8 <capture_pulse>
    7264:	04000513          	li	a0,64
    7268:	f61ff0ef          	jal	ra,71c8 <capture_pulse>
    726c:	08000513          	li	a0,128
    7270:	f59ff0ef          	jal	ra,71c8 <capture_pulse>
    7274:	10000513          	li	a0,256
    7278:	f51ff0ef          	jal	ra,71c8 <capture_pulse>
    727c:	20000513          	li	a0,512
    7280:	f49ff0ef          	jal	ra,71c8 <capture_pulse>
    7284:	30200073          	mret

00007288 <EXTI15_10_IRQHandler>:
    7288:	40000513          	li	a0,1024
    728c:	f3dff0ef          	jal	ra,71c8 <capture_pulse>
    7290:	6505                	lui	a0,0x1
    7292:	80050513          	addi	a0,a0,-2048 # 800 <__stack_size>
    7296:	f33ff0ef          	jal	ra,71c8 <capture_pulse>
    729a:	6505                	lui	a0,0x1
    729c:	f2dff0ef          	jal	ra,71c8 <capture_pulse>
    72a0:	6509                	lui	a0,0x2
    72a2:	f27ff0ef          	jal	ra,71c8 <capture_pulse>
    72a6:	6511                	lui	a0,0x4
    72a8:	f21ff0ef          	jal	ra,71c8 <capture_pulse>
    72ac:	6521                	lui	a0,0x8
    72ae:	f1bff0ef          	jal	ra,71c8 <capture_pulse>
    72b2:	30200073          	mret

000072b6 <main>:
    72b6:	e7bf82ef          	jal	t0,130 <__riscv_save_0>
    72ba:	4505                	li	a0,1
    72bc:	1c5000ef          	jal	ra,7c80 <NVIC_PriorityGroupConfig>
    72c0:	2245                	jal	7460 <SystemCoreClockUpdate>
    72c2:	759000ef          	jal	ra,821a <Delay_Init>
    72c6:	6571                	lui	a0,0x1c
    72c8:	20050513          	addi	a0,a0,512 # 1c200 <_data_lma+0x111b4>
    72cc:	060010ef          	jal	ra,832c <USART_Printf_Init>
    72d0:	4585                	li	a1,1
    72d2:	4511                	li	a0,4
    72d4:	31d000ef          	jal	ra,7df0 <RCC_APB2PeriphClockCmd>
    72d8:	4585                	li	a1,1
    72da:	4521                	li	a0,8
    72dc:	315000ef          	jal	ra,7df0 <RCC_APB2PeriphClockCmd>
    72e0:	6505                	lui	a0,0x1
    72e2:	4585                	li	a1,1
    72e4:	80050513          	addi	a0,a0,-2048 # 800 <__stack_size>
    72e8:	309000ef          	jal	ra,7df0 <RCC_APB2PeriphClockCmd>
    72ec:	4585                	li	a1,1
    72ee:	20000513          	li	a0,512
    72f2:	2ff000ef          	jal	ra,7df0 <RCC_APB2PeriphClockCmd>
    72f6:	4585                	li	a1,1
    72f8:	4505                	li	a0,1
    72fa:	2f7000ef          	jal	ra,7df0 <RCC_APB2PeriphClockCmd>
    72fe:	4585                	li	a1,1
    7300:	4509                	li	a0,2
    7302:	30d000ef          	jal	ra,7e0e <RCC_APB1PeriphClockCmd>
    7306:	4585                	li	a1,1
    7308:	4505                	li	a0,1
    730a:	305000ef          	jal	ra,7e0e <RCC_APB1PeriphClockCmd>
    730e:	4585                	li	a1,1
    7310:	4511                	li	a0,4
    7312:	2fd000ef          	jal	ra,7e0e <RCC_APB1PeriphClockCmd>
    7316:	4589                	li	a1,2
    7318:	4505                	li	a0,1
    731a:	84bf90ef          	jal	ra,b64 <comms_init>
    731e:	da7fa0ef          	jal	ra,20c4 <gpio_init_default>
    7322:	e42fb0ef          	jal	ra,2964 <pwm_init>
    7326:	8b1fa0ef          	jal	ra,1bd6 <adc_init>
    732a:	45e1                	li	a1,24
    732c:	4541                	li	a0,16
    732e:	d6ffa0ef          	jal	ra,209c <gpio_init_pin>
    7332:	0000b537          	lui	a0,0xb
    7336:	e4450513          	addi	a0,a0,-444 # ae44 <rtable.3322+0x40>
    733a:	010020ef          	jal	ra,934a <puts>
    733e:	aebfa0ef          	jal	ra,1e28 <flashfs_init>
    7342:	ba2fb0ef          	jal	ra,26e4 <pulseio_in_init>
    7346:	0000b537          	lui	a0,0xb
    734a:	e5850513          	addi	a0,a0,-424 # ae58 <rtable.3322+0x54>
    734e:	7fd010ef          	jal	ra,934a <puts>
    7352:	4909                	li	s2,2
    7354:	4485                	li	s1,1
    7356:	e3efa0ef          	jal	ra,1994 <usbSerial_available>
    735a:	e509                	bnez	a0,7364 <main+0xae>
    735c:	8201a783          	lw	a5,-2016(gp) # 20000108 <_edata>
    7360:	01279463          	bne	a5,s2,7368 <main+0xb2>
    7364:	ea5f80ef          	jal	ra,208 <get_packet>
    7368:	8201a783          	lw	a5,-2016(gp) # 20000108 <_edata>
    736c:	fe9795e3          	bne	a5,s1,7356 <main+0xa0>
    7370:	f40fa0ef          	jal	ra,1ab0 <usbSerial_flush>
    7374:	b7cd                	j	7356 <main+0xa0>

00007376 <SystemInit>:
    7376:	400217b7          	lui	a5,0x40021
    737a:	4398                	lw	a4,0(a5)
    737c:	f0ff06b7          	lui	a3,0xf0ff0
    7380:	1141                	addi	sp,sp,-16
    7382:	00176713          	ori	a4,a4,1
    7386:	c398                	sw	a4,0(a5)
    7388:	43d8                	lw	a4,4(a5)
    738a:	00020637          	lui	a2,0x20
    738e:	8f75                	and	a4,a4,a3
    7390:	c3d8                	sw	a4,4(a5)
    7392:	4398                	lw	a4,0(a5)
    7394:	fef706b7          	lui	a3,0xfef70
    7398:	16fd                	addi	a3,a3,-1
    739a:	8f75                	and	a4,a4,a3
    739c:	c398                	sw	a4,0(a5)
    739e:	4398                	lw	a4,0(a5)
    73a0:	fffc06b7          	lui	a3,0xfffc0
    73a4:	16fd                	addi	a3,a3,-1
    73a6:	8f75                	and	a4,a4,a3
    73a8:	c398                	sw	a4,0(a5)
    73aa:	43d8                	lw	a4,4(a5)
    73ac:	ff0106b7          	lui	a3,0xff010
    73b0:	16fd                	addi	a3,a3,-1
    73b2:	8f75                	and	a4,a4,a3
    73b4:	c3d8                	sw	a4,4(a5)
    73b6:	009f0737          	lui	a4,0x9f0
    73ba:	c798                	sw	a4,8(a5)
    73bc:	c402                	sw	zero,8(sp)
    73be:	c602                	sw	zero,12(sp)
    73c0:	4398                	lw	a4,0(a5)
    73c2:	66c1                	lui	a3,0x10
    73c4:	8f55                	or	a4,a4,a3
    73c6:	c398                	sw	a4,0(a5)
    73c8:	400216b7          	lui	a3,0x40021
    73cc:	6705                	lui	a4,0x1
    73ce:	429c                	lw	a5,0(a3)
    73d0:	8ff1                	and	a5,a5,a2
    73d2:	c63e                	sw	a5,12(sp)
    73d4:	47a2                	lw	a5,8(sp)
    73d6:	0785                	addi	a5,a5,1
    73d8:	c43e                	sw	a5,8(sp)
    73da:	47b2                	lw	a5,12(sp)
    73dc:	e781                	bnez	a5,73e4 <SystemInit+0x6e>
    73de:	47a2                	lw	a5,8(sp)
    73e0:	fee797e3          	bne	a5,a4,73ce <SystemInit+0x58>
    73e4:	400217b7          	lui	a5,0x40021
    73e8:	439c                	lw	a5,0(a5)
    73ea:	00e79713          	slli	a4,a5,0xe
    73ee:	06075763          	bgez	a4,745c <SystemInit+0xe6>
    73f2:	4785                	li	a5,1
    73f4:	c63e                	sw	a5,12(sp)
    73f6:	4732                	lw	a4,12(sp)
    73f8:	4785                	li	a5,1
    73fa:	04f71f63          	bne	a4,a5,7458 <SystemInit+0xe2>
    73fe:	400217b7          	lui	a5,0x40021
    7402:	43d8                	lw	a4,4(a5)
    7404:	ffc106b7          	lui	a3,0xffc10
    7408:	16fd                	addi	a3,a3,-1
    740a:	c3d8                	sw	a4,4(a5)
    740c:	43d8                	lw	a4,4(a5)
    740e:	c3d8                	sw	a4,4(a5)
    7410:	43d8                	lw	a4,4(a5)
    7412:	40076713          	ori	a4,a4,1024
    7416:	c3d8                	sw	a4,4(a5)
    7418:	43d8                	lw	a4,4(a5)
    741a:	8f75                	and	a4,a4,a3
    741c:	c3d8                	sw	a4,4(a5)
    741e:	43d8                	lw	a4,4(a5)
    7420:	003d06b7          	lui	a3,0x3d0
    7424:	8f55                	or	a4,a4,a3
    7426:	c3d8                	sw	a4,4(a5)
    7428:	4398                	lw	a4,0(a5)
    742a:	010006b7          	lui	a3,0x1000
    742e:	8f55                	or	a4,a4,a3
    7430:	c398                	sw	a4,0(a5)
    7432:	4398                	lw	a4,0(a5)
    7434:	00671693          	slli	a3,a4,0x6
    7438:	fe06dde3          	bgez	a3,7432 <SystemInit+0xbc>
    743c:	43d8                	lw	a4,4(a5)
    743e:	400216b7          	lui	a3,0x40021
    7442:	9b71                	andi	a4,a4,-4
    7444:	c3d8                	sw	a4,4(a5)
    7446:	43d8                	lw	a4,4(a5)
    7448:	00276713          	ori	a4,a4,2
    744c:	c3d8                	sw	a4,4(a5)
    744e:	4721                	li	a4,8
    7450:	42dc                	lw	a5,4(a3)
    7452:	8bb1                	andi	a5,a5,12
    7454:	fee79ee3          	bne	a5,a4,7450 <SystemInit+0xda>
    7458:	0141                	addi	sp,sp,16
    745a:	8082                	ret
    745c:	c602                	sw	zero,12(sp)
    745e:	bf61                	j	73f6 <SystemInit+0x80>

00007460 <SystemCoreClockUpdate>:
    7460:	400216b7          	lui	a3,0x40021
    7464:	42dc                	lw	a5,4(a3)
    7466:	4611                	li	a2,4
    7468:	8bb1                	andi	a5,a5,12
    746a:	80818713          	addi	a4,gp,-2040 # 200000f0 <SystemCoreClock>
    746e:	00c78563          	beq	a5,a2,7478 <SystemCoreClockUpdate+0x18>
    7472:	4621                	li	a2,8
    7474:	02c78863          	beq	a5,a2,74a4 <SystemCoreClockUpdate+0x44>
    7478:	007a17b7          	lui	a5,0x7a1
    747c:	20078793          	addi	a5,a5,512 # 7a1200 <_data_lma+0x7961b4>
    7480:	c31c                	sw	a5,0(a4)
    7482:	400217b7          	lui	a5,0x40021
    7486:	43dc                	lw	a5,4(a5)
    7488:	8391                	srli	a5,a5,0x4
    748a:	00f7f693          	andi	a3,a5,15
    748e:	200007b7          	lui	a5,0x20000
    7492:	06478793          	addi	a5,a5,100 # 20000064 <AHBPrescTable>
    7496:	97b6                	add	a5,a5,a3
    7498:	2394                	lbu	a3,0(a5)
    749a:	431c                	lw	a5,0(a4)
    749c:	00d7d7b3          	srl	a5,a5,a3
    74a0:	c31c                	sw	a5,0(a4)
    74a2:	8082                	ret
    74a4:	42dc                	lw	a5,4(a3)
    74a6:	42d4                	lw	a3,4(a3)
    74a8:	6641                	lui	a2,0x10
    74aa:	83c9                	srli	a5,a5,0x12
    74ac:	8bbd                	andi	a5,a5,15
    74ae:	8ef1                	and	a3,a3,a2
    74b0:	0789                	addi	a5,a5,2
    74b2:	4645                	li	a2,17
    74b4:	00c79363          	bne	a5,a2,74ba <SystemCoreClockUpdate+0x5a>
    74b8:	47c9                	li	a5,18
    74ba:	ee81                	bnez	a3,74d2 <SystemCoreClockUpdate+0x72>
    74bc:	400246b7          	lui	a3,0x40024
    74c0:	8006a683          	lw	a3,-2048(a3) # 40023800 <_eusrstack+0x2001e800>
    74c4:	8ac1                	andi	a3,a3,16
    74c6:	ce89                	beqz	a3,74e0 <SystemCoreClockUpdate+0x80>
    74c8:	007a16b7          	lui	a3,0x7a1
    74cc:	20068693          	addi	a3,a3,512 # 7a1200 <_data_lma+0x7961b4>
    74d0:	a821                	j	74e8 <SystemCoreClockUpdate+0x88>
    74d2:	400216b7          	lui	a3,0x40021
    74d6:	42d4                	lw	a3,4(a3)
    74d8:	00e69613          	slli	a2,a3,0xe
    74dc:	fe0656e3          	bgez	a2,74c8 <SystemCoreClockUpdate+0x68>
    74e0:	003d16b7          	lui	a3,0x3d1
    74e4:	90068693          	addi	a3,a3,-1792 # 3d0900 <_data_lma+0x3c58b4>
    74e8:	02d787b3          	mul	a5,a5,a3
    74ec:	bf51                	j	7480 <SystemCoreClockUpdate+0x20>

000074ee <ADC1_2_IRQHandler>:
    74ee:	a001                	j	74ee <ADC1_2_IRQHandler>

000074f0 <handle_reset>:
    74f0:	1fff9197          	auipc	gp,0x1fff9
    74f4:	3f818193          	addi	gp,gp,1016 # 200008e8 <__global_pointer$>
    74f8:	1fffe117          	auipc	sp,0x1fffe
    74fc:	b0810113          	addi	sp,sp,-1272 # 20005000 <_eusrstack>
    7500:	00004517          	auipc	a0,0x4
    7504:	b4c50513          	addi	a0,a0,-1204 # b04c <_data_lma>
    7508:	1fff9597          	auipc	a1,0x1fff9
    750c:	af858593          	addi	a1,a1,-1288 # 20000000 <_data_vma>
    7510:	82018613          	addi	a2,gp,-2016 # 20000108 <_edata>
    7514:	00c5fa63          	bgeu	a1,a2,7528 <handle_reset+0x38>
    7518:	00052283          	lw	t0,0(a0)
    751c:	0055a023          	sw	t0,0(a1)
    7520:	0511                	addi	a0,a0,4
    7522:	0591                	addi	a1,a1,4
    7524:	fec5eae3          	bltu	a1,a2,7518 <handle_reset+0x28>
    7528:	82018513          	addi	a0,gp,-2016 # 20000108 <_edata>
    752c:	1fffd597          	auipc	a1,0x1fffd
    7530:	fc058593          	addi	a1,a1,-64 # 200044ec <_ebss>
    7534:	00b57763          	bgeu	a0,a1,7542 <handle_reset+0x52>
    7538:	00052023          	sw	zero,0(a0)
    753c:	0511                	addi	a0,a0,4
    753e:	feb56de3          	bltu	a0,a1,7538 <handle_reset+0x48>
    7542:	42fd                	li	t0,31
    7544:	bc029073          	csrw	0xbc0,t0
    7548:	428d                	li	t0,3
    754a:	80429073          	csrw	0x804,t0
    754e:	08800293          	li	t0,136
    7552:	30029073          	csrw	mstatus,t0
    7556:	ffff9297          	auipc	t0,0xffff9
    755a:	aae28293          	addi	t0,t0,-1362 # 4 <_einit>
    755e:	0032e293          	ori	t0,t0,3
    7562:	30529073          	csrw	mtvec,t0
    7566:	e11ff0ef          	jal	ra,7376 <SystemInit>
    756a:	00000297          	auipc	t0,0x0
    756e:	d4c28293          	addi	t0,t0,-692 # 72b6 <main>
    7572:	34129073          	csrw	mepc,t0
    7576:	30200073          	mret

0000757a <ADC_DeInit>:
    757a:	bb7f82ef          	jal	t0,130 <__riscv_save_0>
    757e:	400127b7          	lui	a5,0x40012
    7582:	40078793          	addi	a5,a5,1024 # 40012400 <_eusrstack+0x2000d400>
    7586:	00f51e63          	bne	a0,a5,75a2 <ADC_DeInit+0x28>
    758a:	4585                	li	a1,1
    758c:	20000513          	li	a0,512
    7590:	09d000ef          	jal	ra,7e2c <RCC_APB2PeriphResetCmd>
    7594:	4581                	li	a1,0
    7596:	20000513          	li	a0,512
    759a:	093000ef          	jal	ra,7e2c <RCC_APB2PeriphResetCmd>
    759e:	bb7f806f          	j	154 <__riscv_restore_0>
    75a2:	400137b7          	lui	a5,0x40013
    75a6:	80078793          	addi	a5,a5,-2048 # 40012800 <_eusrstack+0x2000d800>
    75aa:	fef51ae3          	bne	a0,a5,759e <ADC_DeInit+0x24>
    75ae:	4585                	li	a1,1
    75b0:	40000513          	li	a0,1024
    75b4:	079000ef          	jal	ra,7e2c <RCC_APB2PeriphResetCmd>
    75b8:	4581                	li	a1,0
    75ba:	40000513          	li	a0,1024
    75be:	bff1                	j	759a <ADC_DeInit+0x20>

000075c0 <ADC_Init>:
    75c0:	415c                	lw	a5,4(a0)
    75c2:	e0f10737          	lui	a4,0xe0f10
    75c6:	eff70713          	addi	a4,a4,-257 # e0f0feff <_eusrstack+0xc0f0aeff>
    75ca:	4d94                	lw	a3,24(a1)
    75cc:	8f7d                	and	a4,a4,a5
    75ce:	419c                	lw	a5,0(a1)
    75d0:	8fd5                	or	a5,a5,a3
    75d2:	4dd4                	lw	a3,28(a1)
    75d4:	8fd5                	or	a5,a5,a3
    75d6:	41d4                	lw	a3,4(a1)
    75d8:	06a2                	slli	a3,a3,0x8
    75da:	8fd5                	or	a5,a5,a3
    75dc:	8fd9                	or	a5,a5,a4
    75de:	c15c                	sw	a5,4(a0)
    75e0:	451c                	lw	a5,8(a0)
    75e2:	fff1f737          	lui	a4,0xfff1f
    75e6:	7fd70713          	addi	a4,a4,2045 # fff1f7fd <_eusrstack+0xdff1a7fd>
    75ea:	45d4                	lw	a3,12(a1)
    75ec:	8f7d                	and	a4,a4,a5
    75ee:	499c                	lw	a5,16(a1)
    75f0:	8fd5                	or	a5,a5,a3
    75f2:	4594                	lw	a3,8(a1)
    75f4:	0686                	slli	a3,a3,0x1
    75f6:	8fd5                	or	a5,a5,a3
    75f8:	8fd9                	or	a5,a5,a4
    75fa:	c51c                	sw	a5,8(a0)
    75fc:	555c                	lw	a5,44(a0)
    75fe:	ff100737          	lui	a4,0xff100
    7602:	177d                	addi	a4,a4,-1
    7604:	8f7d                	and	a4,a4,a5
    7606:	29dc                	lbu	a5,20(a1)
    7608:	17fd                	addi	a5,a5,-1
    760a:	0ff7f793          	andi	a5,a5,255
    760e:	07d2                	slli	a5,a5,0x14
    7610:	8fd9                	or	a5,a5,a4
    7612:	d55c                	sw	a5,44(a0)
    7614:	8082                	ret

00007616 <ADC_Cmd>:
    7616:	451c                	lw	a5,8(a0)
    7618:	c589                	beqz	a1,7622 <ADC_Cmd+0xc>
    761a:	0017e793          	ori	a5,a5,1
    761e:	c51c                	sw	a5,8(a0)
    7620:	8082                	ret
    7622:	9bf9                	andi	a5,a5,-2
    7624:	bfed                	j	761e <ADC_Cmd+0x8>

00007626 <ADC_ResetCalibration>:
    7626:	451c                	lw	a5,8(a0)
    7628:	0087e793          	ori	a5,a5,8
    762c:	c51c                	sw	a5,8(a0)
    762e:	8082                	ret

00007630 <ADC_GetResetCalibrationStatus>:
    7630:	4508                	lw	a0,8(a0)
    7632:	810d                	srli	a0,a0,0x3
    7634:	8905                	andi	a0,a0,1
    7636:	8082                	ret

00007638 <ADC_StartCalibration>:
    7638:	451c                	lw	a5,8(a0)
    763a:	0047e793          	ori	a5,a5,4
    763e:	c51c                	sw	a5,8(a0)
    7640:	8082                	ret

00007642 <ADC_GetCalibrationStatus>:
    7642:	4508                	lw	a0,8(a0)
    7644:	8109                	srli	a0,a0,0x2
    7646:	8905                	andi	a0,a0,1
    7648:	8082                	ret

0000764a <ADC_SoftwareStartConvCmd>:
    764a:	451c                	lw	a5,8(a0)
    764c:	c591                	beqz	a1,7658 <ADC_SoftwareStartConvCmd+0xe>
    764e:	00500737          	lui	a4,0x500
    7652:	8fd9                	or	a5,a5,a4
    7654:	c51c                	sw	a5,8(a0)
    7656:	8082                	ret
    7658:	ffb00737          	lui	a4,0xffb00
    765c:	177d                	addi	a4,a4,-1
    765e:	8ff9                	and	a5,a5,a4
    7660:	bfd5                	j	7654 <ADC_SoftwareStartConvCmd+0xa>

00007662 <ADC_RegularChannelConfig>:
    7662:	47a5                	li	a5,9
    7664:	04b7f763          	bgeu	a5,a1,76b2 <ADC_RegularChannelConfig+0x50>
    7668:	478d                	li	a5,3
    766a:	ff658713          	addi	a4,a1,-10
    766e:	02f70733          	mul	a4,a4,a5
    7672:	00c52803          	lw	a6,12(a0)
    7676:	479d                	li	a5,7
    7678:	00e797b3          	sll	a5,a5,a4
    767c:	fff7c793          	not	a5,a5
    7680:	0107f7b3          	and	a5,a5,a6
    7684:	00e696b3          	sll	a3,a3,a4
    7688:	8edd                	or	a3,a3,a5
    768a:	c554                	sw	a3,12(a0)
    768c:	4799                	li	a5,6
    768e:	04c7e363          	bltu	a5,a2,76d4 <ADC_RegularChannelConfig+0x72>
    7692:	4795                	li	a5,5
    7694:	167d                	addi	a2,a2,-1
    7696:	02f60633          	mul	a2,a2,a5
    769a:	5958                	lw	a4,52(a0)
    769c:	47fd                	li	a5,31
    769e:	00c797b3          	sll	a5,a5,a2
    76a2:	fff7c793          	not	a5,a5
    76a6:	8ff9                	and	a5,a5,a4
    76a8:	00c59633          	sll	a2,a1,a2
    76ac:	8e5d                	or	a2,a2,a5
    76ae:	d950                	sw	a2,52(a0)
    76b0:	8082                	ret
    76b2:	470d                	li	a4,3
    76b4:	02e58733          	mul	a4,a1,a4
    76b8:	01052803          	lw	a6,16(a0)
    76bc:	479d                	li	a5,7
    76be:	00e797b3          	sll	a5,a5,a4
    76c2:	fff7c793          	not	a5,a5
    76c6:	0107f7b3          	and	a5,a5,a6
    76ca:	00e696b3          	sll	a3,a3,a4
    76ce:	8edd                	or	a3,a3,a5
    76d0:	c914                	sw	a3,16(a0)
    76d2:	bf6d                	j	768c <ADC_RegularChannelConfig+0x2a>
    76d4:	47b1                	li	a5,12
    76d6:	02c7e263          	bltu	a5,a2,76fa <ADC_RegularChannelConfig+0x98>
    76da:	4795                	li	a5,5
    76dc:	1665                	addi	a2,a2,-7
    76de:	02f60633          	mul	a2,a2,a5
    76e2:	5918                	lw	a4,48(a0)
    76e4:	47fd                	li	a5,31
    76e6:	00c797b3          	sll	a5,a5,a2
    76ea:	fff7c793          	not	a5,a5
    76ee:	8ff9                	and	a5,a5,a4
    76f0:	00c59633          	sll	a2,a1,a2
    76f4:	8e5d                	or	a2,a2,a5
    76f6:	d910                	sw	a2,48(a0)
    76f8:	8082                	ret
    76fa:	4795                	li	a5,5
    76fc:	164d                	addi	a2,a2,-13
    76fe:	02f60633          	mul	a2,a2,a5
    7702:	5558                	lw	a4,44(a0)
    7704:	47fd                	li	a5,31
    7706:	00c797b3          	sll	a5,a5,a2
    770a:	fff7c793          	not	a5,a5
    770e:	8ff9                	and	a5,a5,a4
    7710:	00c595b3          	sll	a1,a1,a2
    7714:	8ddd                	or	a1,a1,a5
    7716:	d54c                	sw	a1,44(a0)
    7718:	8082                	ret

0000771a <ADC_GetConversionValue>:
    771a:	4568                	lw	a0,76(a0)
    771c:	0542                	slli	a0,a0,0x10
    771e:	8141                	srli	a0,a0,0x10
    7720:	8082                	ret

00007722 <ADC_InjectedDiscModeCmd>:
    7722:	415c                	lw	a5,4(a0)
    7724:	c589                	beqz	a1,772e <ADC_InjectedDiscModeCmd+0xc>
    7726:	6705                	lui	a4,0x1
    7728:	8fd9                	or	a5,a5,a4
    772a:	c15c                	sw	a5,4(a0)
    772c:	8082                	ret
    772e:	777d                	lui	a4,0xfffff
    7730:	177d                	addi	a4,a4,-1
    7732:	8ff9                	and	a5,a5,a4
    7734:	bfdd                	j	772a <ADC_InjectedDiscModeCmd+0x8>

00007736 <ADC_ExternalTrigInjectedConvCmd>:
    7736:	451c                	lw	a5,8(a0)
    7738:	c589                	beqz	a1,7742 <ADC_ExternalTrigInjectedConvCmd+0xc>
    773a:	6721                	lui	a4,0x8
    773c:	8fd9                	or	a5,a5,a4
    773e:	c51c                	sw	a5,8(a0)
    7740:	8082                	ret
    7742:	7761                	lui	a4,0xffff8
    7744:	177d                	addi	a4,a4,-1
    7746:	8ff9                	and	a5,a5,a4
    7748:	bfdd                	j	773e <ADC_ExternalTrigInjectedConvCmd+0x8>

0000774a <ADC_GetFlagStatus>:
    774a:	4108                	lw	a0,0(a0)
    774c:	8d6d                	and	a0,a0,a1
    774e:	00a03533          	snez	a0,a0
    7752:	8082                	ret

00007754 <ADC_ClearFlag>:
    7754:	fff5c593          	not	a1,a1
    7758:	c10c                	sw	a1,0(a0)
    775a:	8082                	ret

0000775c <ADC_BufferCmd>:
    775c:	415c                	lw	a5,4(a0)
    775e:	c591                	beqz	a1,776a <ADC_BufferCmd+0xe>
    7760:	04000737          	lui	a4,0x4000
    7764:	8fd9                	or	a5,a5,a4
    7766:	c15c                	sw	a5,4(a0)
    7768:	8082                	ret
    776a:	fc000737          	lui	a4,0xfc000
    776e:	177d                	addi	a4,a4,-1
    7770:	8ff9                	and	a5,a5,a4
    7772:	bfd5                	j	7766 <ADC_BufferCmd+0xa>

00007774 <EXTI_Init>:
    7774:	4158                	lw	a4,4(a0)
    7776:	00052803          	lw	a6,0(a0)
    777a:	454c                	lw	a1,12(a0)
    777c:	40010637          	lui	a2,0x40010
    7780:	40060793          	addi	a5,a2,1024 # 40010400 <_eusrstack+0x2000b400>
    7784:	973e                	add	a4,a4,a5
    7786:	fff84693          	not	a3,a6
    778a:	c5b1                	beqz	a1,77d6 <EXTI_Init+0x62>
    778c:	40062583          	lw	a1,1024(a2)
    7790:	8df5                	and	a1,a1,a3
    7792:	40b62023          	sw	a1,1024(a2)
    7796:	43d0                	lw	a2,4(a5)
    7798:	8ef1                	and	a3,a3,a2
    779a:	c3d4                	sw	a3,4(a5)
    779c:	4314                	lw	a3,0(a4)
    779e:	0106e6b3          	or	a3,a3,a6
    77a2:	c314                	sw	a3,0(a4)
    77a4:	4118                	lw	a4,0(a0)
    77a6:	4790                	lw	a2,8(a5)
    77a8:	fff74693          	not	a3,a4
    77ac:	8e75                	and	a2,a2,a3
    77ae:	c790                	sw	a2,8(a5)
    77b0:	47d0                	lw	a2,12(a5)
    77b2:	8ef1                	and	a3,a3,a2
    77b4:	c7d4                	sw	a3,12(a5)
    77b6:	4514                	lw	a3,8(a0)
    77b8:	4641                	li	a2,16
    77ba:	00c69963          	bne	a3,a2,77cc <EXTI_Init+0x58>
    77be:	4794                	lw	a3,8(a5)
    77c0:	8ed9                	or	a3,a3,a4
    77c2:	c794                	sw	a3,8(a5)
    77c4:	47d4                	lw	a3,12(a5)
    77c6:	8f55                	or	a4,a4,a3
    77c8:	c7d8                	sw	a4,12(a5)
    77ca:	8082                	ret
    77cc:	97b6                	add	a5,a5,a3
    77ce:	4394                	lw	a3,0(a5)
    77d0:	8f55                	or	a4,a4,a3
    77d2:	c398                	sw	a4,0(a5)
    77d4:	8082                	ret
    77d6:	431c                	lw	a5,0(a4)
    77d8:	8ff5                	and	a5,a5,a3
    77da:	c31c                	sw	a5,0(a4)
    77dc:	8082                	ret

000077de <EXTI_GetITStatus>:
    77de:	400107b7          	lui	a5,0x40010
    77e2:	40078713          	addi	a4,a5,1024 # 40010400 <_eusrstack+0x2000b400>
    77e6:	4007a783          	lw	a5,1024(a5)
    77ea:	4b58                	lw	a4,20(a4)
    77ec:	8f69                	and	a4,a4,a0
    77ee:	c709                	beqz	a4,77f8 <EXTI_GetITStatus+0x1a>
    77f0:	8d7d                	and	a0,a0,a5
    77f2:	00a03533          	snez	a0,a0
    77f6:	8082                	ret
    77f8:	4501                	li	a0,0
    77fa:	8082                	ret

000077fc <EXTI_ClearITPendingBit>:
    77fc:	400107b7          	lui	a5,0x40010
    7800:	40a7aa23          	sw	a0,1044(a5) # 40010414 <_eusrstack+0x2000b414>
    7804:	8082                	ret

00007806 <FLASH_Unlock>:
    7806:	456707b7          	lui	a5,0x45670
    780a:	40022737          	lui	a4,0x40022
    780e:	12378793          	addi	a5,a5,291 # 45670123 <_eusrstack+0x2566b123>
    7812:	c35c                	sw	a5,4(a4)
    7814:	cdef97b7          	lui	a5,0xcdef9
    7818:	9ab78793          	addi	a5,a5,-1621 # cdef89ab <_eusrstack+0xadef39ab>
    781c:	c35c                	sw	a5,4(a4)
    781e:	8082                	ret

00007820 <FLASH_Lock>:
    7820:	40022737          	lui	a4,0x40022
    7824:	4b1c                	lw	a5,16(a4)
    7826:	0807e793          	ori	a5,a5,128
    782a:	cb1c                	sw	a5,16(a4)
    782c:	8082                	ret

0000782e <FLASH_ClearFlag>:
    782e:	400227b7          	lui	a5,0x40022
    7832:	c7c8                	sw	a0,12(a5)
    7834:	8082                	ret

00007836 <FLASH_GetBank1Status>:
    7836:	40022737          	lui	a4,0x40022
    783a:	475c                	lw	a5,12(a4)
    783c:	4505                	li	a0,1
    783e:	8b85                	andi	a5,a5,1
    7840:	e791                	bnez	a5,784c <FLASH_GetBank1Status+0x16>
    7842:	4748                	lw	a0,12(a4)
    7844:	8941                	andi	a0,a0,16
    7846:	00153513          	seqz	a0,a0
    784a:	050d                	addi	a0,a0,3
    784c:	8082                	ret

0000784e <FLASH_WaitForLastOperation>:
    784e:	8e3f82ef          	jal	t0,130 <__riscv_save_0>
    7852:	842a                	mv	s0,a0
    7854:	4485                	li	s1,1
    7856:	fe1ff0ef          	jal	ra,7836 <FLASH_GetBank1Status>
    785a:	00951963          	bne	a0,s1,786c <FLASH_WaitForLastOperation+0x1e>
    785e:	e019                	bnez	s0,7864 <FLASH_WaitForLastOperation+0x16>
    7860:	4515                	li	a0,5
    7862:	a031                	j	786e <FLASH_WaitForLastOperation+0x20>
    7864:	fd3ff0ef          	jal	ra,7836 <FLASH_GetBank1Status>
    7868:	147d                	addi	s0,s0,-1
    786a:	bfc5                	j	785a <FLASH_WaitForLastOperation+0xc>
    786c:	d875                	beqz	s0,7860 <FLASH_WaitForLastOperation+0x12>
    786e:	8e7f806f          	j	154 <__riscv_restore_0>

00007872 <FLASH_ErasePage>:
    7872:	8bff82ef          	jal	t0,130 <__riscv_save_0>
    7876:	84aa                	mv	s1,a0
    7878:	00130537          	lui	a0,0x130
    787c:	fd3ff0ef          	jal	ra,784e <FLASH_WaitForLastOperation>
    7880:	4791                	li	a5,4
    7882:	02f51463          	bne	a0,a5,78aa <FLASH_ErasePage+0x38>
    7886:	40022437          	lui	s0,0x40022
    788a:	481c                	lw	a5,16(s0)
    788c:	00130537          	lui	a0,0x130
    7890:	0027e793          	ori	a5,a5,2
    7894:	c81c                	sw	a5,16(s0)
    7896:	c844                	sw	s1,20(s0)
    7898:	481c                	lw	a5,16(s0)
    789a:	0407e793          	ori	a5,a5,64
    789e:	c81c                	sw	a5,16(s0)
    78a0:	fafff0ef          	jal	ra,784e <FLASH_WaitForLastOperation>
    78a4:	481c                	lw	a5,16(s0)
    78a6:	9bf5                	andi	a5,a5,-3
    78a8:	c81c                	sw	a5,16(s0)
    78aa:	8abf806f          	j	154 <__riscv_restore_0>

000078ae <FLASH_ProgramHalfWord>:
    78ae:	883f82ef          	jal	t0,130 <__riscv_save_0>
    78b2:	1141                	addi	sp,sp,-16
    78b4:	84aa                	mv	s1,a0
    78b6:	6515                	lui	a0,0x5
    78b8:	c62e                	sw	a1,12(sp)
    78ba:	f95ff0ef          	jal	ra,784e <FLASH_WaitForLastOperation>
    78be:	4791                	li	a5,4
    78c0:	45b2                	lw	a1,12(sp)
    78c2:	00f51f63          	bne	a0,a5,78e0 <FLASH_ProgramHalfWord+0x32>
    78c6:	40022437          	lui	s0,0x40022
    78ca:	481c                	lw	a5,16(s0)
    78cc:	6515                	lui	a0,0x5
    78ce:	0017e793          	ori	a5,a5,1
    78d2:	c81c                	sw	a5,16(s0)
    78d4:	a08e                	sh	a1,0(s1)
    78d6:	f79ff0ef          	jal	ra,784e <FLASH_WaitForLastOperation>
    78da:	481c                	lw	a5,16(s0)
    78dc:	9bf9                	andi	a5,a5,-2
    78de:	c81c                	sw	a5,16(s0)
    78e0:	0141                	addi	sp,sp,16
    78e2:	873f806f          	j	154 <__riscv_restore_0>

000078e6 <GPIO_Init>:
    78e6:	459c                	lw	a5,8(a1)
    78e8:	0107f713          	andi	a4,a5,16
    78ec:	00f7f813          	andi	a6,a5,15
    78f0:	c701                	beqz	a4,78f8 <GPIO_Init+0x12>
    78f2:	41d8                	lw	a4,4(a1)
    78f4:	00e86833          	or	a6,a6,a4
    78f8:	40022737          	lui	a4,0x40022
    78fc:	5b14                	lw	a3,48(a4)
    78fe:	0f000737          	lui	a4,0xf000
    7902:	8f75                	and	a4,a4,a3
    7904:	eb4d                	bnez	a4,79b6 <GPIO_Init+0xd0>
    7906:	4685                	li	a3,1
    7908:	84d18a23          	sb	a3,-1964(gp) # 2000013c <MCU_Version>
    790c:	40011737          	lui	a4,0x40011
    7910:	00e51563          	bne	a0,a4,791a <GPIO_Init+0x34>
    7914:	219a                	lhu	a4,0(a1)
    7916:	8335                	srli	a4,a4,0xd
    7918:	a19a                	sh	a4,0(a1)
    791a:	218e                	lhu	a1,0(a1)
    791c:	0ff5f713          	andi	a4,a1,255
    7920:	c339                	beqz	a4,7966 <GPIO_Init+0x80>
    7922:	4118                	lw	a4,0(a0)
    7924:	4681                	li	a3,0
    7926:	4e85                	li	t4,1
    7928:	4f3d                	li	t5,15
    792a:	02800f93          	li	t6,40
    792e:	04800293          	li	t0,72
    7932:	4e21                	li	t3,8
    7934:	00de9633          	sll	a2,t4,a3
    7938:	00c5f8b3          	and	a7,a1,a2
    793c:	03161163          	bne	a2,a7,795e <GPIO_Init+0x78>
    7940:	00269893          	slli	a7,a3,0x2
    7944:	011f1333          	sll	t1,t5,a7
    7948:	fff34313          	not	t1,t1
    794c:	00e37733          	and	a4,t1,a4
    7950:	011818b3          	sll	a7,a6,a7
    7954:	00e8e733          	or	a4,a7,a4
    7958:	07f79763          	bne	a5,t6,79c6 <GPIO_Init+0xe0>
    795c:	c950                	sw	a2,20(a0)
    795e:	0685                	addi	a3,a3,1
    7960:	fdc69ae3          	bne	a3,t3,7934 <GPIO_Init+0x4e>
    7964:	c118                	sw	a4,0(a0)
    7966:	0ff00713          	li	a4,255
    796a:	04b77563          	bgeu	a4,a1,79b4 <GPIO_Init+0xce>
    796e:	4154                	lw	a3,4(a0)
    7970:	4621                	li	a2,8
    7972:	4e85                	li	t4,1
    7974:	4f3d                	li	t5,15
    7976:	02800f93          	li	t6,40
    797a:	04800293          	li	t0,72
    797e:	4e41                	li	t3,16
    7980:	00ce98b3          	sll	a7,t4,a2
    7984:	0115f733          	and	a4,a1,a7
    7988:	02e89263          	bne	a7,a4,79ac <GPIO_Init+0xc6>
    798c:	00261713          	slli	a4,a2,0x2
    7990:	1701                	addi	a4,a4,-32
    7992:	00ef1333          	sll	t1,t5,a4
    7996:	fff34313          	not	t1,t1
    799a:	00d376b3          	and	a3,t1,a3
    799e:	00e81733          	sll	a4,a6,a4
    79a2:	8ed9                	or	a3,a3,a4
    79a4:	03f79563          	bne	a5,t6,79ce <GPIO_Init+0xe8>
    79a8:	01152a23          	sw	a7,20(a0) # 5014 <lfs_dir_split+0x4c>
    79ac:	0605                	addi	a2,a2,1
    79ae:	fdc619e3          	bne	a2,t3,7980 <GPIO_Init+0x9a>
    79b2:	c154                	sw	a3,4(a0)
    79b4:	8082                	ret
    79b6:	40011737          	lui	a4,0x40011
    79ba:	f6e510e3          	bne	a0,a4,791a <GPIO_Init+0x34>
    79be:	8541c703          	lbu	a4,-1964(gp) # 2000013c <MCU_Version>
    79c2:	df21                	beqz	a4,791a <GPIO_Init+0x34>
    79c4:	bf81                	j	7914 <GPIO_Init+0x2e>
    79c6:	f8579ce3          	bne	a5,t0,795e <GPIO_Init+0x78>
    79ca:	c910                	sw	a2,16(a0)
    79cc:	bf49                	j	795e <GPIO_Init+0x78>
    79ce:	fc579fe3          	bne	a5,t0,79ac <GPIO_Init+0xc6>
    79d2:	01152823          	sw	a7,16(a0)
    79d6:	bfd9                	j	79ac <GPIO_Init+0xc6>

000079d8 <GPIO_PinRemapConfig>:
    79d8:	400107b7          	lui	a5,0x40010
    79dc:	04055a63          	bgez	a0,7a30 <GPIO_PinRemapConfig+0x58>
    79e0:	4fdc                	lw	a5,28(a5)
    79e2:	01055693          	srli	a3,a0,0x10
    79e6:	01051813          	slli	a6,a0,0x10
    79ea:	00300737          	lui	a4,0x300
    79ee:	00f6f613          	andi	a2,a3,15
    79f2:	01085813          	srli	a6,a6,0x10
    79f6:	00e576b3          	and	a3,a0,a4
    79fa:	06055e63          	bgez	a0,7a76 <GPIO_PinRemapConfig+0x9e>
    79fe:	04e69963          	bne	a3,a4,7a50 <GPIO_PinRemapConfig+0x78>
    7a02:	01060693          	addi	a3,a2,16
    7a06:	460d                	li	a2,3
    7a08:	00d616b3          	sll	a3,a2,a3
    7a0c:	fff6c693          	not	a3,a3
    7a10:	8ff5                	and	a5,a5,a3
    7a12:	c999                	beqz	a1,7a28 <GPIO_PinRemapConfig+0x50>
    7a14:	01555713          	srli	a4,a0,0x15
    7a18:	3ff77713          	andi	a4,a4,1023
    7a1c:	0712                	slli	a4,a4,0x4
    7a1e:	00e81733          	sll	a4,a6,a4
    7a22:	8fd9                	or	a5,a5,a4
    7a24:	06055563          	bgez	a0,7a8e <GPIO_PinRemapConfig+0xb6>
    7a28:	40010737          	lui	a4,0x40010
    7a2c:	cf5c                	sw	a5,28(a4)
    7a2e:	8082                	ret
    7a30:	40022737          	lui	a4,0x40022
    7a34:	5b14                	lw	a3,48(a4)
    7a36:	43dc                	lw	a5,4(a5)
    7a38:	0f000737          	lui	a4,0xf000
    7a3c:	8f75                	and	a4,a4,a3
    7a3e:	f355                	bnez	a4,79e2 <GPIO_PinRemapConfig+0xa>
    7a40:	0017d713          	srli	a4,a5,0x1
    7a44:	76f9                	lui	a3,0xffffe
    7a46:	07ce                	slli	a5,a5,0x13
    7a48:	8f75                	and	a4,a4,a3
    7a4a:	83cd                	srli	a5,a5,0x13
    7a4c:	8fd9                	or	a5,a5,a4
    7a4e:	bf51                	j	79e2 <GPIO_PinRemapConfig+0xa>
    7a50:	00b51713          	slli	a4,a0,0xb
    7a54:	00075663          	bgez	a4,7a60 <GPIO_PinRemapConfig+0x88>
    7a58:	468d                	li	a3,3
    7a5a:	00c696b3          	sll	a3,a3,a2
    7a5e:	b77d                	j	7a0c <GPIO_PinRemapConfig+0x34>
    7a60:	01555713          	srli	a4,a0,0x15
    7a64:	3ff77713          	andi	a4,a4,1023
    7a68:	0712                	slli	a4,a4,0x4
    7a6a:	00e81733          	sll	a4,a6,a4
    7a6e:	fff74713          	not	a4,a4
    7a72:	8ff9                	and	a5,a5,a4
    7a74:	bf79                	j	7a12 <GPIO_PinRemapConfig+0x3a>
    7a76:	02e69063          	bne	a3,a4,7a96 <GPIO_PinRemapConfig+0xbe>
    7a7a:	40010637          	lui	a2,0x40010
    7a7e:	4254                	lw	a3,4(a2)
    7a80:	f1000737          	lui	a4,0xf1000
    7a84:	177d                	addi	a4,a4,-1
    7a86:	8ff9                	and	a5,a5,a4
    7a88:	8f75                	and	a4,a4,a3
    7a8a:	c258                	sw	a4,4(a2)
    7a8c:	f5c1                	bnez	a1,7a14 <GPIO_PinRemapConfig+0x3c>
    7a8e:	40010737          	lui	a4,0x40010
    7a92:	c35c                	sw	a5,4(a4)
    7a94:	8082                	ret
    7a96:	00b51713          	slli	a4,a0,0xb
    7a9a:	00075c63          	bgez	a4,7ab2 <GPIO_PinRemapConfig+0xda>
    7a9e:	468d                	li	a3,3
    7aa0:	00c696b3          	sll	a3,a3,a2
    7aa4:	fff6c693          	not	a3,a3
    7aa8:	8efd                	and	a3,a3,a5
    7aaa:	0f0007b7          	lui	a5,0xf000
    7aae:	8fd5                	or	a5,a5,a3
    7ab0:	bff1                	j	7a8c <GPIO_PinRemapConfig+0xb4>
    7ab2:	01555713          	srli	a4,a0,0x15
    7ab6:	0712                	slli	a4,a4,0x4
    7ab8:	00e81733          	sll	a4,a6,a4
    7abc:	fff74713          	not	a4,a4
    7ac0:	8f7d                	and	a4,a4,a5
    7ac2:	0f0007b7          	lui	a5,0xf000
    7ac6:	8fd9                	or	a5,a5,a4
    7ac8:	b7d1                	j	7a8c <GPIO_PinRemapConfig+0xb4>

00007aca <GPIO_EXTILineConfig>:
    7aca:	0fc5f713          	andi	a4,a1,252
    7ace:	0035f793          	andi	a5,a1,3
    7ad2:	400105b7          	lui	a1,0x40010
    7ad6:	95ba                	add	a1,a1,a4
    7ad8:	4594                	lw	a3,8(a1)
    7ada:	078a                	slli	a5,a5,0x2
    7adc:	473d                	li	a4,15
    7ade:	00f71733          	sll	a4,a4,a5
    7ae2:	fff74713          	not	a4,a4
    7ae6:	8f75                	and	a4,a4,a3
    7ae8:	c598                	sw	a4,8(a1)
    7aea:	4598                	lw	a4,8(a1)
    7aec:	00f51533          	sll	a0,a0,a5
    7af0:	8d59                	or	a0,a0,a4
    7af2:	c588                	sw	a0,8(a1)
    7af4:	8082                	ret

00007af6 <I2C_Init>:
    7af6:	e3af82ef          	jal	t0,130 <__riscv_save_0>
    7afa:	7179                	addi	sp,sp,-48
    7afc:	2146                	lhu	s1,4(a0)
    7afe:	842a                	mv	s0,a0
    7b00:	0868                	addi	a0,sp,28
    7b02:	c62e                	sw	a1,12(sp)
    7b04:	2c01                	jal	7d14 <RCC_GetClocksFreq>
    7b06:	5792                	lw	a5,36(sp)
    7b08:	000f4737          	lui	a4,0xf4
    7b0c:	24070713          	addi	a4,a4,576 # f4240 <_data_lma+0xe91f4>
    7b10:	02e7d733          	divu	a4,a5,a4
    7b14:	04c2                	slli	s1,s1,0x10
    7b16:	80c1                	srli	s1,s1,0x10
    7b18:	fc04f493          	andi	s1,s1,-64
    7b1c:	04c2                	slli	s1,s1,0x10
    7b1e:	039386b7          	lui	a3,0x3938
    7b22:	80c1                	srli	s1,s1,0x10
    7b24:	6ff68693          	addi	a3,a3,1791 # 39386ff <_data_lma+0x392d6b3>
    7b28:	45b2                	lw	a1,12(sp)
    7b2a:	0742                	slli	a4,a4,0x10
    7b2c:	8341                	srli	a4,a4,0x10
    7b2e:	8cd9                	or	s1,s1,a4
    7b30:	00f6f463          	bgeu	a3,a5,7b38 <I2C_Init+0x42>
    7b34:	03c00713          	li	a4,60
    7b38:	a046                	sh	s1,4(s0)
    7b3a:	2016                	lhu	a3,0(s0)
    7b3c:	6661                	lui	a2,0x18
    7b3e:	6a060613          	addi	a2,a2,1696 # 186a0 <_data_lma+0xd654>
    7b42:	06c2                	slli	a3,a3,0x10
    7b44:	82c1                	srli	a3,a3,0x10
    7b46:	9af9                	andi	a3,a3,-2
    7b48:	06c2                	slli	a3,a3,0x10
    7b4a:	82c1                	srli	a3,a3,0x10
    7b4c:	a016                	sh	a3,0(s0)
    7b4e:	4194                	lw	a3,0(a1)
    7b50:	04d66963          	bltu	a2,a3,7ba2 <I2C_Init+0xac>
    7b54:	0686                	slli	a3,a3,0x1
    7b56:	02d7d7b3          	divu	a5,a5,a3
    7b5a:	4611                	li	a2,4
    7b5c:	01079693          	slli	a3,a5,0x10
    7b60:	82c1                	srli	a3,a3,0x10
    7b62:	87b6                	mv	a5,a3
    7b64:	00c6f363          	bgeu	a3,a2,7b6a <I2C_Init+0x74>
    7b68:	4791                	li	a5,4
    7b6a:	07c2                	slli	a5,a5,0x10
    7b6c:	83c1                	srli	a5,a5,0x10
    7b6e:	0705                	addi	a4,a4,1
    7b70:	0742                	slli	a4,a4,0x10
    7b72:	8341                	srli	a4,a4,0x10
    7b74:	b01a                	sh	a4,32(s0)
    7b76:	ac5e                	sh	a5,28(s0)
    7b78:	201e                	lhu	a5,0(s0)
    7b7a:	21da                	lhu	a4,4(a1)
    7b7c:	25b6                	lhu	a3,10(a1)
    7b7e:	0017e793          	ori	a5,a5,1
    7b82:	a01e                	sh	a5,0(s0)
    7b84:	201e                	lhu	a5,0(s0)
    7b86:	8f55                	or	a4,a4,a3
    7b88:	07c2                	slli	a5,a5,0x10
    7b8a:	83c1                	srli	a5,a5,0x10
    7b8c:	bf57f793          	andi	a5,a5,-1035
    7b90:	8fd9                	or	a5,a5,a4
    7b92:	a01e                	sh	a5,0(s0)
    7b94:	259a                	lhu	a4,8(a1)
    7b96:	25de                	lhu	a5,12(a1)
    7b98:	8fd9                	or	a5,a5,a4
    7b9a:	a41e                	sh	a5,8(s0)
    7b9c:	6145                	addi	sp,sp,48
    7b9e:	db6f806f          	j	154 <__riscv_restore_0>
    7ba2:	21ea                	lhu	a0,6(a1)
    7ba4:	6631                	lui	a2,0xc
    7ba6:	167d                	addi	a2,a2,-1
    7ba8:	02c51963          	bne	a0,a2,7bda <I2C_Init+0xe4>
    7bac:	460d                	li	a2,3
    7bae:	02c686b3          	mul	a3,a3,a2
    7bb2:	02d7d7b3          	divu	a5,a5,a3
    7bb6:	07c2                	slli	a5,a5,0x10
    7bb8:	83c1                	srli	a5,a5,0x10
    7bba:	01479693          	slli	a3,a5,0x14
    7bbe:	e299                	bnez	a3,7bc4 <I2C_Init+0xce>
    7bc0:	0017e793          	ori	a5,a5,1
    7bc4:	66a1                	lui	a3,0x8
    7bc6:	8fd5                	or	a5,a5,a3
    7bc8:	12c00693          	li	a3,300
    7bcc:	02d70733          	mul	a4,a4,a3
    7bd0:	3e800693          	li	a3,1000
    7bd4:	02d74733          	div	a4,a4,a3
    7bd8:	bf59                	j	7b6e <I2C_Init+0x78>
    7bda:	4665                	li	a2,25
    7bdc:	02c686b3          	mul	a3,a3,a2
    7be0:	02d7d7b3          	divu	a5,a5,a3
    7be4:	6691                	lui	a3,0x4
    7be6:	07c2                	slli	a5,a5,0x10
    7be8:	83c1                	srli	a5,a5,0x10
    7bea:	8fd5                	or	a5,a5,a3
    7bec:	b7f9                	j	7bba <I2C_Init+0xc4>

00007bee <I2C_Cmd>:
    7bee:	211e                	lhu	a5,0(a0)
    7bf0:	c589                	beqz	a1,7bfa <I2C_Cmd+0xc>
    7bf2:	0017e793          	ori	a5,a5,1
    7bf6:	a11e                	sh	a5,0(a0)
    7bf8:	8082                	ret
    7bfa:	07c2                	slli	a5,a5,0x10
    7bfc:	83c1                	srli	a5,a5,0x10
    7bfe:	9bf9                	andi	a5,a5,-2
    7c00:	07c2                	slli	a5,a5,0x10
    7c02:	83c1                	srli	a5,a5,0x10
    7c04:	bfcd                	j	7bf6 <I2C_Cmd+0x8>

00007c06 <I2C_AcknowledgeConfig>:
    7c06:	211e                	lhu	a5,0(a0)
    7c08:	c589                	beqz	a1,7c12 <I2C_AcknowledgeConfig+0xc>
    7c0a:	4007e793          	ori	a5,a5,1024
    7c0e:	a11e                	sh	a5,0(a0)
    7c10:	8082                	ret
    7c12:	07c2                	slli	a5,a5,0x10
    7c14:	83c1                	srli	a5,a5,0x10
    7c16:	bff7f793          	andi	a5,a5,-1025
    7c1a:	07c2                	slli	a5,a5,0x10
    7c1c:	83c1                	srli	a5,a5,0x10
    7c1e:	bfc5                	j	7c0e <I2C_AcknowledgeConfig+0x8>

00007c20 <I2C_SendData>:
    7c20:	a90e                	sh	a1,16(a0)
    7c22:	8082                	ret

00007c24 <I2C_ReceiveData>:
    7c24:	290a                	lhu	a0,16(a0)
    7c26:	0ff57513          	andi	a0,a0,255
    7c2a:	8082                	ret

00007c2c <I2C_CheckEvent>:
    7c2c:	295e                	lhu	a5,20(a0)
    7c2e:	2d0a                	lhu	a0,24(a0)
    7c30:	0542                	slli	a0,a0,0x10
    7c32:	8d5d                	or	a0,a0,a5
    7c34:	8d6d                	and	a0,a0,a1
    7c36:	0522                	slli	a0,a0,0x8
    7c38:	8121                	srli	a0,a0,0x8
    7c3a:	8d0d                	sub	a0,a0,a1
    7c3c:	00153513          	seqz	a0,a0
    7c40:	8082                	ret

00007c42 <I2C_GetFlagStatus>:
    7c42:	1141                	addi	sp,sp,-16
    7c44:	c402                	sw	zero,8(sp)
    7c46:	c602                	sw	zero,12(sp)
    7c48:	01c5d793          	srli	a5,a1,0x1c
    7c4c:	c62a                	sw	a0,12(sp)
    7c4e:	c43e                	sw	a5,8(sp)
    7c50:	47a2                	lw	a5,8(sp)
    7c52:	05a2                	slli	a1,a1,0x8
    7c54:	81a1                	srli	a1,a1,0x8
    7c56:	cb99                	beqz	a5,7c6c <I2C_GetFlagStatus+0x2a>
    7c58:	47b2                	lw	a5,12(sp)
    7c5a:	07d1                	addi	a5,a5,20
    7c5c:	c63e                	sw	a5,12(sp)
    7c5e:	47b2                	lw	a5,12(sp)
    7c60:	4388                	lw	a0,0(a5)
    7c62:	0141                	addi	sp,sp,16
    7c64:	8d6d                	and	a0,a0,a1
    7c66:	00a03533          	snez	a0,a0
    7c6a:	8082                	ret
    7c6c:	47b2                	lw	a5,12(sp)
    7c6e:	81c1                	srli	a1,a1,0x10
    7c70:	07e1                	addi	a5,a5,24
    7c72:	b7ed                	j	7c5c <I2C_GetFlagStatus+0x1a>

00007c74 <I2C_ClearFlag>:
    7c74:	fff5c593          	not	a1,a1
    7c78:	05c2                	slli	a1,a1,0x10
    7c7a:	81c1                	srli	a1,a1,0x10
    7c7c:	a94e                	sh	a1,20(a0)
    7c7e:	8082                	ret

00007c80 <NVIC_PriorityGroupConfig>:
    7c80:	84a1ac23          	sw	a0,-1960(gp) # 20000140 <NVIC_Priority_Group>
    7c84:	8082                	ret

00007c86 <NVIC_Init>:
    7c86:	8581a703          	lw	a4,-1960(gp) # 20000140 <NVIC_Priority_Group>
    7c8a:	4785                	li	a5,1
    7c8c:	2114                	lbu	a3,0(a0)
    7c8e:	02f71063          	bne	a4,a5,7cae <NVIC_Init+0x28>
    7c92:	311c                	lbu	a5,1(a0)
    7c94:	02e79c63          	bne	a5,a4,7ccc <NVIC_Init+0x46>
    7c98:	213c                	lbu	a5,2(a0)
    7c9a:	0796                	slli	a5,a5,0x5
    7c9c:	f807e793          	ori	a5,a5,-128
    7ca0:	e000e737          	lui	a4,0xe000e
    7ca4:	0ff7f793          	andi	a5,a5,255
    7ca8:	9736                	add	a4,a4,a3
    7caa:	40f70023          	sb	a5,1024(a4) # e000e400 <_eusrstack+0xc0009400>
    7cae:	4705                	li	a4,1
    7cb0:	0056d793          	srli	a5,a3,0x5
    7cb4:	00d71733          	sll	a4,a4,a3
    7cb8:	4154                	lw	a3,4(a0)
    7cba:	ce89                	beqz	a3,7cd4 <NVIC_Init+0x4e>
    7cbc:	04078793          	addi	a5,a5,64 # f000040 <_data_lma+0xeff4ff4>
    7cc0:	078a                	slli	a5,a5,0x2
    7cc2:	e000e6b7          	lui	a3,0xe000e
    7cc6:	97b6                	add	a5,a5,a3
    7cc8:	c398                	sw	a4,0(a5)
    7cca:	8082                	ret
    7ccc:	f3ed                	bnez	a5,7cae <NVIC_Init+0x28>
    7cce:	213c                	lbu	a5,2(a0)
    7cd0:	0796                	slli	a5,a5,0x5
    7cd2:	b7f9                	j	7ca0 <NVIC_Init+0x1a>
    7cd4:	06078793          	addi	a5,a5,96
    7cd8:	e000e6b7          	lui	a3,0xe000e
    7cdc:	078a                	slli	a5,a5,0x2
    7cde:	97b6                	add	a5,a5,a3
    7ce0:	c398                	sw	a4,0(a5)
    7ce2:	0000100f          	fence.i
    7ce6:	8082                	ret

00007ce8 <RCC_USBCLKConfig>:
    7ce8:	400217b7          	lui	a5,0x40021
    7cec:	43d8                	lw	a4,4(a5)
    7cee:	ff4006b7          	lui	a3,0xff400
    7cf2:	16fd                	addi	a3,a3,-1
    7cf4:	8f75                	and	a4,a4,a3
    7cf6:	c3d8                	sw	a4,4(a5)
    7cf8:	43d8                	lw	a4,4(a5)
    7cfa:	055a                	slli	a0,a0,0x16
    7cfc:	8d59                	or	a0,a0,a4
    7cfe:	c3c8                	sw	a0,4(a5)
    7d00:	8082                	ret

00007d02 <RCC_ADCCLKConfig>:
    7d02:	400216b7          	lui	a3,0x40021
    7d06:	42dc                	lw	a5,4(a3)
    7d08:	7751                	lui	a4,0xffff4
    7d0a:	177d                	addi	a4,a4,-1
    7d0c:	8ff9                	and	a5,a5,a4
    7d0e:	8d5d                	or	a0,a0,a5
    7d10:	c2c8                	sw	a0,4(a3)
    7d12:	8082                	ret

00007d14 <RCC_GetClocksFreq>:
    7d14:	40021737          	lui	a4,0x40021
    7d18:	435c                	lw	a5,4(a4)
    7d1a:	4691                	li	a3,4
    7d1c:	8bb1                	andi	a5,a5,12
    7d1e:	00d78563          	beq	a5,a3,7d28 <RCC_GetClocksFreq+0x14>
    7d22:	46a1                	li	a3,8
    7d24:	06d78263          	beq	a5,a3,7d88 <RCC_GetClocksFreq+0x74>
    7d28:	007a17b7          	lui	a5,0x7a1
    7d2c:	20078793          	addi	a5,a5,512 # 7a1200 <_data_lma+0x7961b4>
    7d30:	c11c                	sw	a5,0(a0)
    7d32:	40021637          	lui	a2,0x40021
    7d36:	425c                	lw	a5,4(a2)
    7d38:	20000737          	lui	a4,0x20000
    7d3c:	07470713          	addi	a4,a4,116 # 20000074 <APBAHBPrescTable>
    7d40:	8391                	srli	a5,a5,0x4
    7d42:	8bbd                	andi	a5,a5,15
    7d44:	97ba                	add	a5,a5,a4
    7d46:	2394                	lbu	a3,0(a5)
    7d48:	411c                	lw	a5,0(a0)
    7d4a:	00d7d7b3          	srl	a5,a5,a3
    7d4e:	c15c                	sw	a5,4(a0)
    7d50:	4254                	lw	a3,4(a2)
    7d52:	82a1                	srli	a3,a3,0x8
    7d54:	8a9d                	andi	a3,a3,7
    7d56:	96ba                	add	a3,a3,a4
    7d58:	2294                	lbu	a3,0(a3)
    7d5a:	00d7d6b3          	srl	a3,a5,a3
    7d5e:	c514                	sw	a3,8(a0)
    7d60:	4254                	lw	a3,4(a2)
    7d62:	82ad                	srli	a3,a3,0xb
    7d64:	8a9d                	andi	a3,a3,7
    7d66:	9736                	add	a4,a4,a3
    7d68:	2318                	lbu	a4,0(a4)
    7d6a:	00e7d7b3          	srl	a5,a5,a4
    7d6e:	c55c                	sw	a5,12(a0)
    7d70:	4258                	lw	a4,4(a2)
    7d72:	8339                	srli	a4,a4,0xe
    7d74:	00377693          	andi	a3,a4,3
    7d78:	80c18713          	addi	a4,gp,-2036 # 200000f4 <ADCPrescTable>
    7d7c:	9736                	add	a4,a4,a3
    7d7e:	2318                	lbu	a4,0(a4)
    7d80:	02e7d7b3          	divu	a5,a5,a4
    7d84:	c91c                	sw	a5,16(a0)
    7d86:	8082                	ret
    7d88:	435c                	lw	a5,4(a4)
    7d8a:	4358                	lw	a4,4(a4)
    7d8c:	66c1                	lui	a3,0x10
    7d8e:	83c9                	srli	a5,a5,0x12
    7d90:	8bbd                	andi	a5,a5,15
    7d92:	8f75                	and	a4,a4,a3
    7d94:	0789                	addi	a5,a5,2
    7d96:	46c5                	li	a3,17
    7d98:	00d79363          	bne	a5,a3,7d9e <RCC_GetClocksFreq+0x8a>
    7d9c:	47c9                	li	a5,18
    7d9e:	ef01                	bnez	a4,7db6 <RCC_GetClocksFreq+0xa2>
    7da0:	40024737          	lui	a4,0x40024
    7da4:	80072703          	lw	a4,-2048(a4) # 40023800 <_eusrstack+0x2001e800>
    7da8:	8b41                	andi	a4,a4,16
    7daa:	cf09                	beqz	a4,7dc4 <RCC_GetClocksFreq+0xb0>
    7dac:	007a1737          	lui	a4,0x7a1
    7db0:	20070713          	addi	a4,a4,512 # 7a1200 <_data_lma+0x7961b4>
    7db4:	a821                	j	7dcc <RCC_GetClocksFreq+0xb8>
    7db6:	40021737          	lui	a4,0x40021
    7dba:	4358                	lw	a4,4(a4)
    7dbc:	00e71693          	slli	a3,a4,0xe
    7dc0:	fe06d6e3          	bgez	a3,7dac <RCC_GetClocksFreq+0x98>
    7dc4:	003d1737          	lui	a4,0x3d1
    7dc8:	90070713          	addi	a4,a4,-1792 # 3d0900 <_data_lma+0x3c58b4>
    7dcc:	02e787b3          	mul	a5,a5,a4
    7dd0:	b785                	j	7d30 <RCC_GetClocksFreq+0x1c>

00007dd2 <RCC_AHBPeriphClockCmd>:
    7dd2:	c599                	beqz	a1,7de0 <RCC_AHBPeriphClockCmd+0xe>
    7dd4:	40021737          	lui	a4,0x40021
    7dd8:	4b5c                	lw	a5,20(a4)
    7dda:	8d5d                	or	a0,a0,a5
    7ddc:	cb48                	sw	a0,20(a4)
    7dde:	8082                	ret
    7de0:	400217b7          	lui	a5,0x40021
    7de4:	4bd8                	lw	a4,20(a5)
    7de6:	fff54513          	not	a0,a0
    7dea:	8d79                	and	a0,a0,a4
    7dec:	cbc8                	sw	a0,20(a5)
    7dee:	8082                	ret

00007df0 <RCC_APB2PeriphClockCmd>:
    7df0:	c599                	beqz	a1,7dfe <RCC_APB2PeriphClockCmd+0xe>
    7df2:	40021737          	lui	a4,0x40021
    7df6:	4f1c                	lw	a5,24(a4)
    7df8:	8d5d                	or	a0,a0,a5
    7dfa:	cf08                	sw	a0,24(a4)
    7dfc:	8082                	ret
    7dfe:	400217b7          	lui	a5,0x40021
    7e02:	4f98                	lw	a4,24(a5)
    7e04:	fff54513          	not	a0,a0
    7e08:	8d79                	and	a0,a0,a4
    7e0a:	cf88                	sw	a0,24(a5)
    7e0c:	8082                	ret

00007e0e <RCC_APB1PeriphClockCmd>:
    7e0e:	c599                	beqz	a1,7e1c <RCC_APB1PeriphClockCmd+0xe>
    7e10:	40021737          	lui	a4,0x40021
    7e14:	4f5c                	lw	a5,28(a4)
    7e16:	8d5d                	or	a0,a0,a5
    7e18:	cf48                	sw	a0,28(a4)
    7e1a:	8082                	ret
    7e1c:	400217b7          	lui	a5,0x40021
    7e20:	4fd8                	lw	a4,28(a5)
    7e22:	fff54513          	not	a0,a0
    7e26:	8d79                	and	a0,a0,a4
    7e28:	cfc8                	sw	a0,28(a5)
    7e2a:	8082                	ret

00007e2c <RCC_APB2PeriphResetCmd>:
    7e2c:	c599                	beqz	a1,7e3a <RCC_APB2PeriphResetCmd+0xe>
    7e2e:	40021737          	lui	a4,0x40021
    7e32:	475c                	lw	a5,12(a4)
    7e34:	8d5d                	or	a0,a0,a5
    7e36:	c748                	sw	a0,12(a4)
    7e38:	8082                	ret
    7e3a:	400217b7          	lui	a5,0x40021
    7e3e:	47d8                	lw	a4,12(a5)
    7e40:	fff54513          	not	a0,a0
    7e44:	8d79                	and	a0,a0,a4
    7e46:	c7c8                	sw	a0,12(a5)
    7e48:	8082                	ret

00007e4a <TIM_TimeBaseInit>:
    7e4a:	211e                	lhu	a5,0(a0)
    7e4c:	40013737          	lui	a4,0x40013
    7e50:	c0070713          	addi	a4,a4,-1024 # 40012c00 <_eusrstack+0x2000dc00>
    7e54:	07c2                	slli	a5,a5,0x10
    7e56:	83c1                	srli	a5,a5,0x10
    7e58:	02e50063          	beq	a0,a4,7e78 <TIM_TimeBaseInit+0x2e>
    7e5c:	40000737          	lui	a4,0x40000
    7e60:	00e50c63          	beq	a0,a4,7e78 <TIM_TimeBaseInit+0x2e>
    7e64:	40070713          	addi	a4,a4,1024 # 40000400 <_eusrstack+0x1fffb400>
    7e68:	00e50863          	beq	a0,a4,7e78 <TIM_TimeBaseInit+0x2e>
    7e6c:	40001737          	lui	a4,0x40001
    7e70:	80070713          	addi	a4,a4,-2048 # 40000800 <_eusrstack+0x1fffb800>
    7e74:	00e51663          	bne	a0,a4,7e80 <TIM_TimeBaseInit+0x36>
    7e78:	21ba                	lhu	a4,2(a1)
    7e7a:	f8f7f793          	andi	a5,a5,-113
    7e7e:	8fd9                	or	a5,a5,a4
    7e80:	21fa                	lhu	a4,6(a1)
    7e82:	cff7f793          	andi	a5,a5,-769
    7e86:	07c2                	slli	a5,a5,0x10
    7e88:	83c1                	srli	a5,a5,0x10
    7e8a:	8fd9                	or	a5,a5,a4
    7e8c:	a11e                	sh	a5,0(a0)
    7e8e:	21de                	lhu	a5,4(a1)
    7e90:	b55e                	sh	a5,44(a0)
    7e92:	219e                	lhu	a5,0(a1)
    7e94:	b51e                	sh	a5,40(a0)
    7e96:	400137b7          	lui	a5,0x40013
    7e9a:	c0078793          	addi	a5,a5,-1024 # 40012c00 <_eusrstack+0x2000dc00>
    7e9e:	00f51463          	bne	a0,a5,7ea6 <TIM_TimeBaseInit+0x5c>
    7ea2:	259c                	lbu	a5,8(a1)
    7ea4:	b91e                	sh	a5,48(a0)
    7ea6:	4785                	li	a5,1
    7ea8:	a95e                	sh	a5,20(a0)
    7eaa:	8082                	ret

00007eac <TIM_OC1Init>:
    7eac:	311e                	lhu	a5,32(a0)
    7eae:	2192                	lhu	a2,0(a1)
    7eb0:	0025d803          	lhu	a6,2(a1) # 40010002 <_eusrstack+0x2000b002>
    7eb4:	07c2                	slli	a5,a5,0x10
    7eb6:	83c1                	srli	a5,a5,0x10
    7eb8:	9bf9                	andi	a5,a5,-2
    7eba:	07c2                	slli	a5,a5,0x10
    7ebc:	83c1                	srli	a5,a5,0x10
    7ebe:	b11e                	sh	a5,32(a0)
    7ec0:	311e                	lhu	a5,32(a0)
    7ec2:	2156                	lhu	a3,4(a0)
    7ec4:	2d1a                	lhu	a4,24(a0)
    7ec6:	07c2                	slli	a5,a5,0x10
    7ec8:	83c1                	srli	a5,a5,0x10
    7eca:	0742                	slli	a4,a4,0x10
    7ecc:	8341                	srli	a4,a4,0x10
    7ece:	f8c77713          	andi	a4,a4,-116
    7ed2:	8f51                	or	a4,a4,a2
    7ed4:	2592                	lhu	a2,8(a1)
    7ed6:	9bf5                	andi	a5,a5,-3
    7ed8:	06c2                	slli	a3,a3,0x10
    7eda:	01066633          	or	a2,a2,a6
    7ede:	8fd1                	or	a5,a5,a2
    7ee0:	40013637          	lui	a2,0x40013
    7ee4:	c0060613          	addi	a2,a2,-1024 # 40012c00 <_eusrstack+0x2000dc00>
    7ee8:	82c1                	srli	a3,a3,0x10
    7eea:	02c51063          	bne	a0,a2,7f0a <TIM_OC1Init+0x5e>
    7eee:	25b2                	lhu	a2,10(a1)
    7ef0:	9bdd                	andi	a5,a5,-9
    7ef2:	00e5d803          	lhu	a6,14(a1)
    7ef6:	8fd1                	or	a5,a5,a2
    7ef8:	21d2                	lhu	a2,4(a1)
    7efa:	9bed                	andi	a5,a5,-5
    7efc:	cff6f693          	andi	a3,a3,-769
    7f00:	8fd1                	or	a5,a5,a2
    7f02:	25d2                	lhu	a2,12(a1)
    7f04:	01066633          	or	a2,a2,a6
    7f08:	8ed1                	or	a3,a3,a2
    7f0a:	a156                	sh	a3,4(a0)
    7f0c:	ad1a                	sh	a4,24(a0)
    7f0e:	21fa                	lhu	a4,6(a1)
    7f10:	b95a                	sh	a4,52(a0)
    7f12:	b11e                	sh	a5,32(a0)
    7f14:	8082                	ret

00007f16 <TIM_OC2Init>:
    7f16:	311e                	lhu	a5,32(a0)
    7f18:	7765                	lui	a4,0xffff9
    7f1a:	cff70713          	addi	a4,a4,-769 # ffff8cff <_eusrstack+0xdfff3cff>
    7f1e:	07c2                	slli	a5,a5,0x10
    7f20:	83c1                	srli	a5,a5,0x10
    7f22:	9bbd                	andi	a5,a5,-17
    7f24:	07c2                	slli	a5,a5,0x10
    7f26:	83c1                	srli	a5,a5,0x10
    7f28:	b11e                	sh	a5,32(a0)
    7f2a:	311e                	lhu	a5,32(a0)
    7f2c:	2156                	lhu	a3,4(a0)
    7f2e:	0085d803          	lhu	a6,8(a1)
    7f32:	07c2                	slli	a5,a5,0x10
    7f34:	01069613          	slli	a2,a3,0x10
    7f38:	2d16                	lhu	a3,24(a0)
    7f3a:	83c1                	srli	a5,a5,0x10
    7f3c:	fdf7f793          	andi	a5,a5,-33
    7f40:	8f75                	and	a4,a4,a3
    7f42:	2196                	lhu	a3,0(a1)
    7f44:	8241                	srli	a2,a2,0x10
    7f46:	06a2                	slli	a3,a3,0x8
    7f48:	8f55                	or	a4,a4,a3
    7f4a:	21b6                	lhu	a3,2(a1)
    7f4c:	0742                	slli	a4,a4,0x10
    7f4e:	8341                	srli	a4,a4,0x10
    7f50:	0106e6b3          	or	a3,a3,a6
    7f54:	0692                	slli	a3,a3,0x4
    7f56:	8fd5                	or	a5,a5,a3
    7f58:	400136b7          	lui	a3,0x40013
    7f5c:	07c2                	slli	a5,a5,0x10
    7f5e:	c0068693          	addi	a3,a3,-1024 # 40012c00 <_eusrstack+0x2000dc00>
    7f62:	83c1                	srli	a5,a5,0x10
    7f64:	02d51e63          	bne	a0,a3,7fa0 <TIM_OC2Init+0x8a>
    7f68:	25b6                	lhu	a3,10(a1)
    7f6a:	f7f7f793          	andi	a5,a5,-129
    7f6e:	00c5d803          	lhu	a6,12(a1)
    7f72:	0692                	slli	a3,a3,0x4
    7f74:	8fd5                	or	a5,a5,a3
    7f76:	21d6                	lhu	a3,4(a1)
    7f78:	07c2                	slli	a5,a5,0x10
    7f7a:	83c1                	srli	a5,a5,0x10
    7f7c:	0692                	slli	a3,a3,0x4
    7f7e:	fbf7f793          	andi	a5,a5,-65
    7f82:	8fd5                	or	a5,a5,a3
    7f84:	76fd                	lui	a3,0xfffff
    7f86:	3ff68693          	addi	a3,a3,1023 # fffff3ff <_eusrstack+0xdfffa3ff>
    7f8a:	8ef1                	and	a3,a3,a2
    7f8c:	25f2                	lhu	a2,14(a1)
    7f8e:	07c2                	slli	a5,a5,0x10
    7f90:	83c1                	srli	a5,a5,0x10
    7f92:	01066633          	or	a2,a2,a6
    7f96:	060a                	slli	a2,a2,0x2
    7f98:	8ed1                	or	a3,a3,a2
    7f9a:	01069613          	slli	a2,a3,0x10
    7f9e:	8241                	srli	a2,a2,0x10
    7fa0:	a152                	sh	a2,4(a0)
    7fa2:	ad1a                	sh	a4,24(a0)
    7fa4:	21fa                	lhu	a4,6(a1)
    7fa6:	bd1a                	sh	a4,56(a0)
    7fa8:	b11e                	sh	a5,32(a0)
    7faa:	8082                	ret

00007fac <TIM_OC3Init>:
    7fac:	311e                	lhu	a5,32(a0)
    7fae:	0085d803          	lhu	a6,8(a1)
    7fb2:	07c2                	slli	a5,a5,0x10
    7fb4:	83c1                	srli	a5,a5,0x10
    7fb6:	eff7f793          	andi	a5,a5,-257
    7fba:	07c2                	slli	a5,a5,0x10
    7fbc:	83c1                	srli	a5,a5,0x10
    7fbe:	b11e                	sh	a5,32(a0)
    7fc0:	311e                	lhu	a5,32(a0)
    7fc2:	2156                	lhu	a3,4(a0)
    7fc4:	2d5a                	lhu	a4,28(a0)
    7fc6:	07c2                	slli	a5,a5,0x10
    7fc8:	01069613          	slli	a2,a3,0x10
    7fcc:	0742                	slli	a4,a4,0x10
    7fce:	2196                	lhu	a3,0(a1)
    7fd0:	8341                	srli	a4,a4,0x10
    7fd2:	f8c77713          	andi	a4,a4,-116
    7fd6:	8f55                	or	a4,a4,a3
    7fd8:	21b6                	lhu	a3,2(a1)
    7fda:	83c1                	srli	a5,a5,0x10
    7fdc:	dff7f793          	andi	a5,a5,-513
    7fe0:	0106e6b3          	or	a3,a3,a6
    7fe4:	06a2                	slli	a3,a3,0x8
    7fe6:	8fd5                	or	a5,a5,a3
    7fe8:	400136b7          	lui	a3,0x40013
    7fec:	07c2                	slli	a5,a5,0x10
    7fee:	c0068693          	addi	a3,a3,-1024 # 40012c00 <_eusrstack+0x2000dc00>
    7ff2:	8241                	srli	a2,a2,0x10
    7ff4:	83c1                	srli	a5,a5,0x10
    7ff6:	02d51f63          	bne	a0,a3,8034 <TIM_OC3Init+0x88>
    7ffa:	76fd                	lui	a3,0xfffff
    7ffc:	7ff68693          	addi	a3,a3,2047 # fffff7ff <_eusrstack+0xdfffa7ff>
    8000:	8ff5                	and	a5,a5,a3
    8002:	25b6                	lhu	a3,10(a1)
    8004:	00c5d803          	lhu	a6,12(a1)
    8008:	06a2                	slli	a3,a3,0x8
    800a:	8fd5                	or	a5,a5,a3
    800c:	21d6                	lhu	a3,4(a1)
    800e:	07c2                	slli	a5,a5,0x10
    8010:	83c1                	srli	a5,a5,0x10
    8012:	06a2                	slli	a3,a3,0x8
    8014:	bff7f793          	andi	a5,a5,-1025
    8018:	8fd5                	or	a5,a5,a3
    801a:	76f5                	lui	a3,0xffffd
    801c:	16fd                	addi	a3,a3,-1
    801e:	8ef1                	and	a3,a3,a2
    8020:	25f2                	lhu	a2,14(a1)
    8022:	07c2                	slli	a5,a5,0x10
    8024:	83c1                	srli	a5,a5,0x10
    8026:	01066633          	or	a2,a2,a6
    802a:	0612                	slli	a2,a2,0x4
    802c:	8ed1                	or	a3,a3,a2
    802e:	01069613          	slli	a2,a3,0x10
    8032:	8241                	srli	a2,a2,0x10
    8034:	a152                	sh	a2,4(a0)
    8036:	ad5a                	sh	a4,28(a0)
    8038:	21fa                	lhu	a4,6(a1)
    803a:	bd5a                	sh	a4,60(a0)
    803c:	b11e                	sh	a5,32(a0)
    803e:	8082                	ret

00008040 <TIM_OC4Init>:
    8040:	311a                	lhu	a4,32(a0)
    8042:	77fd                	lui	a5,0xfffff
    8044:	17fd                	addi	a5,a5,-1
    8046:	8ff9                	and	a5,a5,a4
    8048:	b11e                	sh	a5,32(a0)
    804a:	02055803          	lhu	a6,32(a0)
    804e:	2156                	lhu	a3,4(a0)
    8050:	2d5e                	lhu	a5,28(a0)
    8052:	7765                	lui	a4,0xffff9
    8054:	2192                	lhu	a2,0(a1)
    8056:	cff70713          	addi	a4,a4,-769 # ffff8cff <_eusrstack+0xdfff3cff>
    805a:	8f7d                	and	a4,a4,a5
    805c:	77f9                	lui	a5,0xffffe
    805e:	0622                	slli	a2,a2,0x8
    8060:	17fd                	addi	a5,a5,-1
    8062:	8f51                	or	a4,a4,a2
    8064:	0107f7b3          	and	a5,a5,a6
    8068:	21b2                	lhu	a2,2(a1)
    806a:	0085d803          	lhu	a6,8(a1)
    806e:	06c2                	slli	a3,a3,0x10
    8070:	0742                	slli	a4,a4,0x10
    8072:	01066633          	or	a2,a2,a6
    8076:	0632                	slli	a2,a2,0xc
    8078:	8fd1                	or	a5,a5,a2
    807a:	40013637          	lui	a2,0x40013
    807e:	07c2                	slli	a5,a5,0x10
    8080:	c0060613          	addi	a2,a2,-1024 # 40012c00 <_eusrstack+0x2000dc00>
    8084:	82c1                	srli	a3,a3,0x10
    8086:	8341                	srli	a4,a4,0x10
    8088:	83c1                	srli	a5,a5,0x10
    808a:	00c51a63          	bne	a0,a2,809e <TIM_OC4Init+0x5e>
    808e:	7671                	lui	a2,0xffffc
    8090:	167d                	addi	a2,a2,-1
    8092:	8ef1                	and	a3,a3,a2
    8094:	25d2                	lhu	a2,12(a1)
    8096:	061a                	slli	a2,a2,0x6
    8098:	8ed1                	or	a3,a3,a2
    809a:	06c2                	slli	a3,a3,0x10
    809c:	82c1                	srli	a3,a3,0x10
    809e:	a156                	sh	a3,4(a0)
    80a0:	ad5a                	sh	a4,28(a0)
    80a2:	21fa                	lhu	a4,6(a1)
    80a4:	04e51023          	sh	a4,64(a0)
    80a8:	b11e                	sh	a5,32(a0)
    80aa:	8082                	ret

000080ac <TIM_Cmd>:
    80ac:	211e                	lhu	a5,0(a0)
    80ae:	c589                	beqz	a1,80b8 <TIM_Cmd+0xc>
    80b0:	0017e793          	ori	a5,a5,1
    80b4:	a11e                	sh	a5,0(a0)
    80b6:	8082                	ret
    80b8:	07c2                	slli	a5,a5,0x10
    80ba:	83c1                	srli	a5,a5,0x10
    80bc:	9bf9                	andi	a5,a5,-2
    80be:	07c2                	slli	a5,a5,0x10
    80c0:	83c1                	srli	a5,a5,0x10
    80c2:	bfcd                	j	80b4 <TIM_Cmd+0x8>

000080c4 <TIM_CtrlPWMOutputs>:
    80c4:	04455783          	lhu	a5,68(a0)
    80c8:	c591                	beqz	a1,80d4 <TIM_CtrlPWMOutputs+0x10>
    80ca:	6721                	lui	a4,0x8
    80cc:	8fd9                	or	a5,a5,a4
    80ce:	04f51223          	sh	a5,68(a0)
    80d2:	8082                	ret
    80d4:	07c6                	slli	a5,a5,0x11
    80d6:	83c5                	srli	a5,a5,0x11
    80d8:	bfdd                	j	80ce <TIM_CtrlPWMOutputs+0xa>

000080da <TIM_ARRPreloadConfig>:
    80da:	211e                	lhu	a5,0(a0)
    80dc:	c589                	beqz	a1,80e6 <TIM_ARRPreloadConfig+0xc>
    80de:	0807e793          	ori	a5,a5,128
    80e2:	a11e                	sh	a5,0(a0)
    80e4:	8082                	ret
    80e6:	07c2                	slli	a5,a5,0x10
    80e8:	83c1                	srli	a5,a5,0x10
    80ea:	f7f7f793          	andi	a5,a5,-129
    80ee:	07c2                	slli	a5,a5,0x10
    80f0:	83c1                	srli	a5,a5,0x10
    80f2:	bfc5                	j	80e2 <TIM_ARRPreloadConfig+0x8>

000080f4 <TIM_OC1PreloadConfig>:
    80f4:	2d1e                	lhu	a5,24(a0)
    80f6:	07c2                	slli	a5,a5,0x10
    80f8:	83c1                	srli	a5,a5,0x10
    80fa:	9bdd                	andi	a5,a5,-9
    80fc:	8ddd                	or	a1,a1,a5
    80fe:	ad0e                	sh	a1,24(a0)
    8100:	8082                	ret

00008102 <TIM_OC2PreloadConfig>:
    8102:	2d1a                	lhu	a4,24(a0)
    8104:	77fd                	lui	a5,0xfffff
    8106:	7ff78793          	addi	a5,a5,2047 # fffff7ff <_eusrstack+0xdfffa7ff>
    810a:	8ff9                	and	a5,a5,a4
    810c:	05a2                	slli	a1,a1,0x8
    810e:	8fcd                	or	a5,a5,a1
    8110:	07c2                	slli	a5,a5,0x10
    8112:	83c1                	srli	a5,a5,0x10
    8114:	ad1e                	sh	a5,24(a0)
    8116:	8082                	ret

00008118 <TIM_OC3PreloadConfig>:
    8118:	2d5e                	lhu	a5,28(a0)
    811a:	07c2                	slli	a5,a5,0x10
    811c:	83c1                	srli	a5,a5,0x10
    811e:	9bdd                	andi	a5,a5,-9
    8120:	8ddd                	or	a1,a1,a5
    8122:	ad4e                	sh	a1,28(a0)
    8124:	8082                	ret

00008126 <TIM_OC4PreloadConfig>:
    8126:	2d5a                	lhu	a4,28(a0)
    8128:	77fd                	lui	a5,0xfffff
    812a:	7ff78793          	addi	a5,a5,2047 # fffff7ff <_eusrstack+0xdfffa7ff>
    812e:	8ff9                	and	a5,a5,a4
    8130:	05a2                	slli	a1,a1,0x8
    8132:	8fcd                	or	a5,a5,a1
    8134:	07c2                	slli	a5,a5,0x10
    8136:	83c1                	srli	a5,a5,0x10
    8138:	ad5e                	sh	a5,28(a0)
    813a:	8082                	ret

0000813c <TIM_SetCounter>:
    813c:	b14e                	sh	a1,36(a0)
    813e:	8082                	ret

00008140 <TIM_ClearFlag>:
    8140:	fff5c593          	not	a1,a1
    8144:	05c2                	slli	a1,a1,0x10
    8146:	81c1                	srli	a1,a1,0x10
    8148:	a90e                	sh	a1,16(a0)
    814a:	8082                	ret

0000814c <USART_Init>:
    814c:	fe5f72ef          	jal	t0,130 <__riscv_save_0>
    8150:	291a                	lhu	a4,16(a0)
    8152:	77f5                	lui	a5,0xffffd
    8154:	17fd                	addi	a5,a5,-1
    8156:	8ff9                	and	a5,a5,a4
    8158:	21fa                	lhu	a4,6(a1)
    815a:	1101                	addi	sp,sp,-32
    815c:	842a                	mv	s0,a0
    815e:	8fd9                	or	a5,a5,a4
    8160:	a91e                	sh	a5,16(a0)
    8162:	259a                	lhu	a4,8(a1)
    8164:	21de                	lhu	a5,4(a1)
    8166:	2556                	lhu	a3,12(a0)
    8168:	84ae                	mv	s1,a1
    816a:	8fd9                	or	a5,a5,a4
    816c:	25ba                	lhu	a4,10(a1)
    816e:	8fd9                	or	a5,a5,a4
    8170:	777d                	lui	a4,0xfffff
    8172:	9f370713          	addi	a4,a4,-1549 # ffffe9f3 <_eusrstack+0xdfff99f3>
    8176:	8f75                	and	a4,a4,a3
    8178:	8fd9                	or	a5,a5,a4
    817a:	a55e                	sh	a5,12(a0)
    817c:	295e                	lhu	a5,20(a0)
    817e:	25da                	lhu	a4,12(a1)
    8180:	07c2                	slli	a5,a5,0x10
    8182:	83c1                	srli	a5,a5,0x10
    8184:	cff7f793          	andi	a5,a5,-769
    8188:	8fd9                	or	a5,a5,a4
    818a:	a95e                	sh	a5,20(a0)
    818c:	0068                	addi	a0,sp,12
    818e:	b87ff0ef          	jal	ra,7d14 <RCC_GetClocksFreq>
    8192:	400147b7          	lui	a5,0x40014
    8196:	80078793          	addi	a5,a5,-2048 # 40013800 <_eusrstack+0x2000e800>
    819a:	04f41663          	bne	s0,a5,81e6 <USART_Init+0x9a>
    819e:	47e2                	lw	a5,24(sp)
    81a0:	4565                	li	a0,25
    81a2:	02f535b3          	mulhu	a1,a0,a5
    81a6:	4090                	lw	a2,0(s1)
    81a8:	4681                	li	a3,0
    81aa:	060a                	slli	a2,a2,0x2
    81ac:	02f50533          	mul	a0,a0,a5
    81b0:	2649                	jal	8532 <__udivdi3>
    81b2:	06400693          	li	a3,100
    81b6:	02d55733          	divu	a4,a0,a3
    81ba:	0712                	slli	a4,a4,0x4
    81bc:	00475793          	srli	a5,a4,0x4
    81c0:	02f687b3          	mul	a5,a3,a5
    81c4:	8d1d                	sub	a0,a0,a5
    81c6:	00451793          	slli	a5,a0,0x4
    81ca:	03278513          	addi	a0,a5,50
    81ce:	63f00793          	li	a5,1599
    81d2:	00a7fc63          	bgeu	a5,a0,81ea <USART_Init+0x9e>
    81d6:	01070513          	addi	a0,a4,16
    81da:	0542                	slli	a0,a0,0x10
    81dc:	8141                	srli	a0,a0,0x10
    81de:	a40a                	sh	a0,8(s0)
    81e0:	6105                	addi	sp,sp,32
    81e2:	f73f706f          	j	154 <__riscv_restore_0>
    81e6:	47d2                	lw	a5,20(sp)
    81e8:	bf65                	j	81a0 <USART_Init+0x54>
    81ea:	02d55533          	divu	a0,a0,a3
    81ee:	8d59                	or	a0,a0,a4
    81f0:	b7ed                	j	81da <USART_Init+0x8e>

000081f2 <USART_Cmd>:
    81f2:	c591                	beqz	a1,81fe <USART_Cmd+0xc>
    81f4:	255e                	lhu	a5,12(a0)
    81f6:	6709                	lui	a4,0x2
    81f8:	8fd9                	or	a5,a5,a4
    81fa:	a55e                	sh	a5,12(a0)
    81fc:	8082                	ret
    81fe:	255a                	lhu	a4,12(a0)
    8200:	77f9                	lui	a5,0xffffe
    8202:	17fd                	addi	a5,a5,-1
    8204:	8ff9                	and	a5,a5,a4
    8206:	bfd5                	j	81fa <USART_Cmd+0x8>

00008208 <USART_SendData>:
    8208:	1ff5f593          	andi	a1,a1,511
    820c:	a14e                	sh	a1,4(a0)
    820e:	8082                	ret

00008210 <USART_GetFlagStatus>:
    8210:	210a                	lhu	a0,0(a0)
    8212:	8d6d                	and	a0,a0,a1
    8214:	00a03533          	snez	a0,a0
    8218:	8082                	ret

0000821a <Delay_Init>:
    821a:	8081a783          	lw	a5,-2040(gp) # 200000f0 <SystemCoreClock>
    821e:	007a1737          	lui	a4,0x7a1
    8222:	20070713          	addi	a4,a4,512 # 7a1200 <_data_lma+0x7961b4>
    8226:	02e7d7b3          	divu	a5,a5,a4
    822a:	0ff7f793          	andi	a5,a5,255
    822e:	84f18f23          	sb	a5,-1954(gp) # 20000146 <p_us>
    8232:	3e800713          	li	a4,1000
    8236:	02e787b3          	mul	a5,a5,a4
    823a:	84f19e23          	sh	a5,-1956(gp) # 20000144 <p_ms>
    823e:	8082                	ret

00008240 <Delay_Us>:
    8240:	e000f7b7          	lui	a5,0xe000f
    8244:	43d8                	lw	a4,4(a5)
    8246:	4681                	li	a3,0
    8248:	9b79                	andi	a4,a4,-2
    824a:	c3d8                	sw	a4,4(a5)
    824c:	85e1c703          	lbu	a4,-1954(gp) # 20000146 <p_us>
    8250:	02a70633          	mul	a2,a4,a0
    8254:	cb90                	sw	a2,16(a5)
    8256:	cbd4                	sw	a3,20(a5)
    8258:	4398                	lw	a4,0(a5)
    825a:	01076713          	ori	a4,a4,16
    825e:	c398                	sw	a4,0(a5)
    8260:	4398                	lw	a4,0(a5)
    8262:	02176713          	ori	a4,a4,33
    8266:	c398                	sw	a4,0(a5)
    8268:	43d8                	lw	a4,4(a5)
    826a:	8b05                	andi	a4,a4,1
    826c:	df75                	beqz	a4,8268 <Delay_Us+0x28>
    826e:	4398                	lw	a4,0(a5)
    8270:	9b79                	andi	a4,a4,-2
    8272:	c398                	sw	a4,0(a5)
    8274:	8082                	ret

00008276 <Delay_Ms>:
    8276:	e000f7b7          	lui	a5,0xe000f
    827a:	43d8                	lw	a4,4(a5)
    827c:	4681                	li	a3,0
    827e:	9b79                	andi	a4,a4,-2
    8280:	c3d8                	sw	a4,4(a5)
    8282:	85c1d703          	lhu	a4,-1956(gp) # 20000144 <p_ms>
    8286:	02a70633          	mul	a2,a4,a0
    828a:	cb90                	sw	a2,16(a5)
    828c:	cbd4                	sw	a3,20(a5)
    828e:	4398                	lw	a4,0(a5)
    8290:	01076713          	ori	a4,a4,16
    8294:	c398                	sw	a4,0(a5)
    8296:	4398                	lw	a4,0(a5)
    8298:	02176713          	ori	a4,a4,33
    829c:	c398                	sw	a4,0(a5)
    829e:	43d8                	lw	a4,4(a5)
    82a0:	8b05                	andi	a4,a4,1
    82a2:	df75                	beqz	a4,829e <Delay_Ms+0x28>
    82a4:	4398                	lw	a4,0(a5)
    82a6:	9b79                	andi	a4,a4,-2
    82a8:	c398                	sw	a4,0(a5)
    82aa:	8082                	ret

000082ac <Delay_Ticks>:
    82ac:	e000f7b7          	lui	a5,0xe000f
    82b0:	43d8                	lw	a4,4(a5)
    82b2:	4681                	li	a3,0
    82b4:	9b79                	andi	a4,a4,-2
    82b6:	c3d8                	sw	a4,4(a5)
    82b8:	cb88                	sw	a0,16(a5)
    82ba:	cbd4                	sw	a3,20(a5)
    82bc:	4398                	lw	a4,0(a5)
    82be:	01076713          	ori	a4,a4,16
    82c2:	c398                	sw	a4,0(a5)
    82c4:	4398                	lw	a4,0(a5)
    82c6:	02176713          	ori	a4,a4,33
    82ca:	c398                	sw	a4,0(a5)
    82cc:	43d8                	lw	a4,4(a5)
    82ce:	8b05                	andi	a4,a4,1
    82d0:	df75                	beqz	a4,82cc <Delay_Ticks+0x20>
    82d2:	4398                	lw	a4,0(a5)
    82d4:	9b79                	andi	a4,a4,-2
    82d6:	c398                	sw	a4,0(a5)
    82d8:	8082                	ret

000082da <start_timer_us_u32>:
    82da:	e000f7b7          	lui	a5,0xe000f
    82de:	43d8                	lw	a4,4(a5)
    82e0:	4681                	li	a3,0
    82e2:	9b79                	andi	a4,a4,-2
    82e4:	c3d8                	sw	a4,4(a5)
    82e6:	85e1c703          	lbu	a4,-1954(gp) # 20000146 <p_us>
    82ea:	02a70633          	mul	a2,a4,a0
    82ee:	cb90                	sw	a2,16(a5)
    82f0:	cbd4                	sw	a3,20(a5)
    82f2:	4398                	lw	a4,0(a5)
    82f4:	01076713          	ori	a4,a4,16
    82f8:	c398                	sw	a4,0(a5)
    82fa:	4398                	lw	a4,0(a5)
    82fc:	02176713          	ori	a4,a4,33
    8300:	c398                	sw	a4,0(a5)
    8302:	8082                	ret

00008304 <start_timer_us_u8>:
    8304:	e2df72ef          	jal	t0,130 <__riscv_save_0>
    8308:	47d1                	li	a5,20
    830a:	02f50533          	mul	a0,a0,a5
    830e:	fcdff0ef          	jal	ra,82da <start_timer_us_u32>
    8312:	e43f706f          	j	154 <__riscv_restore_0>

00008316 <has_timer_timeout>:
    8316:	e000f7b7          	lui	a5,0xe000f
    831a:	43c8                	lw	a0,4(a5)
    831c:	8905                	andi	a0,a0,1
    831e:	8082                	ret

00008320 <reset_timer>:
    8320:	e000f737          	lui	a4,0xe000f
    8324:	431c                	lw	a5,0(a4)
    8326:	9bf9                	andi	a5,a5,-2
    8328:	c31c                	sw	a5,0(a4)
    832a:	8082                	ret

0000832c <USART_Printf_Init>:
    832c:	e05f72ef          	jal	t0,130 <__riscv_save_0>
    8330:	1101                	addi	sp,sp,-32
    8332:	842a                	mv	s0,a0
    8334:	4585                	li	a1,1
    8336:	00080537          	lui	a0,0x80
    833a:	ad5ff0ef          	jal	ra,7e0e <RCC_APB1PeriphClockCmd>
    833e:	4585                	li	a1,1
    8340:	4521                	li	a0,8
    8342:	aafff0ef          	jal	ra,7df0 <RCC_APB2PeriphClockCmd>
    8346:	4785                	li	a5,1
    8348:	827c                	sh	a5,4(sp)
    834a:	40011537          	lui	a0,0x40011
    834e:	478d                	li	a5,3
    8350:	c43e                	sw	a5,8(sp)
    8352:	004c                	addi	a1,sp,4
    8354:	47e1                	li	a5,24
    8356:	c0050513          	addi	a0,a0,-1024 # 40010c00 <_eusrstack+0x2000bc00>
    835a:	c63e                	sw	a5,12(sp)
    835c:	d8aff0ef          	jal	ra,78e6 <GPIO_Init>
    8360:	c822                	sw	s0,16(sp)
    8362:	40005437          	lui	s0,0x40005
    8366:	000807b7          	lui	a5,0x80
    836a:	080c                	addi	a1,sp,16
    836c:	c0040513          	addi	a0,s0,-1024 # 40004c00 <_eusrstack+0x1ffffc00>
    8370:	cc3e                	sw	a5,24(sp)
    8372:	ca02                	sw	zero,20(sp)
    8374:	00011e23          	sh	zero,28(sp)
    8378:	dd5ff0ef          	jal	ra,814c <USART_Init>
    837c:	4585                	li	a1,1
    837e:	c0040513          	addi	a0,s0,-1024
    8382:	e71ff0ef          	jal	ra,81f2 <USART_Cmd>
    8386:	6105                	addi	sp,sp,32
    8388:	dcdf706f          	j	154 <__riscv_restore_0>

0000838c <_write>:
    838c:	d8bf72ef          	jal	t0,116 <__riscv_save_4>
    8390:	400054b7          	lui	s1,0x40005
    8394:	89ae                	mv	s3,a1
    8396:	8932                	mv	s2,a2
    8398:	4401                	li	s0,0
    839a:	c0048493          	addi	s1,s1,-1024 # 40004c00 <_eusrstack+0x1ffffc00>
    839e:	01244563          	blt	s0,s2,83a8 <_write+0x1c>
    83a2:	854a                	mv	a0,s2
    83a4:	da7f706f          	j	14a <__riscv_restore_4>
    83a8:	04000593          	li	a1,64
    83ac:	8526                	mv	a0,s1
    83ae:	e63ff0ef          	jal	ra,8210 <USART_GetFlagStatus>
    83b2:	d97d                	beqz	a0,83a8 <_write+0x1c>
    83b4:	008987b3          	add	a5,s3,s0
    83b8:	00078583          	lb	a1,0(a5) # 80000 <_data_lma+0x74fb4>
    83bc:	8526                	mv	a0,s1
    83be:	0405                	addi	s0,s0,1
    83c0:	05c2                	slli	a1,a1,0x10
    83c2:	81c1                	srli	a1,a1,0x10
    83c4:	e45ff0ef          	jal	ra,8208 <USART_SendData>
    83c8:	bfd9                	j	839e <_write+0x12>

000083ca <_sbrk>:
    83ca:	81018713          	addi	a4,gp,-2032 # 200000f8 <curbrk.4754>
    83ce:	431c                	lw	a5,0(a4)
    83d0:	200046b7          	lui	a3,0x20004
    83d4:	4ec68693          	addi	a3,a3,1260 # 200044ec <_ebss>
    83d8:	953e                	add	a0,a0,a5
    83da:	00d56b63          	bltu	a0,a3,83f0 <_sbrk+0x26>
    83de:	200056b7          	lui	a3,0x20005
    83e2:	80068693          	addi	a3,a3,-2048 # 20004800 <_heap_end>
    83e6:	00a6e563          	bltu	a3,a0,83f0 <_sbrk+0x26>
    83ea:	c308                	sw	a0,0(a4)
    83ec:	853e                	mv	a0,a5
    83ee:	8082                	ret
    83f0:	57fd                	li	a5,-1
    83f2:	bfed                	j	83ec <_sbrk+0x22>

000083f4 <__clzsi2>:
    83f4:	67c1                	lui	a5,0x10
    83f6:	02f57c63          	bgeu	a0,a5,842e <__clzsi2+0x3a>
    83fa:	0ff00793          	li	a5,255
    83fe:	02000713          	li	a4,32
    8402:	00a7eb63          	bltu	a5,a0,8418 <__clzsi2+0x24>
    8406:	00003797          	auipc	a5,0x3
    840a:	a6a78793          	addi	a5,a5,-1430 # ae70 <__clz_tab>
    840e:	97aa                	add	a5,a5,a0
    8410:	2388                	lbu	a0,0(a5)
    8412:	40a70533          	sub	a0,a4,a0
    8416:	8082                	ret
    8418:	8121                	srli	a0,a0,0x8
    841a:	00003797          	auipc	a5,0x3
    841e:	a5678793          	addi	a5,a5,-1450 # ae70 <__clz_tab>
    8422:	97aa                	add	a5,a5,a0
    8424:	2388                	lbu	a0,0(a5)
    8426:	4761                	li	a4,24
    8428:	40a70533          	sub	a0,a4,a0
    842c:	8082                	ret
    842e:	010007b7          	lui	a5,0x1000
    8432:	00f56d63          	bltu	a0,a5,844c <__clzsi2+0x58>
    8436:	8161                	srli	a0,a0,0x18
    8438:	00003797          	auipc	a5,0x3
    843c:	a3878793          	addi	a5,a5,-1480 # ae70 <__clz_tab>
    8440:	97aa                	add	a5,a5,a0
    8442:	2388                	lbu	a0,0(a5)
    8444:	4721                	li	a4,8
    8446:	40a70533          	sub	a0,a4,a0
    844a:	8082                	ret
    844c:	8141                	srli	a0,a0,0x10
    844e:	00003797          	auipc	a5,0x3
    8452:	a2278793          	addi	a5,a5,-1502 # ae70 <__clz_tab>
    8456:	97aa                	add	a5,a5,a0
    8458:	2388                	lbu	a0,0(a5)
    845a:	4741                	li	a4,16
    845c:	40a70533          	sub	a0,a4,a0
    8460:	8082                	ret

00008462 <__ctzsi2>:
    8462:	40a007b3          	neg	a5,a0
    8466:	8fe9                	and	a5,a5,a0
    8468:	6741                	lui	a4,0x10
    846a:	02e7f963          	bgeu	a5,a4,849c <__ctzsi2+0x3a>
    846e:	0ff00713          	li	a4,255
    8472:	56fd                	li	a3,-1
    8474:	00f76a63          	bltu	a4,a5,8488 <__ctzsi2+0x26>
    8478:	00003717          	auipc	a4,0x3
    847c:	9f870713          	addi	a4,a4,-1544 # ae70 <__clz_tab>
    8480:	97ba                	add	a5,a5,a4
    8482:	2388                	lbu	a0,0(a5)
    8484:	9536                	add	a0,a0,a3
    8486:	8082                	ret
    8488:	00003717          	auipc	a4,0x3
    848c:	9e870713          	addi	a4,a4,-1560 # ae70 <__clz_tab>
    8490:	83a1                	srli	a5,a5,0x8
    8492:	97ba                	add	a5,a5,a4
    8494:	2388                	lbu	a0,0(a5)
    8496:	469d                	li	a3,7
    8498:	9536                	add	a0,a0,a3
    849a:	8082                	ret
    849c:	01000737          	lui	a4,0x1000
    84a0:	00e7ec63          	bltu	a5,a4,84b8 <__ctzsi2+0x56>
    84a4:	00003717          	auipc	a4,0x3
    84a8:	9cc70713          	addi	a4,a4,-1588 # ae70 <__clz_tab>
    84ac:	83e1                	srli	a5,a5,0x18
    84ae:	97ba                	add	a5,a5,a4
    84b0:	2388                	lbu	a0,0(a5)
    84b2:	46dd                	li	a3,23
    84b4:	9536                	add	a0,a0,a3
    84b6:	8082                	ret
    84b8:	00003717          	auipc	a4,0x3
    84bc:	9b870713          	addi	a4,a4,-1608 # ae70 <__clz_tab>
    84c0:	83c1                	srli	a5,a5,0x10
    84c2:	97ba                	add	a5,a5,a4
    84c4:	2388                	lbu	a0,0(a5)
    84c6:	46bd                	li	a3,15
    84c8:	9536                	add	a0,a0,a3
    84ca:	8082                	ret

000084cc <__popcountsi2>:
    84cc:	55555737          	lui	a4,0x55555
    84d0:	00155793          	srli	a5,a0,0x1
    84d4:	55570713          	addi	a4,a4,1365 # 55555555 <_eusrstack+0x35550555>
    84d8:	8ff9                	and	a5,a5,a4
    84da:	8d1d                	sub	a0,a0,a5
    84dc:	333337b7          	lui	a5,0x33333
    84e0:	00255713          	srli	a4,a0,0x2
    84e4:	33378793          	addi	a5,a5,819 # 33333333 <_eusrstack+0x1332e333>
    84e8:	8d7d                	and	a0,a0,a5
    84ea:	8ff9                	and	a5,a5,a4
    84ec:	953e                	add	a0,a0,a5
    84ee:	00455793          	srli	a5,a0,0x4
    84f2:	953e                	add	a0,a0,a5
    84f4:	0f0f17b7          	lui	a5,0xf0f1
    84f8:	f0f78793          	addi	a5,a5,-241 # f0f0f0f <_data_lma+0xf0e5ec3>
    84fc:	8fe9                	and	a5,a5,a0
    84fe:	00879513          	slli	a0,a5,0x8
    8502:	953e                	add	a0,a0,a5
    8504:	01051793          	slli	a5,a0,0x10
    8508:	953e                	add	a0,a0,a5
    850a:	8161                	srli	a0,a0,0x18
    850c:	8082                	ret

0000850e <__bswapsi2>:
    850e:	01851693          	slli	a3,a0,0x18
    8512:	01855793          	srli	a5,a0,0x18
    8516:	8fd5                	or	a5,a5,a3
    8518:	66c1                	lui	a3,0x10
    851a:	40855713          	srai	a4,a0,0x8
    851e:	f0068693          	addi	a3,a3,-256 # ff00 <_data_lma+0x4eb4>
    8522:	8f75                	and	a4,a4,a3
    8524:	8fd9                	or	a5,a5,a4
    8526:	0522                	slli	a0,a0,0x8
    8528:	00ff0737          	lui	a4,0xff0
    852c:	8d79                	and	a0,a0,a4
    852e:	8d5d                	or	a0,a0,a5
    8530:	8082                	ret

00008532 <__udivdi3>:
    8532:	87b6                	mv	a5,a3
    8534:	88b2                	mv	a7,a2
    8536:	832a                	mv	t1,a0
    8538:	882e                	mv	a6,a1
    853a:	14069b63          	bnez	a3,8690 <__udivdi3+0x15e>
    853e:	0ac5f863          	bgeu	a1,a2,85ee <__udivdi3+0xbc>
    8542:	6741                	lui	a4,0x10
    8544:	1ae66b63          	bltu	a2,a4,86fa <__udivdi3+0x1c8>
    8548:	010007b7          	lui	a5,0x1000
    854c:	34f66063          	bltu	a2,a5,888c <__udivdi3+0x35a>
    8550:	01865693          	srli	a3,a2,0x18
    8554:	47e1                	li	a5,24
    8556:	00003717          	auipc	a4,0x3
    855a:	91a70713          	addi	a4,a4,-1766 # ae70 <__clz_tab>
    855e:	9736                	add	a4,a4,a3
    8560:	2318                	lbu	a4,0(a4)
    8562:	97ba                	add	a5,a5,a4
    8564:	02000713          	li	a4,32
    8568:	8f1d                	sub	a4,a4,a5
    856a:	cb19                	beqz	a4,8580 <__udivdi3+0x4e>
    856c:	00e59833          	sll	a6,a1,a4
    8570:	00f557b3          	srl	a5,a0,a5
    8574:	00e618b3          	sll	a7,a2,a4
    8578:	0107e833          	or	a6,a5,a6
    857c:	00e51333          	sll	t1,a0,a4
    8580:	0108d613          	srli	a2,a7,0x10
    8584:	02c85533          	divu	a0,a6,a2
    8588:	01089693          	slli	a3,a7,0x10
    858c:	82c1                	srli	a3,a3,0x10
    858e:	01035793          	srli	a5,t1,0x10
    8592:	02c87733          	remu	a4,a6,a2
    8596:	02a685b3          	mul	a1,a3,a0
    859a:	0742                	slli	a4,a4,0x10
    859c:	00f76833          	or	a6,a4,a5
    85a0:	00b87a63          	bgeu	a6,a1,85b4 <__udivdi3+0x82>
    85a4:	9846                	add	a6,a6,a7
    85a6:	fff50793          	addi	a5,a0,-1
    85aa:	01186463          	bltu	a6,a7,85b2 <__udivdi3+0x80>
    85ae:	30b86563          	bltu	a6,a1,88b8 <__udivdi3+0x386>
    85b2:	853e                	mv	a0,a5
    85b4:	40b80833          	sub	a6,a6,a1
    85b8:	02c85733          	divu	a4,a6,a2
    85bc:	0342                	slli	t1,t1,0x10
    85be:	01035313          	srli	t1,t1,0x10
    85c2:	02c87833          	remu	a6,a6,a2
    85c6:	02e686b3          	mul	a3,a3,a4
    85ca:	0842                	slli	a6,a6,0x10
    85cc:	00686833          	or	a6,a6,t1
    85d0:	00d87b63          	bgeu	a6,a3,85e6 <__udivdi3+0xb4>
    85d4:	9846                	add	a6,a6,a7
    85d6:	fff70793          	addi	a5,a4,-1
    85da:	01186563          	bltu	a6,a7,85e4 <__udivdi3+0xb2>
    85de:	1779                	addi	a4,a4,-2
    85e0:	00d86363          	bltu	a6,a3,85e6 <__udivdi3+0xb4>
    85e4:	873e                	mv	a4,a5
    85e6:	0542                	slli	a0,a0,0x10
    85e8:	8d59                	or	a0,a0,a4
    85ea:	4581                	li	a1,0
    85ec:	8082                	ret
    85ee:	e601                	bnez	a2,85f6 <__udivdi3+0xc4>
    85f0:	4705                	li	a4,1
    85f2:	02c758b3          	divu	a7,a4,a2
    85f6:	6741                	lui	a4,0x10
    85f8:	0ee8e863          	bltu	a7,a4,86e8 <__udivdi3+0x1b6>
    85fc:	010007b7          	lui	a5,0x1000
    8600:	28f8ea63          	bltu	a7,a5,8894 <__udivdi3+0x362>
    8604:	0188d693          	srli	a3,a7,0x18
    8608:	47e1                	li	a5,24
    860a:	00003717          	auipc	a4,0x3
    860e:	86670713          	addi	a4,a4,-1946 # ae70 <__clz_tab>
    8612:	9736                	add	a4,a4,a3
    8614:	2314                	lbu	a3,0(a4)
    8616:	96be                	add	a3,a3,a5
    8618:	02000793          	li	a5,32
    861c:	8f95                	sub	a5,a5,a3
    861e:	e7fd                	bnez	a5,870c <__udivdi3+0x1da>
    8620:	01089e93          	slli	t4,a7,0x10
    8624:	41158733          	sub	a4,a1,a7
    8628:	0108df13          	srli	t5,a7,0x10
    862c:	010ede93          	srli	t4,t4,0x10
    8630:	4585                	li	a1,1
    8632:	01035793          	srli	a5,t1,0x10
    8636:	03e75533          	divu	a0,a4,t5
    863a:	03e77733          	remu	a4,a4,t5
    863e:	03d506b3          	mul	a3,a0,t4
    8642:	0742                	slli	a4,a4,0x10
    8644:	8fd9                	or	a5,a5,a4
    8646:	00d7fa63          	bgeu	a5,a3,865a <__udivdi3+0x128>
    864a:	97c6                	add	a5,a5,a7
    864c:	fff50713          	addi	a4,a0,-1
    8650:	0117e463          	bltu	a5,a7,8658 <__udivdi3+0x126>
    8654:	26d7e563          	bltu	a5,a3,88be <__udivdi3+0x38c>
    8658:	853a                	mv	a0,a4
    865a:	8f95                	sub	a5,a5,a3
    865c:	03e7d733          	divu	a4,a5,t5
    8660:	0342                	slli	t1,t1,0x10
    8662:	01035313          	srli	t1,t1,0x10
    8666:	03e7f7b3          	remu	a5,a5,t5
    866a:	03d70eb3          	mul	t4,a4,t4
    866e:	07c2                	slli	a5,a5,0x10
    8670:	0067e7b3          	or	a5,a5,t1
    8674:	01d7fb63          	bgeu	a5,t4,868a <__udivdi3+0x158>
    8678:	97c6                	add	a5,a5,a7
    867a:	fff70693          	addi	a3,a4,-1
    867e:	0117e563          	bltu	a5,a7,8688 <__udivdi3+0x156>
    8682:	1779                	addi	a4,a4,-2
    8684:	01d7e363          	bltu	a5,t4,868a <__udivdi3+0x158>
    8688:	8736                	mv	a4,a3
    868a:	0542                	slli	a0,a0,0x10
    868c:	8d59                	or	a0,a0,a4
    868e:	8082                	ret
    8690:	04d5e163          	bltu	a1,a3,86d2 <__udivdi3+0x1a0>
    8694:	67c1                	lui	a5,0x10
    8696:	04f6e163          	bltu	a3,a5,86d8 <__udivdi3+0x1a6>
    869a:	010007b7          	lui	a5,0x1000
    869e:	1ef6e363          	bltu	a3,a5,8884 <__udivdi3+0x352>
    86a2:	0186d713          	srli	a4,a3,0x18
    86a6:	4861                	li	a6,24
    86a8:	00002797          	auipc	a5,0x2
    86ac:	7c878793          	addi	a5,a5,1992 # ae70 <__clz_tab>
    86b0:	97ba                	add	a5,a5,a4
    86b2:	2398                	lbu	a4,0(a5)
    86b4:	02000e13          	li	t3,32
    86b8:	9742                	add	a4,a4,a6
    86ba:	40ee0e33          	sub	t3,t3,a4
    86be:	0c0e1a63          	bnez	t3,8792 <__udivdi3+0x260>
    86c2:	1cb6ed63          	bltu	a3,a1,889c <__udivdi3+0x36a>
    86c6:	00c53533          	sltu	a0,a0,a2
    86ca:	00154513          	xori	a0,a0,1
    86ce:	4581                	li	a1,0
    86d0:	8082                	ret
    86d2:	4581                	li	a1,0
    86d4:	4501                	li	a0,0
    86d6:	8082                	ret
    86d8:	0ff00793          	li	a5,255
    86dc:	1cd7f363          	bgeu	a5,a3,88a2 <__udivdi3+0x370>
    86e0:	0086d713          	srli	a4,a3,0x8
    86e4:	4821                	li	a6,8
    86e6:	b7c9                	j	86a8 <__udivdi3+0x176>
    86e8:	0ff00713          	li	a4,255
    86ec:	86c6                	mv	a3,a7
    86ee:	f1177ee3          	bgeu	a4,a7,860a <__udivdi3+0xd8>
    86f2:	0088d693          	srli	a3,a7,0x8
    86f6:	47a1                	li	a5,8
    86f8:	bf09                	j	860a <__udivdi3+0xd8>
    86fa:	0ff00713          	li	a4,255
    86fe:	86b2                	mv	a3,a2
    8700:	e4c77be3          	bgeu	a4,a2,8556 <__udivdi3+0x24>
    8704:	00865693          	srli	a3,a2,0x8
    8708:	47a1                	li	a5,8
    870a:	b5b1                	j	8556 <__udivdi3+0x24>
    870c:	00f898b3          	sll	a7,a7,a5
    8710:	00d5d633          	srl	a2,a1,a3
    8714:	0108df13          	srli	t5,a7,0x10
    8718:	03e65e33          	divu	t3,a2,t5
    871c:	00f59733          	sll	a4,a1,a5
    8720:	00d556b3          	srl	a3,a0,a3
    8724:	8f55                	or	a4,a4,a3
    8726:	01089e93          	slli	t4,a7,0x10
    872a:	010ede93          	srli	t4,t4,0x10
    872e:	00f51333          	sll	t1,a0,a5
    8732:	01075593          	srli	a1,a4,0x10
    8736:	03e676b3          	remu	a3,a2,t5
    873a:	03ce87b3          	mul	a5,t4,t3
    873e:	06c2                	slli	a3,a3,0x10
    8740:	8ecd                	or	a3,a3,a1
    8742:	00f6fb63          	bgeu	a3,a5,8758 <__udivdi3+0x226>
    8746:	96c6                	add	a3,a3,a7
    8748:	fffe0613          	addi	a2,t3,-1
    874c:	1716e463          	bltu	a3,a7,88b4 <__udivdi3+0x382>
    8750:	16f6f263          	bgeu	a3,a5,88b4 <__udivdi3+0x382>
    8754:	1e79                	addi	t3,t3,-2
    8756:	96c6                	add	a3,a3,a7
    8758:	8e9d                	sub	a3,a3,a5
    875a:	03e6d633          	divu	a2,a3,t5
    875e:	01071793          	slli	a5,a4,0x10
    8762:	83c1                	srli	a5,a5,0x10
    8764:	03e6f6b3          	remu	a3,a3,t5
    8768:	02ce8533          	mul	a0,t4,a2
    876c:	01069713          	slli	a4,a3,0x10
    8770:	8f5d                	or	a4,a4,a5
    8772:	00a77b63          	bgeu	a4,a0,8788 <__udivdi3+0x256>
    8776:	9746                	add	a4,a4,a7
    8778:	fff60793          	addi	a5,a2,-1 # ffffbfff <_eusrstack+0xdfff6fff>
    877c:	13176863          	bltu	a4,a7,88ac <__udivdi3+0x37a>
    8780:	12a77663          	bgeu	a4,a0,88ac <__udivdi3+0x37a>
    8784:	1679                	addi	a2,a2,-2
    8786:	9746                	add	a4,a4,a7
    8788:	010e1593          	slli	a1,t3,0x10
    878c:	8f09                	sub	a4,a4,a0
    878e:	8dd1                	or	a1,a1,a2
    8790:	b54d                	j	8632 <__udivdi3+0x100>
    8792:	00e657b3          	srl	a5,a2,a4
    8796:	01c696b3          	sll	a3,a3,t3
    879a:	8edd                	or	a3,a3,a5
    879c:	00e5d333          	srl	t1,a1,a4
    87a0:	0106df13          	srli	t5,a3,0x10
    87a4:	03e357b3          	divu	a5,t1,t5
    87a8:	01069e93          	slli	t4,a3,0x10
    87ac:	010ede93          	srli	t4,t4,0x10
    87b0:	01c59833          	sll	a6,a1,t3
    87b4:	00e55733          	srl	a4,a0,a4
    87b8:	01076833          	or	a6,a4,a6
    87bc:	01085893          	srli	a7,a6,0x10
    87c0:	01c61633          	sll	a2,a2,t3
    87c4:	03e37333          	remu	t1,t1,t5
    87c8:	02fe85b3          	mul	a1,t4,a5
    87cc:	0342                	slli	t1,t1,0x10
    87ce:	011368b3          	or	a7,t1,a7
    87d2:	00b8fb63          	bgeu	a7,a1,87e8 <__udivdi3+0x2b6>
    87d6:	98b6                	add	a7,a7,a3
    87d8:	fff78713          	addi	a4,a5,-1
    87dc:	0cd8ea63          	bltu	a7,a3,88b0 <__udivdi3+0x37e>
    87e0:	0cb8f863          	bgeu	a7,a1,88b0 <__udivdi3+0x37e>
    87e4:	17f9                	addi	a5,a5,-2
    87e6:	98b6                	add	a7,a7,a3
    87e8:	40b888b3          	sub	a7,a7,a1
    87ec:	03e8d733          	divu	a4,a7,t5
    87f0:	0842                	slli	a6,a6,0x10
    87f2:	01085813          	srli	a6,a6,0x10
    87f6:	03e8f8b3          	remu	a7,a7,t5
    87fa:	02ee8333          	mul	t1,t4,a4
    87fe:	08c2                	slli	a7,a7,0x10
    8800:	0108e5b3          	or	a1,a7,a6
    8804:	0065fb63          	bgeu	a1,t1,881a <__udivdi3+0x2e8>
    8808:	95b6                	add	a1,a1,a3
    880a:	fff70813          	addi	a6,a4,-1
    880e:	08d5ed63          	bltu	a1,a3,88a8 <__udivdi3+0x376>
    8812:	0865fb63          	bgeu	a1,t1,88a8 <__udivdi3+0x376>
    8816:	1779                	addi	a4,a4,-2
    8818:	95b6                	add	a1,a1,a3
    881a:	07c2                	slli	a5,a5,0x10
    881c:	6f41                	lui	t5,0x10
    881e:	8fd9                	or	a5,a5,a4
    8820:	ffff0713          	addi	a4,t5,-1 # ffff <_data_lma+0x4fb3>
    8824:	00e7f6b3          	and	a3,a5,a4
    8828:	0107d893          	srli	a7,a5,0x10
    882c:	8f71                	and	a4,a4,a2
    882e:	8241                	srli	a2,a2,0x10
    8830:	02e68eb3          	mul	t4,a3,a4
    8834:	406585b3          	sub	a1,a1,t1
    8838:	02c686b3          	mul	a3,a3,a2
    883c:	010ed813          	srli	a6,t4,0x10
    8840:	02e88733          	mul	a4,a7,a4
    8844:	96ba                	add	a3,a3,a4
    8846:	96c2                	add	a3,a3,a6
    8848:	02c88633          	mul	a2,a7,a2
    884c:	00e6f363          	bgeu	a3,a4,8852 <__udivdi3+0x320>
    8850:	967a                	add	a2,a2,t5
    8852:	0106d893          	srli	a7,a3,0x10
    8856:	9646                	add	a2,a2,a7
    8858:	02c5e263          	bltu	a1,a2,887c <__udivdi3+0x34a>
    885c:	00c58563          	beq	a1,a2,8866 <__udivdi3+0x334>
    8860:	853e                	mv	a0,a5
    8862:	4581                	li	a1,0
    8864:	8082                	ret
    8866:	6741                	lui	a4,0x10
    8868:	177d                	addi	a4,a4,-1
    886a:	8ef9                	and	a3,a3,a4
    886c:	06c2                	slli	a3,a3,0x10
    886e:	00eefeb3          	and	t4,t4,a4
    8872:	01c51533          	sll	a0,a0,t3
    8876:	96f6                	add	a3,a3,t4
    8878:	fed574e3          	bgeu	a0,a3,8860 <__udivdi3+0x32e>
    887c:	fff78513          	addi	a0,a5,-1
    8880:	4581                	li	a1,0
    8882:	8082                	ret
    8884:	0106d713          	srli	a4,a3,0x10
    8888:	4841                	li	a6,16
    888a:	bd39                	j	86a8 <__udivdi3+0x176>
    888c:	01065693          	srli	a3,a2,0x10
    8890:	47c1                	li	a5,16
    8892:	b1d1                	j	8556 <__udivdi3+0x24>
    8894:	0108d693          	srli	a3,a7,0x10
    8898:	47c1                	li	a5,16
    889a:	bb85                	j	860a <__udivdi3+0xd8>
    889c:	4581                	li	a1,0
    889e:	4505                	li	a0,1
    88a0:	8082                	ret
    88a2:	8736                	mv	a4,a3
    88a4:	4801                	li	a6,0
    88a6:	b509                	j	86a8 <__udivdi3+0x176>
    88a8:	8742                	mv	a4,a6
    88aa:	bf85                	j	881a <__udivdi3+0x2e8>
    88ac:	863e                	mv	a2,a5
    88ae:	bde9                	j	8788 <__udivdi3+0x256>
    88b0:	87ba                	mv	a5,a4
    88b2:	bf1d                	j	87e8 <__udivdi3+0x2b6>
    88b4:	8e32                	mv	t3,a2
    88b6:	b54d                	j	8758 <__udivdi3+0x226>
    88b8:	1579                	addi	a0,a0,-2
    88ba:	9846                	add	a6,a6,a7
    88bc:	b9e5                	j	85b4 <__udivdi3+0x82>
    88be:	1579                	addi	a0,a0,-2
    88c0:	97c6                	add	a5,a5,a7
    88c2:	bb61                	j	865a <__udivdi3+0x128>

000088c4 <__assert_func>:
    88c4:	81418793          	addi	a5,gp,-2028 # 200000fc <_impure_ptr>
    88c8:	439c                	lw	a5,0(a5)
    88ca:	1141                	addi	sp,sp,-16
    88cc:	8832                	mv	a6,a2
    88ce:	c606                	sw	ra,12(sp)
    88d0:	88aa                	mv	a7,a0
    88d2:	872e                	mv	a4,a1
    88d4:	47c8                	lw	a0,12(a5)
    88d6:	8636                	mv	a2,a3
    88d8:	00002797          	auipc	a5,0x2
    88dc:	69878793          	addi	a5,a5,1688 # af70 <__clz_tab+0x100>
    88e0:	00081763          	bnez	a6,88ee <__assert_func+0x2a>
    88e4:	00002797          	auipc	a5,0x2
    88e8:	42078793          	addi	a5,a5,1056 # ad04 <defaults.4606+0xcac>
    88ec:	883e                	mv	a6,a5
    88ee:	86c6                	mv	a3,a7
    88f0:	00002597          	auipc	a1,0x2
    88f4:	69058593          	addi	a1,a1,1680 # af80 <__clz_tab+0x110>
    88f8:	2019                	jal	88fe <fiprintf>
    88fa:	4a7000ef          	jal	ra,95a0 <abort>

000088fe <fiprintf>:
    88fe:	7139                	addi	sp,sp,-64
    8900:	d432                	sw	a2,40(sp)
    8902:	d636                	sw	a3,44(sp)
    8904:	da3e                	sw	a5,52(sp)
    8906:	d83a                	sw	a4,48(sp)
    8908:	dc42                	sw	a6,56(sp)
    890a:	de46                	sw	a7,60(sp)
    890c:	81418793          	addi	a5,gp,-2028 # 200000fc <_impure_ptr>
    8910:	862e                	mv	a2,a1
    8912:	85aa                	mv	a1,a0
    8914:	4388                	lw	a0,0(a5)
    8916:	1034                	addi	a3,sp,40
    8918:	ce06                	sw	ra,28(sp)
    891a:	c636                	sw	a3,12(sp)
    891c:	2cf9                	jal	8bfa <_vfiprintf_r>
    891e:	40f2                	lw	ra,28(sp)
    8920:	6121                	addi	sp,sp,64
    8922:	8082                	ret

00008924 <malloc>:
    8924:	81418793          	addi	a5,gp,-2028 # 200000fc <_impure_ptr>
    8928:	85aa                	mv	a1,a0
    892a:	4388                	lw	a0,0(a5)
    892c:	a269                	j	8ab6 <_malloc_r>

0000892e <free>:
    892e:	81418793          	addi	a5,gp,-2028 # 200000fc <_impure_ptr>
    8932:	85aa                	mv	a1,a0
    8934:	4388                	lw	a0,0(a5)
    8936:	a8e1                	j	8a0e <_free_r>

00008938 <memcmp>:
    8938:	4701                	li	a4,0
    893a:	00e61463          	bne	a2,a4,8942 <memcmp+0xa>
    893e:	4501                	li	a0,0
    8940:	8082                	ret
    8942:	00e507b3          	add	a5,a0,a4
    8946:	0705                	addi	a4,a4,1
    8948:	00e586b3          	add	a3,a1,a4
    894c:	239c                	lbu	a5,0(a5)
    894e:	fff6c683          	lbu	a3,-1(a3)
    8952:	fed784e3          	beq	a5,a3,893a <memcmp+0x2>
    8956:	40d78533          	sub	a0,a5,a3
    895a:	8082                	ret

0000895c <memcpy>:
    895c:	00a5c7b3          	xor	a5,a1,a0
    8960:	8b8d                	andi	a5,a5,3
    8962:	00c50733          	add	a4,a0,a2
    8966:	e781                	bnez	a5,896e <memcpy+0x12>
    8968:	478d                	li	a5,3
    896a:	00c7ed63          	bltu	a5,a2,8984 <memcpy+0x28>
    896e:	87aa                	mv	a5,a0
    8970:	08e57e63          	bgeu	a0,a4,8a0c <memcpy+0xb0>
    8974:	2194                	lbu	a3,0(a1)
    8976:	0785                	addi	a5,a5,1
    8978:	0585                	addi	a1,a1,1
    897a:	fed78fa3          	sb	a3,-1(a5)
    897e:	fee7ebe3          	bltu	a5,a4,8974 <memcpy+0x18>
    8982:	8082                	ret
    8984:	00357693          	andi	a3,a0,3
    8988:	87aa                	mv	a5,a0
    898a:	ca89                	beqz	a3,899c <memcpy+0x40>
    898c:	2194                	lbu	a3,0(a1)
    898e:	0785                	addi	a5,a5,1
    8990:	0585                	addi	a1,a1,1
    8992:	fed78fa3          	sb	a3,-1(a5)
    8996:	0037f693          	andi	a3,a5,3
    899a:	bfc5                	j	898a <memcpy+0x2e>
    899c:	ffc77693          	andi	a3,a4,-4
    89a0:	fe068613          	addi	a2,a3,-32
    89a4:	06c7f063          	bgeu	a5,a2,8a04 <memcpy+0xa8>
    89a8:	0005a383          	lw	t2,0(a1)
    89ac:	0045a283          	lw	t0,4(a1)
    89b0:	0085af83          	lw	t6,8(a1)
    89b4:	00c5af03          	lw	t5,12(a1)
    89b8:	0105ae83          	lw	t4,16(a1)
    89bc:	0145ae03          	lw	t3,20(a1)
    89c0:	0185a303          	lw	t1,24(a1)
    89c4:	01c5a883          	lw	a7,28(a1)
    89c8:	02458593          	addi	a1,a1,36
    89cc:	0077a023          	sw	t2,0(a5)
    89d0:	ffc5a803          	lw	a6,-4(a1)
    89d4:	0057a223          	sw	t0,4(a5)
    89d8:	01f7a423          	sw	t6,8(a5)
    89dc:	01e7a623          	sw	t5,12(a5)
    89e0:	01d7a823          	sw	t4,16(a5)
    89e4:	01c7aa23          	sw	t3,20(a5)
    89e8:	0067ac23          	sw	t1,24(a5)
    89ec:	0117ae23          	sw	a7,28(a5)
    89f0:	02478793          	addi	a5,a5,36
    89f4:	ff07ae23          	sw	a6,-4(a5)
    89f8:	b775                	j	89a4 <memcpy+0x48>
    89fa:	4190                	lw	a2,0(a1)
    89fc:	0791                	addi	a5,a5,4
    89fe:	0591                	addi	a1,a1,4
    8a00:	fec7ae23          	sw	a2,-4(a5)
    8a04:	fed7ebe3          	bltu	a5,a3,89fa <memcpy+0x9e>
    8a08:	f6e7e6e3          	bltu	a5,a4,8974 <memcpy+0x18>
    8a0c:	8082                	ret

00008a0e <_free_r>:
    8a0e:	c1dd                	beqz	a1,8ab4 <_free_r+0xa6>
    8a10:	ffc5a783          	lw	a5,-4(a1)
    8a14:	1141                	addi	sp,sp,-16
    8a16:	c422                	sw	s0,8(sp)
    8a18:	c606                	sw	ra,12(sp)
    8a1a:	c226                	sw	s1,4(sp)
    8a1c:	ffc58413          	addi	s0,a1,-4
    8a20:	0007d363          	bgez	a5,8a26 <_free_r+0x18>
    8a24:	943e                	add	s0,s0,a5
    8a26:	84aa                	mv	s1,a0
    8a28:	04c010ef          	jal	ra,9a74 <__malloc_lock>
    8a2c:	86018793          	addi	a5,gp,-1952 # 20000148 <__malloc_free_list>
    8a30:	439c                	lw	a5,0(a5)
    8a32:	ef81                	bnez	a5,8a4a <_free_r+0x3c>
    8a34:	00042223          	sw	zero,4(s0)
    8a38:	8681a023          	sw	s0,-1952(gp) # 20000148 <__malloc_free_list>
    8a3c:	4422                	lw	s0,8(sp)
    8a3e:	40b2                	lw	ra,12(sp)
    8a40:	8526                	mv	a0,s1
    8a42:	4492                	lw	s1,4(sp)
    8a44:	0141                	addi	sp,sp,16
    8a46:	0300106f          	j	9a76 <__malloc_unlock>
    8a4a:	00f47e63          	bgeu	s0,a5,8a66 <_free_r+0x58>
    8a4e:	4014                	lw	a3,0(s0)
    8a50:	00d40733          	add	a4,s0,a3
    8a54:	00e79663          	bne	a5,a4,8a60 <_free_r+0x52>
    8a58:	4398                	lw	a4,0(a5)
    8a5a:	43dc                	lw	a5,4(a5)
    8a5c:	9736                	add	a4,a4,a3
    8a5e:	c018                	sw	a4,0(s0)
    8a60:	c05c                	sw	a5,4(s0)
    8a62:	bfd9                	j	8a38 <_free_r+0x2a>
    8a64:	87ba                	mv	a5,a4
    8a66:	43d8                	lw	a4,4(a5)
    8a68:	c319                	beqz	a4,8a6e <_free_r+0x60>
    8a6a:	fee47de3          	bgeu	s0,a4,8a64 <_free_r+0x56>
    8a6e:	4394                	lw	a3,0(a5)
    8a70:	00d78633          	add	a2,a5,a3
    8a74:	00861f63          	bne	a2,s0,8a92 <_free_r+0x84>
    8a78:	4010                	lw	a2,0(s0)
    8a7a:	96b2                	add	a3,a3,a2
    8a7c:	c394                	sw	a3,0(a5)
    8a7e:	00d78633          	add	a2,a5,a3
    8a82:	fac71de3          	bne	a4,a2,8a3c <_free_r+0x2e>
    8a86:	4310                	lw	a2,0(a4)
    8a88:	4358                	lw	a4,4(a4)
    8a8a:	96b2                	add	a3,a3,a2
    8a8c:	c394                	sw	a3,0(a5)
    8a8e:	c3d8                	sw	a4,4(a5)
    8a90:	b775                	j	8a3c <_free_r+0x2e>
    8a92:	00c47563          	bgeu	s0,a2,8a9c <_free_r+0x8e>
    8a96:	47b1                	li	a5,12
    8a98:	c09c                	sw	a5,0(s1)
    8a9a:	b74d                	j	8a3c <_free_r+0x2e>
    8a9c:	4010                	lw	a2,0(s0)
    8a9e:	00c406b3          	add	a3,s0,a2
    8aa2:	00d71663          	bne	a4,a3,8aae <_free_r+0xa0>
    8aa6:	4314                	lw	a3,0(a4)
    8aa8:	4358                	lw	a4,4(a4)
    8aaa:	96b2                	add	a3,a3,a2
    8aac:	c014                	sw	a3,0(s0)
    8aae:	c058                	sw	a4,4(s0)
    8ab0:	c3c0                	sw	s0,4(a5)
    8ab2:	b769                	j	8a3c <_free_r+0x2e>
    8ab4:	8082                	ret

00008ab6 <_malloc_r>:
    8ab6:	1101                	addi	sp,sp,-32
    8ab8:	ca26                	sw	s1,20(sp)
    8aba:	00358493          	addi	s1,a1,3
    8abe:	98f1                	andi	s1,s1,-4
    8ac0:	ce06                	sw	ra,28(sp)
    8ac2:	cc22                	sw	s0,24(sp)
    8ac4:	c84a                	sw	s2,16(sp)
    8ac6:	c64e                	sw	s3,12(sp)
    8ac8:	04a1                	addi	s1,s1,8
    8aca:	47b1                	li	a5,12
    8acc:	04f4f563          	bgeu	s1,a5,8b16 <_malloc_r+0x60>
    8ad0:	44b1                	li	s1,12
    8ad2:	04b4e463          	bltu	s1,a1,8b1a <_malloc_r+0x64>
    8ad6:	892a                	mv	s2,a0
    8ad8:	79d000ef          	jal	ra,9a74 <__malloc_lock>
    8adc:	86018793          	addi	a5,gp,-1952 # 20000148 <__malloc_free_list>
    8ae0:	4398                	lw	a4,0(a5)
    8ae2:	843a                	mv	s0,a4
    8ae4:	e429                	bnez	s0,8b2e <_malloc_r+0x78>
    8ae6:	86418793          	addi	a5,gp,-1948 # 2000014c <__malloc_sbrk_start>
    8aea:	439c                	lw	a5,0(a5)
    8aec:	e799                	bnez	a5,8afa <_malloc_r+0x44>
    8aee:	4581                	li	a1,0
    8af0:	854a                	mv	a0,s2
    8af2:	065000ef          	jal	ra,9356 <_sbrk_r>
    8af6:	86a1a223          	sw	a0,-1948(gp) # 2000014c <__malloc_sbrk_start>
    8afa:	85a6                	mv	a1,s1
    8afc:	854a                	mv	a0,s2
    8afe:	059000ef          	jal	ra,9356 <_sbrk_r>
    8b02:	59fd                	li	s3,-1
    8b04:	07351963          	bne	a0,s3,8b76 <_malloc_r+0xc0>
    8b08:	47b1                	li	a5,12
    8b0a:	00f92023          	sw	a5,0(s2)
    8b0e:	854a                	mv	a0,s2
    8b10:	767000ef          	jal	ra,9a76 <__malloc_unlock>
    8b14:	a029                	j	8b1e <_malloc_r+0x68>
    8b16:	fa04dee3          	bgez	s1,8ad2 <_malloc_r+0x1c>
    8b1a:	47b1                	li	a5,12
    8b1c:	c11c                	sw	a5,0(a0)
    8b1e:	4501                	li	a0,0
    8b20:	40f2                	lw	ra,28(sp)
    8b22:	4462                	lw	s0,24(sp)
    8b24:	44d2                	lw	s1,20(sp)
    8b26:	4942                	lw	s2,16(sp)
    8b28:	49b2                	lw	s3,12(sp)
    8b2a:	6105                	addi	sp,sp,32
    8b2c:	8082                	ret
    8b2e:	401c                	lw	a5,0(s0)
    8b30:	8f85                	sub	a5,a5,s1
    8b32:	0207cf63          	bltz	a5,8b70 <_malloc_r+0xba>
    8b36:	46ad                	li	a3,11
    8b38:	00f6f663          	bgeu	a3,a5,8b44 <_malloc_r+0x8e>
    8b3c:	c01c                	sw	a5,0(s0)
    8b3e:	943e                	add	s0,s0,a5
    8b40:	c004                	sw	s1,0(s0)
    8b42:	a031                	j	8b4e <_malloc_r+0x98>
    8b44:	405c                	lw	a5,4(s0)
    8b46:	02871363          	bne	a4,s0,8b6c <_malloc_r+0xb6>
    8b4a:	86f1a023          	sw	a5,-1952(gp) # 20000148 <__malloc_free_list>
    8b4e:	854a                	mv	a0,s2
    8b50:	727000ef          	jal	ra,9a76 <__malloc_unlock>
    8b54:	00b40513          	addi	a0,s0,11
    8b58:	00440793          	addi	a5,s0,4
    8b5c:	9961                	andi	a0,a0,-8
    8b5e:	40f50733          	sub	a4,a0,a5
    8b62:	df5d                	beqz	a4,8b20 <_malloc_r+0x6a>
    8b64:	943a                	add	s0,s0,a4
    8b66:	8f89                	sub	a5,a5,a0
    8b68:	c01c                	sw	a5,0(s0)
    8b6a:	bf5d                	j	8b20 <_malloc_r+0x6a>
    8b6c:	c35c                	sw	a5,4(a4)
    8b6e:	b7c5                	j	8b4e <_malloc_r+0x98>
    8b70:	8722                	mv	a4,s0
    8b72:	4040                	lw	s0,4(s0)
    8b74:	bf85                	j	8ae4 <_malloc_r+0x2e>
    8b76:	00350413          	addi	s0,a0,3
    8b7a:	9871                	andi	s0,s0,-4
    8b7c:	fc8502e3          	beq	a0,s0,8b40 <_malloc_r+0x8a>
    8b80:	40a405b3          	sub	a1,s0,a0
    8b84:	854a                	mv	a0,s2
    8b86:	7d0000ef          	jal	ra,9356 <_sbrk_r>
    8b8a:	fb351be3          	bne	a0,s3,8b40 <_malloc_r+0x8a>
    8b8e:	bfad                	j	8b08 <_malloc_r+0x52>

00008b90 <__sfputc_r>:
    8b90:	461c                	lw	a5,8(a2)
    8b92:	17fd                	addi	a5,a5,-1
    8b94:	c61c                	sw	a5,8(a2)
    8b96:	0007da63          	bgez	a5,8baa <__sfputc_r+0x1a>
    8b9a:	4e18                	lw	a4,24(a2)
    8b9c:	00e7c563          	blt	a5,a4,8ba6 <__sfputc_r+0x16>
    8ba0:	47a9                	li	a5,10
    8ba2:	00f59463          	bne	a1,a5,8baa <__sfputc_r+0x1a>
    8ba6:	0410006f          	j	93e6 <__swbuf_r>
    8baa:	421c                	lw	a5,0(a2)
    8bac:	852e                	mv	a0,a1
    8bae:	00178713          	addi	a4,a5,1
    8bb2:	c218                	sw	a4,0(a2)
    8bb4:	a38c                	sb	a1,0(a5)
    8bb6:	8082                	ret

00008bb8 <__sfputs_r>:
    8bb8:	1101                	addi	sp,sp,-32
    8bba:	cc22                	sw	s0,24(sp)
    8bbc:	ca26                	sw	s1,20(sp)
    8bbe:	c84a                	sw	s2,16(sp)
    8bc0:	c64e                	sw	s3,12(sp)
    8bc2:	c452                	sw	s4,8(sp)
    8bc4:	ce06                	sw	ra,28(sp)
    8bc6:	892a                	mv	s2,a0
    8bc8:	89ae                	mv	s3,a1
    8bca:	8432                	mv	s0,a2
    8bcc:	00d604b3          	add	s1,a2,a3
    8bd0:	5a7d                	li	s4,-1
    8bd2:	00941463          	bne	s0,s1,8bda <__sfputs_r+0x22>
    8bd6:	4501                	li	a0,0
    8bd8:	a809                	j	8bea <__sfputs_r+0x32>
    8bda:	200c                	lbu	a1,0(s0)
    8bdc:	864e                	mv	a2,s3
    8bde:	854a                	mv	a0,s2
    8be0:	fb1ff0ef          	jal	ra,8b90 <__sfputc_r>
    8be4:	0405                	addi	s0,s0,1
    8be6:	ff4516e3          	bne	a0,s4,8bd2 <__sfputs_r+0x1a>
    8bea:	40f2                	lw	ra,28(sp)
    8bec:	4462                	lw	s0,24(sp)
    8bee:	44d2                	lw	s1,20(sp)
    8bf0:	4942                	lw	s2,16(sp)
    8bf2:	49b2                	lw	s3,12(sp)
    8bf4:	4a22                	lw	s4,8(sp)
    8bf6:	6105                	addi	sp,sp,32
    8bf8:	8082                	ret

00008bfa <_vfiprintf_r>:
    8bfa:	7135                	addi	sp,sp,-160
    8bfc:	cd22                	sw	s0,152(sp)
    8bfe:	cb26                	sw	s1,148(sp)
    8c00:	c94a                	sw	s2,144(sp)
    8c02:	c74e                	sw	s3,140(sp)
    8c04:	cf06                	sw	ra,156(sp)
    8c06:	c552                	sw	s4,136(sp)
    8c08:	c356                	sw	s5,132(sp)
    8c0a:	c15a                	sw	s6,128(sp)
    8c0c:	dede                	sw	s7,124(sp)
    8c0e:	dce2                	sw	s8,120(sp)
    8c10:	dae6                	sw	s9,116(sp)
    8c12:	89aa                	mv	s3,a0
    8c14:	84ae                	mv	s1,a1
    8c16:	8932                	mv	s2,a2
    8c18:	8436                	mv	s0,a3
    8c1a:	c509                	beqz	a0,8c24 <_vfiprintf_r+0x2a>
    8c1c:	4d1c                	lw	a5,24(a0)
    8c1e:	e399                	bnez	a5,8c24 <_vfiprintf_r+0x2a>
    8c20:	3df000ef          	jal	ra,97fe <__sinit>
    8c24:	00002797          	auipc	a5,0x2
    8c28:	3e878793          	addi	a5,a5,1000 # b00c <__sf_fake_stdin>
    8c2c:	0cf49963          	bne	s1,a5,8cfe <_vfiprintf_r+0x104>
    8c30:	0049a483          	lw	s1,4(s3)
    8c34:	24de                	lhu	a5,12(s1)
    8c36:	8ba1                	andi	a5,a5,8
    8c38:	c7ed                	beqz	a5,8d22 <_vfiprintf_r+0x128>
    8c3a:	489c                	lw	a5,16(s1)
    8c3c:	c3fd                	beqz	a5,8d22 <_vfiprintf_r+0x128>
    8c3e:	02000793          	li	a5,32
    8c42:	02f104a3          	sb	a5,41(sp)
    8c46:	03000793          	li	a5,48
    8c4a:	d202                	sw	zero,36(sp)
    8c4c:	02f10523          	sb	a5,42(sp)
    8c50:	c622                	sw	s0,12(sp)
    8c52:	02500b93          	li	s7,37
    8c56:	00002a97          	auipc	s5,0x2
    8c5a:	35aa8a93          	addi	s5,s5,858 # afb0 <__clz_tab+0x140>
    8c5e:	4c05                	li	s8,1
    8c60:	4b29                	li	s6,10
    8c62:	844a                	mv	s0,s2
    8c64:	201c                	lbu	a5,0(s0)
    8c66:	c399                	beqz	a5,8c6c <_vfiprintf_r+0x72>
    8c68:	0d779f63          	bne	a5,s7,8d46 <_vfiprintf_r+0x14c>
    8c6c:	41240cb3          	sub	s9,s0,s2
    8c70:	000c8e63          	beqz	s9,8c8c <_vfiprintf_r+0x92>
    8c74:	86e6                	mv	a3,s9
    8c76:	864a                	mv	a2,s2
    8c78:	85a6                	mv	a1,s1
    8c7a:	854e                	mv	a0,s3
    8c7c:	f3dff0ef          	jal	ra,8bb8 <__sfputs_r>
    8c80:	57fd                	li	a5,-1
    8c82:	1ef50163          	beq	a0,a5,8e64 <_vfiprintf_r+0x26a>
    8c86:	5692                	lw	a3,36(sp)
    8c88:	96e6                	add	a3,a3,s9
    8c8a:	d236                	sw	a3,36(sp)
    8c8c:	201c                	lbu	a5,0(s0)
    8c8e:	1c078b63          	beqz	a5,8e64 <_vfiprintf_r+0x26a>
    8c92:	57fd                	li	a5,-1
    8c94:	00140913          	addi	s2,s0,1
    8c98:	c802                	sw	zero,16(sp)
    8c9a:	ce02                	sw	zero,28(sp)
    8c9c:	ca3e                	sw	a5,20(sp)
    8c9e:	cc02                	sw	zero,24(sp)
    8ca0:	040109a3          	sb	zero,83(sp)
    8ca4:	d482                	sw	zero,104(sp)
    8ca6:	00094583          	lbu	a1,0(s2)
    8caa:	4615                	li	a2,5
    8cac:	8556                	mv	a0,s5
    8cae:	5af000ef          	jal	ra,9a5c <memchr>
    8cb2:	00190413          	addi	s0,s2,1
    8cb6:	47c2                	lw	a5,16(sp)
    8cb8:	e949                	bnez	a0,8d4a <_vfiprintf_r+0x150>
    8cba:	0107f713          	andi	a4,a5,16
    8cbe:	c709                	beqz	a4,8cc8 <_vfiprintf_r+0xce>
    8cc0:	02000713          	li	a4,32
    8cc4:	04e109a3          	sb	a4,83(sp)
    8cc8:	0087f713          	andi	a4,a5,8
    8ccc:	c709                	beqz	a4,8cd6 <_vfiprintf_r+0xdc>
    8cce:	02b00713          	li	a4,43
    8cd2:	04e109a3          	sb	a4,83(sp)
    8cd6:	00094683          	lbu	a3,0(s2)
    8cda:	02a00713          	li	a4,42
    8cde:	06e68e63          	beq	a3,a4,8d5a <_vfiprintf_r+0x160>
    8ce2:	47f2                	lw	a5,28(sp)
    8ce4:	844a                	mv	s0,s2
    8ce6:	4681                	li	a3,0
    8ce8:	4625                	li	a2,9
    8cea:	2018                	lbu	a4,0(s0)
    8cec:	00140593          	addi	a1,s0,1
    8cf0:	fd070713          	addi	a4,a4,-48 # ffd0 <_data_lma+0x4f84>
    8cf4:	0ae67663          	bgeu	a2,a4,8da0 <_vfiprintf_r+0x1a6>
    8cf8:	caad                	beqz	a3,8d6a <_vfiprintf_r+0x170>
    8cfa:	ce3e                	sw	a5,28(sp)
    8cfc:	a0bd                	j	8d6a <_vfiprintf_r+0x170>
    8cfe:	00002797          	auipc	a5,0x2
    8d02:	32e78793          	addi	a5,a5,814 # b02c <__sf_fake_stdout>
    8d06:	00f49563          	bne	s1,a5,8d10 <_vfiprintf_r+0x116>
    8d0a:	0089a483          	lw	s1,8(s3)
    8d0e:	b71d                	j	8c34 <_vfiprintf_r+0x3a>
    8d10:	00002797          	auipc	a5,0x2
    8d14:	2dc78793          	addi	a5,a5,732 # afec <__sf_fake_stderr>
    8d18:	f0f49ee3          	bne	s1,a5,8c34 <_vfiprintf_r+0x3a>
    8d1c:	00c9a483          	lw	s1,12(s3)
    8d20:	bf11                	j	8c34 <_vfiprintf_r+0x3a>
    8d22:	85a6                	mv	a1,s1
    8d24:	854e                	mv	a0,s3
    8d26:	2fb5                	jal	94a2 <__swsetup_r>
    8d28:	d919                	beqz	a0,8c3e <_vfiprintf_r+0x44>
    8d2a:	557d                	li	a0,-1
    8d2c:	40fa                	lw	ra,156(sp)
    8d2e:	446a                	lw	s0,152(sp)
    8d30:	44da                	lw	s1,148(sp)
    8d32:	494a                	lw	s2,144(sp)
    8d34:	49ba                	lw	s3,140(sp)
    8d36:	4a2a                	lw	s4,136(sp)
    8d38:	4a9a                	lw	s5,132(sp)
    8d3a:	4b0a                	lw	s6,128(sp)
    8d3c:	5bf6                	lw	s7,124(sp)
    8d3e:	5c66                	lw	s8,120(sp)
    8d40:	5cd6                	lw	s9,116(sp)
    8d42:	610d                	addi	sp,sp,160
    8d44:	8082                	ret
    8d46:	0405                	addi	s0,s0,1
    8d48:	bf31                	j	8c64 <_vfiprintf_r+0x6a>
    8d4a:	41550533          	sub	a0,a0,s5
    8d4e:	00ac1533          	sll	a0,s8,a0
    8d52:	8fc9                	or	a5,a5,a0
    8d54:	c83e                	sw	a5,16(sp)
    8d56:	8922                	mv	s2,s0
    8d58:	b7b9                	j	8ca6 <_vfiprintf_r+0xac>
    8d5a:	4732                	lw	a4,12(sp)
    8d5c:	00470693          	addi	a3,a4,4
    8d60:	4318                	lw	a4,0(a4)
    8d62:	c636                	sw	a3,12(sp)
    8d64:	02074763          	bltz	a4,8d92 <_vfiprintf_r+0x198>
    8d68:	ce3a                	sw	a4,28(sp)
    8d6a:	2018                	lbu	a4,0(s0)
    8d6c:	02e00793          	li	a5,46
    8d70:	04f71d63          	bne	a4,a5,8dca <_vfiprintf_r+0x1d0>
    8d74:	3018                	lbu	a4,1(s0)
    8d76:	02a00793          	li	a5,42
    8d7a:	02f71b63          	bne	a4,a5,8db0 <_vfiprintf_r+0x1b6>
    8d7e:	47b2                	lw	a5,12(sp)
    8d80:	0409                	addi	s0,s0,2
    8d82:	00478713          	addi	a4,a5,4
    8d86:	439c                	lw	a5,0(a5)
    8d88:	c63a                	sw	a4,12(sp)
    8d8a:	0207c163          	bltz	a5,8dac <_vfiprintf_r+0x1b2>
    8d8e:	ca3e                	sw	a5,20(sp)
    8d90:	a82d                	j	8dca <_vfiprintf_r+0x1d0>
    8d92:	40e00733          	neg	a4,a4
    8d96:	0027e793          	ori	a5,a5,2
    8d9a:	ce3a                	sw	a4,28(sp)
    8d9c:	c83e                	sw	a5,16(sp)
    8d9e:	b7f1                	j	8d6a <_vfiprintf_r+0x170>
    8da0:	036787b3          	mul	a5,a5,s6
    8da4:	4685                	li	a3,1
    8da6:	842e                	mv	s0,a1
    8da8:	97ba                	add	a5,a5,a4
    8daa:	b781                	j	8cea <_vfiprintf_r+0xf0>
    8dac:	57fd                	li	a5,-1
    8dae:	b7c5                	j	8d8e <_vfiprintf_r+0x194>
    8db0:	0405                	addi	s0,s0,1
    8db2:	ca02                	sw	zero,20(sp)
    8db4:	4681                	li	a3,0
    8db6:	4781                	li	a5,0
    8db8:	4625                	li	a2,9
    8dba:	2018                	lbu	a4,0(s0)
    8dbc:	00140593          	addi	a1,s0,1
    8dc0:	fd070713          	addi	a4,a4,-48
    8dc4:	06e67663          	bgeu	a2,a4,8e30 <_vfiprintf_r+0x236>
    8dc8:	f2f9                	bnez	a3,8d8e <_vfiprintf_r+0x194>
    8dca:	200c                	lbu	a1,0(s0)
    8dcc:	460d                	li	a2,3
    8dce:	00002517          	auipc	a0,0x2
    8dd2:	1ea50513          	addi	a0,a0,490 # afb8 <__clz_tab+0x148>
    8dd6:	487000ef          	jal	ra,9a5c <memchr>
    8dda:	cd11                	beqz	a0,8df6 <_vfiprintf_r+0x1fc>
    8ddc:	00002797          	auipc	a5,0x2
    8de0:	1dc78793          	addi	a5,a5,476 # afb8 <__clz_tab+0x148>
    8de4:	8d1d                	sub	a0,a0,a5
    8de6:	04000793          	li	a5,64
    8dea:	00a797b3          	sll	a5,a5,a0
    8dee:	4542                	lw	a0,16(sp)
    8df0:	0405                	addi	s0,s0,1
    8df2:	8d5d                	or	a0,a0,a5
    8df4:	c82a                	sw	a0,16(sp)
    8df6:	200c                	lbu	a1,0(s0)
    8df8:	4619                	li	a2,6
    8dfa:	00002517          	auipc	a0,0x2
    8dfe:	1c250513          	addi	a0,a0,450 # afbc <__clz_tab+0x14c>
    8e02:	00140913          	addi	s2,s0,1
    8e06:	02b10423          	sb	a1,40(sp)
    8e0a:	453000ef          	jal	ra,9a5c <memchr>
    8e0e:	c135                	beqz	a0,8e72 <_vfiprintf_r+0x278>
    8e10:	ffff7797          	auipc	a5,0xffff7
    8e14:	1f078793          	addi	a5,a5,496 # 0 <_sinit>
    8e18:	e795                	bnez	a5,8e44 <_vfiprintf_r+0x24a>
    8e1a:	4742                	lw	a4,16(sp)
    8e1c:	47b2                	lw	a5,12(sp)
    8e1e:	10077713          	andi	a4,a4,256
    8e22:	cf09                	beqz	a4,8e3c <_vfiprintf_r+0x242>
    8e24:	0791                	addi	a5,a5,4
    8e26:	c63e                	sw	a5,12(sp)
    8e28:	5792                	lw	a5,36(sp)
    8e2a:	97d2                	add	a5,a5,s4
    8e2c:	d23e                	sw	a5,36(sp)
    8e2e:	bd15                	j	8c62 <_vfiprintf_r+0x68>
    8e30:	036787b3          	mul	a5,a5,s6
    8e34:	4685                	li	a3,1
    8e36:	842e                	mv	s0,a1
    8e38:	97ba                	add	a5,a5,a4
    8e3a:	b741                	j	8dba <_vfiprintf_r+0x1c0>
    8e3c:	079d                	addi	a5,a5,7
    8e3e:	9be1                	andi	a5,a5,-8
    8e40:	07a1                	addi	a5,a5,8
    8e42:	b7d5                	j	8e26 <_vfiprintf_r+0x22c>
    8e44:	0078                	addi	a4,sp,12
    8e46:	00000697          	auipc	a3,0x0
    8e4a:	d7268693          	addi	a3,a3,-654 # 8bb8 <__sfputs_r>
    8e4e:	8626                	mv	a2,s1
    8e50:	080c                	addi	a1,sp,16
    8e52:	854e                	mv	a0,s3
    8e54:	00000097          	auipc	ra,0x0
    8e58:	000000e7          	jalr	zero # 0 <_sinit>
    8e5c:	57fd                	li	a5,-1
    8e5e:	8a2a                	mv	s4,a0
    8e60:	fcf514e3          	bne	a0,a5,8e28 <_vfiprintf_r+0x22e>
    8e64:	24de                	lhu	a5,12(s1)
    8e66:	0407f793          	andi	a5,a5,64
    8e6a:	ec0790e3          	bnez	a5,8d2a <_vfiprintf_r+0x130>
    8e6e:	5512                	lw	a0,36(sp)
    8e70:	bd75                	j	8d2c <_vfiprintf_r+0x132>
    8e72:	0078                	addi	a4,sp,12
    8e74:	00000697          	auipc	a3,0x0
    8e78:	d4468693          	addi	a3,a3,-700 # 8bb8 <__sfputs_r>
    8e7c:	8626                	mv	a2,s1
    8e7e:	080c                	addi	a1,sp,16
    8e80:	854e                	mv	a0,s3
    8e82:	2a01                	jal	8f92 <_printf_i>
    8e84:	bfe1                	j	8e5c <_vfiprintf_r+0x262>

00008e86 <_printf_common>:
    8e86:	7179                	addi	sp,sp,-48
    8e88:	ca56                	sw	s5,20(sp)
    8e8a:	499c                	lw	a5,16(a1)
    8e8c:	8aba                	mv	s5,a4
    8e8e:	4598                	lw	a4,8(a1)
    8e90:	d422                	sw	s0,40(sp)
    8e92:	d226                	sw	s1,36(sp)
    8e94:	ce4e                	sw	s3,28(sp)
    8e96:	cc52                	sw	s4,24(sp)
    8e98:	d606                	sw	ra,44(sp)
    8e9a:	d04a                	sw	s2,32(sp)
    8e9c:	c85a                	sw	s6,16(sp)
    8e9e:	c65e                	sw	s7,12(sp)
    8ea0:	89aa                	mv	s3,a0
    8ea2:	842e                	mv	s0,a1
    8ea4:	84b2                	mv	s1,a2
    8ea6:	8a36                	mv	s4,a3
    8ea8:	00e7d363          	bge	a5,a4,8eae <_printf_common+0x28>
    8eac:	87ba                	mv	a5,a4
    8eae:	c09c                	sw	a5,0(s1)
    8eb0:	04344703          	lbu	a4,67(s0)
    8eb4:	c319                	beqz	a4,8eba <_printf_common+0x34>
    8eb6:	0785                	addi	a5,a5,1
    8eb8:	c09c                	sw	a5,0(s1)
    8eba:	401c                	lw	a5,0(s0)
    8ebc:	0207f793          	andi	a5,a5,32
    8ec0:	c781                	beqz	a5,8ec8 <_printf_common+0x42>
    8ec2:	409c                	lw	a5,0(s1)
    8ec4:	0789                	addi	a5,a5,2
    8ec6:	c09c                	sw	a5,0(s1)
    8ec8:	00042903          	lw	s2,0(s0)
    8ecc:	00697913          	andi	s2,s2,6
    8ed0:	00091a63          	bnez	s2,8ee4 <_printf_common+0x5e>
    8ed4:	01940b13          	addi	s6,s0,25
    8ed8:	5bfd                	li	s7,-1
    8eda:	445c                	lw	a5,12(s0)
    8edc:	4098                	lw	a4,0(s1)
    8ede:	8f99                	sub	a5,a5,a4
    8ee0:	04f94c63          	blt	s2,a5,8f38 <_printf_common+0xb2>
    8ee4:	401c                	lw	a5,0(s0)
    8ee6:	04344683          	lbu	a3,67(s0)
    8eea:	0207f793          	andi	a5,a5,32
    8eee:	00d036b3          	snez	a3,a3
    8ef2:	eba5                	bnez	a5,8f62 <_printf_common+0xdc>
    8ef4:	04340613          	addi	a2,s0,67
    8ef8:	85d2                	mv	a1,s4
    8efa:	854e                	mv	a0,s3
    8efc:	9a82                	jalr	s5
    8efe:	57fd                	li	a5,-1
    8f00:	04f50363          	beq	a0,a5,8f46 <_printf_common+0xc0>
    8f04:	401c                	lw	a5,0(s0)
    8f06:	4611                	li	a2,4
    8f08:	4098                	lw	a4,0(s1)
    8f0a:	8b99                	andi	a5,a5,6
    8f0c:	4454                	lw	a3,12(s0)
    8f0e:	4481                	li	s1,0
    8f10:	00c79763          	bne	a5,a2,8f1e <_printf_common+0x98>
    8f14:	40e684b3          	sub	s1,a3,a4
    8f18:	0004d363          	bgez	s1,8f1e <_printf_common+0x98>
    8f1c:	4481                	li	s1,0
    8f1e:	441c                	lw	a5,8(s0)
    8f20:	4818                	lw	a4,16(s0)
    8f22:	00f75463          	bge	a4,a5,8f2a <_printf_common+0xa4>
    8f26:	8f99                	sub	a5,a5,a4
    8f28:	94be                	add	s1,s1,a5
    8f2a:	4901                	li	s2,0
    8f2c:	0469                	addi	s0,s0,26
    8f2e:	5b7d                	li	s6,-1
    8f30:	05249863          	bne	s1,s2,8f80 <_printf_common+0xfa>
    8f34:	4501                	li	a0,0
    8f36:	a809                	j	8f48 <_printf_common+0xc2>
    8f38:	4685                	li	a3,1
    8f3a:	865a                	mv	a2,s6
    8f3c:	85d2                	mv	a1,s4
    8f3e:	854e                	mv	a0,s3
    8f40:	9a82                	jalr	s5
    8f42:	01751e63          	bne	a0,s7,8f5e <_printf_common+0xd8>
    8f46:	557d                	li	a0,-1
    8f48:	50b2                	lw	ra,44(sp)
    8f4a:	5422                	lw	s0,40(sp)
    8f4c:	5492                	lw	s1,36(sp)
    8f4e:	5902                	lw	s2,32(sp)
    8f50:	49f2                	lw	s3,28(sp)
    8f52:	4a62                	lw	s4,24(sp)
    8f54:	4ad2                	lw	s5,20(sp)
    8f56:	4b42                	lw	s6,16(sp)
    8f58:	4bb2                	lw	s7,12(sp)
    8f5a:	6145                	addi	sp,sp,48
    8f5c:	8082                	ret
    8f5e:	0905                	addi	s2,s2,1
    8f60:	bfad                	j	8eda <_printf_common+0x54>
    8f62:	00d40733          	add	a4,s0,a3
    8f66:	03000613          	li	a2,48
    8f6a:	04c701a3          	sb	a2,67(a4)
    8f6e:	04544703          	lbu	a4,69(s0)
    8f72:	00168793          	addi	a5,a3,1
    8f76:	97a2                	add	a5,a5,s0
    8f78:	0689                	addi	a3,a3,2
    8f7a:	04e781a3          	sb	a4,67(a5)
    8f7e:	bf9d                	j	8ef4 <_printf_common+0x6e>
    8f80:	4685                	li	a3,1
    8f82:	8622                	mv	a2,s0
    8f84:	85d2                	mv	a1,s4
    8f86:	854e                	mv	a0,s3
    8f88:	9a82                	jalr	s5
    8f8a:	fb650ee3          	beq	a0,s6,8f46 <_printf_common+0xc0>
    8f8e:	0905                	addi	s2,s2,1
    8f90:	b745                	j	8f30 <_printf_common+0xaa>

00008f92 <_printf_i>:
    8f92:	7179                	addi	sp,sp,-48
    8f94:	d422                	sw	s0,40(sp)
    8f96:	d226                	sw	s1,36(sp)
    8f98:	d04a                	sw	s2,32(sp)
    8f9a:	ce4e                	sw	s3,28(sp)
    8f9c:	d606                	sw	ra,44(sp)
    8f9e:	cc52                	sw	s4,24(sp)
    8fa0:	ca56                	sw	s5,20(sp)
    8fa2:	c85a                	sw	s6,16(sp)
    8fa4:	89b6                	mv	s3,a3
    8fa6:	2d94                	lbu	a3,24(a1)
    8fa8:	06900793          	li	a5,105
    8fac:	8932                	mv	s2,a2
    8fae:	84aa                	mv	s1,a0
    8fb0:	842e                	mv	s0,a1
    8fb2:	04358613          	addi	a2,a1,67
    8fb6:	02f68d63          	beq	a3,a5,8ff0 <_printf_i+0x5e>
    8fba:	06d7e263          	bltu	a5,a3,901e <_printf_i+0x8c>
    8fbe:	05800793          	li	a5,88
    8fc2:	18f68763          	beq	a3,a5,9150 <_printf_i+0x1be>
    8fc6:	00d7ed63          	bltu	a5,a3,8fe0 <_printf_i+0x4e>
    8fca:	20068f63          	beqz	a3,91e8 <_printf_i+0x256>
    8fce:	04300793          	li	a5,67
    8fd2:	0af68f63          	beq	a3,a5,9090 <_printf_i+0xfe>
    8fd6:	04240a93          	addi	s5,s0,66
    8fda:	04d40123          	sb	a3,66(s0)
    8fde:	a0d1                	j	90a2 <_printf_i+0x110>
    8fe0:	06300793          	li	a5,99
    8fe4:	0af68663          	beq	a3,a5,9090 <_printf_i+0xfe>
    8fe8:	06400793          	li	a5,100
    8fec:	fef695e3          	bne	a3,a5,8fd6 <_printf_i+0x44>
    8ff0:	401c                	lw	a5,0(s0)
    8ff2:	4308                	lw	a0,0(a4)
    8ff4:	0807f693          	andi	a3,a5,128
    8ff8:	00450593          	addi	a1,a0,4
    8ffc:	c6cd                	beqz	a3,90a6 <_printf_i+0x114>
    8ffe:	411c                	lw	a5,0(a0)
    9000:	c30c                	sw	a1,0(a4)
    9002:	0007d863          	bgez	a5,9012 <_printf_i+0x80>
    9006:	02d00713          	li	a4,45
    900a:	40f007b3          	neg	a5,a5
    900e:	04e401a3          	sb	a4,67(s0)
    9012:	00002697          	auipc	a3,0x2
    9016:	fb268693          	addi	a3,a3,-78 # afc4 <__clz_tab+0x154>
    901a:	4729                	li	a4,10
    901c:	a86d                	j	90d6 <_printf_i+0x144>
    901e:	07000793          	li	a5,112
    9022:	16f68363          	beq	a3,a5,9188 <_printf_i+0x1f6>
    9026:	02d7e563          	bltu	a5,a3,9050 <_printf_i+0xbe>
    902a:	06e00793          	li	a5,110
    902e:	18f68a63          	beq	a3,a5,91c2 <_printf_i+0x230>
    9032:	06f00793          	li	a5,111
    9036:	faf690e3          	bne	a3,a5,8fd6 <_printf_i+0x44>
    903a:	400c                	lw	a1,0(s0)
    903c:	431c                	lw	a5,0(a4)
    903e:	0805f813          	andi	a6,a1,128
    9042:	00478513          	addi	a0,a5,4
    9046:	06080863          	beqz	a6,90b6 <_printf_i+0x124>
    904a:	c308                	sw	a0,0(a4)
    904c:	439c                	lw	a5,0(a5)
    904e:	a88d                	j	90c0 <_printf_i+0x12e>
    9050:	07500793          	li	a5,117
    9054:	fef683e3          	beq	a3,a5,903a <_printf_i+0xa8>
    9058:	07800793          	li	a5,120
    905c:	12f68a63          	beq	a3,a5,9190 <_printf_i+0x1fe>
    9060:	07300793          	li	a5,115
    9064:	f6f699e3          	bne	a3,a5,8fd6 <_printf_i+0x44>
    9068:	431c                	lw	a5,0(a4)
    906a:	41d0                	lw	a2,4(a1)
    906c:	4581                	li	a1,0
    906e:	00478693          	addi	a3,a5,4
    9072:	c314                	sw	a3,0(a4)
    9074:	0007aa83          	lw	s5,0(a5)
    9078:	8556                	mv	a0,s5
    907a:	1e3000ef          	jal	ra,9a5c <memchr>
    907e:	c501                	beqz	a0,9086 <_printf_i+0xf4>
    9080:	41550533          	sub	a0,a0,s5
    9084:	c048                	sw	a0,4(s0)
    9086:	405c                	lw	a5,4(s0)
    9088:	c81c                	sw	a5,16(s0)
    908a:	040401a3          	sb	zero,67(s0)
    908e:	a861                	j	9126 <_printf_i+0x194>
    9090:	431c                	lw	a5,0(a4)
    9092:	04240a93          	addi	s5,s0,66
    9096:	00478693          	addi	a3,a5,4
    909a:	439c                	lw	a5,0(a5)
    909c:	c314                	sw	a3,0(a4)
    909e:	04f40123          	sb	a5,66(s0)
    90a2:	4785                	li	a5,1
    90a4:	b7d5                	j	9088 <_printf_i+0xf6>
    90a6:	0407f693          	andi	a3,a5,64
    90aa:	411c                	lw	a5,0(a0)
    90ac:	c30c                	sw	a1,0(a4)
    90ae:	dab1                	beqz	a3,9002 <_printf_i+0x70>
    90b0:	07c2                	slli	a5,a5,0x10
    90b2:	87c1                	srai	a5,a5,0x10
    90b4:	b7b9                	j	9002 <_printf_i+0x70>
    90b6:	0405f593          	andi	a1,a1,64
    90ba:	c308                	sw	a0,0(a4)
    90bc:	d9c1                	beqz	a1,904c <_printf_i+0xba>
    90be:	239e                	lhu	a5,0(a5)
    90c0:	06f00713          	li	a4,111
    90c4:	0ee68763          	beq	a3,a4,91b2 <_printf_i+0x220>
    90c8:	00002697          	auipc	a3,0x2
    90cc:	efc68693          	addi	a3,a3,-260 # afc4 <__clz_tab+0x154>
    90d0:	4729                	li	a4,10
    90d2:	040401a3          	sb	zero,67(s0)
    90d6:	404c                	lw	a1,4(s0)
    90d8:	c40c                	sw	a1,8(s0)
    90da:	0005c563          	bltz	a1,90e4 <_printf_i+0x152>
    90de:	4008                	lw	a0,0(s0)
    90e0:	996d                	andi	a0,a0,-5
    90e2:	c008                	sw	a0,0(s0)
    90e4:	e399                	bnez	a5,90ea <_printf_i+0x158>
    90e6:	8ab2                	mv	s5,a2
    90e8:	cd89                	beqz	a1,9102 <_printf_i+0x170>
    90ea:	8ab2                	mv	s5,a2
    90ec:	02e7f5b3          	remu	a1,a5,a4
    90f0:	1afd                	addi	s5,s5,-1
    90f2:	95b6                	add	a1,a1,a3
    90f4:	218c                	lbu	a1,0(a1)
    90f6:	00ba8023          	sb	a1,0(s5)
    90fa:	02e7d5b3          	divu	a1,a5,a4
    90fe:	0ce7f063          	bgeu	a5,a4,91be <_printf_i+0x22c>
    9102:	47a1                	li	a5,8
    9104:	00f71e63          	bne	a4,a5,9120 <_printf_i+0x18e>
    9108:	401c                	lw	a5,0(s0)
    910a:	8b85                	andi	a5,a5,1
    910c:	cb91                	beqz	a5,9120 <_printf_i+0x18e>
    910e:	4058                	lw	a4,4(s0)
    9110:	481c                	lw	a5,16(s0)
    9112:	00e7c763          	blt	a5,a4,9120 <_printf_i+0x18e>
    9116:	03000793          	li	a5,48
    911a:	fefa8fa3          	sb	a5,-1(s5)
    911e:	1afd                	addi	s5,s5,-1
    9120:	41560633          	sub	a2,a2,s5
    9124:	c810                	sw	a2,16(s0)
    9126:	874e                	mv	a4,s3
    9128:	86ca                	mv	a3,s2
    912a:	0070                	addi	a2,sp,12
    912c:	85a2                	mv	a1,s0
    912e:	8526                	mv	a0,s1
    9130:	d57ff0ef          	jal	ra,8e86 <_printf_common>
    9134:	5a7d                	li	s4,-1
    9136:	0b451d63          	bne	a0,s4,91f0 <_printf_i+0x25e>
    913a:	557d                	li	a0,-1
    913c:	50b2                	lw	ra,44(sp)
    913e:	5422                	lw	s0,40(sp)
    9140:	5492                	lw	s1,36(sp)
    9142:	5902                	lw	s2,32(sp)
    9144:	49f2                	lw	s3,28(sp)
    9146:	4a62                	lw	s4,24(sp)
    9148:	4ad2                	lw	s5,20(sp)
    914a:	4b42                	lw	s6,16(sp)
    914c:	6145                	addi	sp,sp,48
    914e:	8082                	ret
    9150:	04d582a3          	sb	a3,69(a1)
    9154:	00002697          	auipc	a3,0x2
    9158:	e7068693          	addi	a3,a3,-400 # afc4 <__clz_tab+0x154>
    915c:	400c                	lw	a1,0(s0)
    915e:	4308                	lw	a0,0(a4)
    9160:	0805f813          	andi	a6,a1,128
    9164:	411c                	lw	a5,0(a0)
    9166:	0511                	addi	a0,a0,4
    9168:	02080d63          	beqz	a6,91a2 <_printf_i+0x210>
    916c:	c308                	sw	a0,0(a4)
    916e:	0015f713          	andi	a4,a1,1
    9172:	c701                	beqz	a4,917a <_printf_i+0x1e8>
    9174:	0205e593          	ori	a1,a1,32
    9178:	c00c                	sw	a1,0(s0)
    917a:	4741                	li	a4,16
    917c:	fbb9                	bnez	a5,90d2 <_printf_i+0x140>
    917e:	400c                	lw	a1,0(s0)
    9180:	fdf5f593          	andi	a1,a1,-33
    9184:	c00c                	sw	a1,0(s0)
    9186:	b7b1                	j	90d2 <_printf_i+0x140>
    9188:	419c                	lw	a5,0(a1)
    918a:	0207e793          	ori	a5,a5,32
    918e:	c19c                	sw	a5,0(a1)
    9190:	07800793          	li	a5,120
    9194:	04f402a3          	sb	a5,69(s0)
    9198:	00002697          	auipc	a3,0x2
    919c:	e4068693          	addi	a3,a3,-448 # afd8 <__clz_tab+0x168>
    91a0:	bf75                	j	915c <_printf_i+0x1ca>
    91a2:	0405f813          	andi	a6,a1,64
    91a6:	c308                	sw	a0,0(a4)
    91a8:	fc0803e3          	beqz	a6,916e <_printf_i+0x1dc>
    91ac:	07c2                	slli	a5,a5,0x10
    91ae:	83c1                	srli	a5,a5,0x10
    91b0:	bf7d                	j	916e <_printf_i+0x1dc>
    91b2:	00002697          	auipc	a3,0x2
    91b6:	e1268693          	addi	a3,a3,-494 # afc4 <__clz_tab+0x154>
    91ba:	4721                	li	a4,8
    91bc:	bf19                	j	90d2 <_printf_i+0x140>
    91be:	87ae                	mv	a5,a1
    91c0:	b735                	j	90ec <_printf_i+0x15a>
    91c2:	4194                	lw	a3,0(a1)
    91c4:	431c                	lw	a5,0(a4)
    91c6:	49cc                	lw	a1,20(a1)
    91c8:	0806f813          	andi	a6,a3,128
    91cc:	00478513          	addi	a0,a5,4
    91d0:	00080663          	beqz	a6,91dc <_printf_i+0x24a>
    91d4:	c308                	sw	a0,0(a4)
    91d6:	439c                	lw	a5,0(a5)
    91d8:	c38c                	sw	a1,0(a5)
    91da:	a039                	j	91e8 <_printf_i+0x256>
    91dc:	c308                	sw	a0,0(a4)
    91de:	0406f693          	andi	a3,a3,64
    91e2:	439c                	lw	a5,0(a5)
    91e4:	daf5                	beqz	a3,91d8 <_printf_i+0x246>
    91e6:	a38e                	sh	a1,0(a5)
    91e8:	00042823          	sw	zero,16(s0)
    91ec:	8ab2                	mv	s5,a2
    91ee:	bf25                	j	9126 <_printf_i+0x194>
    91f0:	4814                	lw	a3,16(s0)
    91f2:	8656                	mv	a2,s5
    91f4:	85ca                	mv	a1,s2
    91f6:	8526                	mv	a0,s1
    91f8:	9982                	jalr	s3
    91fa:	f54500e3          	beq	a0,s4,913a <_printf_i+0x1a8>
    91fe:	401c                	lw	a5,0(s0)
    9200:	8b89                	andi	a5,a5,2
    9202:	e78d                	bnez	a5,922c <_printf_i+0x29a>
    9204:	47b2                	lw	a5,12(sp)
    9206:	4448                	lw	a0,12(s0)
    9208:	f2f55ae3          	bge	a0,a5,913c <_printf_i+0x1aa>
    920c:	853e                	mv	a0,a5
    920e:	b73d                	j	913c <_printf_i+0x1aa>
    9210:	4685                	li	a3,1
    9212:	8656                	mv	a2,s5
    9214:	85ca                	mv	a1,s2
    9216:	8526                	mv	a0,s1
    9218:	9982                	jalr	s3
    921a:	f36500e3          	beq	a0,s6,913a <_printf_i+0x1a8>
    921e:	0a05                	addi	s4,s4,1
    9220:	445c                	lw	a5,12(s0)
    9222:	4732                	lw	a4,12(sp)
    9224:	8f99                	sub	a5,a5,a4
    9226:	fefa45e3          	blt	s4,a5,9210 <_printf_i+0x27e>
    922a:	bfe9                	j	9204 <_printf_i+0x272>
    922c:	4a01                	li	s4,0
    922e:	01940a93          	addi	s5,s0,25
    9232:	5b7d                	li	s6,-1
    9234:	b7f5                	j	9220 <_printf_i+0x28e>

00009236 <iprintf>:
    9236:	7139                	addi	sp,sp,-64
    9238:	da3e                	sw	a5,52(sp)
    923a:	d22e                	sw	a1,36(sp)
    923c:	d432                	sw	a2,40(sp)
    923e:	d636                	sw	a3,44(sp)
    9240:	d83a                	sw	a4,48(sp)
    9242:	dc42                	sw	a6,56(sp)
    9244:	de46                	sw	a7,60(sp)
    9246:	81418793          	addi	a5,gp,-2028 # 200000fc <_impure_ptr>
    924a:	cc22                	sw	s0,24(sp)
    924c:	4380                	lw	s0,0(a5)
    924e:	ca26                	sw	s1,20(sp)
    9250:	ce06                	sw	ra,28(sp)
    9252:	84aa                	mv	s1,a0
    9254:	c409                	beqz	s0,925e <iprintf+0x28>
    9256:	4c1c                	lw	a5,24(s0)
    9258:	e399                	bnez	a5,925e <iprintf+0x28>
    925a:	8522                	mv	a0,s0
    925c:	234d                	jal	97fe <__sinit>
    925e:	440c                	lw	a1,8(s0)
    9260:	1054                	addi	a3,sp,36
    9262:	8626                	mv	a2,s1
    9264:	8522                	mv	a0,s0
    9266:	c636                	sw	a3,12(sp)
    9268:	993ff0ef          	jal	ra,8bfa <_vfiprintf_r>
    926c:	40f2                	lw	ra,28(sp)
    926e:	4462                	lw	s0,24(sp)
    9270:	44d2                	lw	s1,20(sp)
    9272:	6121                	addi	sp,sp,64
    9274:	8082                	ret

00009276 <_puts_r>:
    9276:	1101                	addi	sp,sp,-32
    9278:	ca26                	sw	s1,20(sp)
    927a:	c84a                	sw	s2,16(sp)
    927c:	ce06                	sw	ra,28(sp)
    927e:	cc22                	sw	s0,24(sp)
    9280:	c64e                	sw	s3,12(sp)
    9282:	c452                	sw	s4,8(sp)
    9284:	84aa                	mv	s1,a0
    9286:	892e                	mv	s2,a1
    9288:	c501                	beqz	a0,9290 <_puts_r+0x1a>
    928a:	4d1c                	lw	a5,24(a0)
    928c:	e391                	bnez	a5,9290 <_puts_r+0x1a>
    928e:	2b85                	jal	97fe <__sinit>
    9290:	4c9c                	lw	a5,24(s1)
    9292:	4480                	lw	s0,8(s1)
    9294:	e399                	bnez	a5,929a <_puts_r+0x24>
    9296:	8526                	mv	a0,s1
    9298:	239d                	jal	97fe <__sinit>
    929a:	00002797          	auipc	a5,0x2
    929e:	d7278793          	addi	a5,a5,-654 # b00c <__sf_fake_stdin>
    92a2:	02f41b63          	bne	s0,a5,92d8 <_puts_r+0x62>
    92a6:	40c0                	lw	s0,4(s1)
    92a8:	245e                	lhu	a5,12(s0)
    92aa:	8ba1                	andi	a5,a5,8
    92ac:	c7b1                	beqz	a5,92f8 <_puts_r+0x82>
    92ae:	481c                	lw	a5,16(s0)
    92b0:	c7a1                	beqz	a5,92f8 <_puts_r+0x82>
    92b2:	59fd                	li	s3,-1
    92b4:	4a29                	li	s4,10
    92b6:	441c                	lw	a5,8(s0)
    92b8:	00094583          	lbu	a1,0(s2)
    92bc:	17fd                	addi	a5,a5,-1
    92be:	e9b1                	bnez	a1,9312 <_puts_r+0x9c>
    92c0:	c41c                	sw	a5,8(s0)
    92c2:	0607dd63          	bgez	a5,933c <_puts_r+0xc6>
    92c6:	8622                	mv	a2,s0
    92c8:	45a9                	li	a1,10
    92ca:	8526                	mv	a0,s1
    92cc:	2a29                	jal	93e6 <__swbuf_r>
    92ce:	57fd                	li	a5,-1
    92d0:	02f50863          	beq	a0,a5,9300 <_puts_r+0x8a>
    92d4:	4529                	li	a0,10
    92d6:	a035                	j	9302 <_puts_r+0x8c>
    92d8:	00002797          	auipc	a5,0x2
    92dc:	d5478793          	addi	a5,a5,-684 # b02c <__sf_fake_stdout>
    92e0:	00f41463          	bne	s0,a5,92e8 <_puts_r+0x72>
    92e4:	4480                	lw	s0,8(s1)
    92e6:	b7c9                	j	92a8 <_puts_r+0x32>
    92e8:	00002797          	auipc	a5,0x2
    92ec:	d0478793          	addi	a5,a5,-764 # afec <__sf_fake_stderr>
    92f0:	faf41ce3          	bne	s0,a5,92a8 <_puts_r+0x32>
    92f4:	44c0                	lw	s0,12(s1)
    92f6:	bf4d                	j	92a8 <_puts_r+0x32>
    92f8:	85a2                	mv	a1,s0
    92fa:	8526                	mv	a0,s1
    92fc:	225d                	jal	94a2 <__swsetup_r>
    92fe:	d955                	beqz	a0,92b2 <_puts_r+0x3c>
    9300:	557d                	li	a0,-1
    9302:	40f2                	lw	ra,28(sp)
    9304:	4462                	lw	s0,24(sp)
    9306:	44d2                	lw	s1,20(sp)
    9308:	4942                	lw	s2,16(sp)
    930a:	49b2                	lw	s3,12(sp)
    930c:	4a22                	lw	s4,8(sp)
    930e:	6105                	addi	sp,sp,32
    9310:	8082                	ret
    9312:	c41c                	sw	a5,8(s0)
    9314:	0905                	addi	s2,s2,1
    9316:	0007d763          	bgez	a5,9324 <_puts_r+0xae>
    931a:	4c18                	lw	a4,24(s0)
    931c:	00e7ca63          	blt	a5,a4,9330 <_puts_r+0xba>
    9320:	01458863          	beq	a1,s4,9330 <_puts_r+0xba>
    9324:	401c                	lw	a5,0(s0)
    9326:	00178713          	addi	a4,a5,1
    932a:	c018                	sw	a4,0(s0)
    932c:	a38c                	sb	a1,0(a5)
    932e:	b761                	j	92b6 <_puts_r+0x40>
    9330:	8622                	mv	a2,s0
    9332:	8526                	mv	a0,s1
    9334:	284d                	jal	93e6 <__swbuf_r>
    9336:	f93510e3          	bne	a0,s3,92b6 <_puts_r+0x40>
    933a:	b7d9                	j	9300 <_puts_r+0x8a>
    933c:	401c                	lw	a5,0(s0)
    933e:	00178713          	addi	a4,a5,1
    9342:	c018                	sw	a4,0(s0)
    9344:	4729                	li	a4,10
    9346:	a398                	sb	a4,0(a5)
    9348:	b771                	j	92d4 <_puts_r+0x5e>

0000934a <puts>:
    934a:	81418793          	addi	a5,gp,-2028 # 200000fc <_impure_ptr>
    934e:	85aa                	mv	a1,a0
    9350:	4388                	lw	a0,0(a5)
    9352:	f25ff06f          	j	9276 <_puts_r>

00009356 <_sbrk_r>:
    9356:	1141                	addi	sp,sp,-16
    9358:	c422                	sw	s0,8(sp)
    935a:	842a                	mv	s0,a0
    935c:	852e                	mv	a0,a1
    935e:	1fffb797          	auipc	a5,0x1fffb
    9362:	1807a523          	sw	zero,394(a5) # 200044e8 <errno>
    9366:	c606                	sw	ra,12(sp)
    9368:	862ff0ef          	jal	ra,83ca <_sbrk>
    936c:	57fd                	li	a5,-1
    936e:	00f51963          	bne	a0,a5,9380 <_sbrk_r+0x2a>
    9372:	1fffb797          	auipc	a5,0x1fffb
    9376:	17678793          	addi	a5,a5,374 # 200044e8 <errno>
    937a:	439c                	lw	a5,0(a5)
    937c:	c391                	beqz	a5,9380 <_sbrk_r+0x2a>
    937e:	c01c                	sw	a5,0(s0)
    9380:	40b2                	lw	ra,12(sp)
    9382:	4422                	lw	s0,8(sp)
    9384:	0141                	addi	sp,sp,16
    9386:	8082                	ret

00009388 <strcpy>:
    9388:	87aa                	mv	a5,a0
    938a:	2198                	lbu	a4,0(a1)
    938c:	0785                	addi	a5,a5,1
    938e:	0585                	addi	a1,a1,1
    9390:	fee78fa3          	sb	a4,-1(a5)
    9394:	fb7d                	bnez	a4,938a <strcpy+0x2>
    9396:	8082                	ret

00009398 <strcspn>:
    9398:	87aa                	mv	a5,a0
    939a:	2394                	lbu	a3,0(a5)
    939c:	ea99                	bnez	a3,93b2 <strcspn+0x1a>
    939e:	40a78533          	sub	a0,a5,a0
    93a2:	8082                	ret
    93a4:	fed60de3          	beq	a2,a3,939e <strcspn+0x6>
    93a8:	0705                	addi	a4,a4,1
    93aa:	2310                	lbu	a2,0(a4)
    93ac:	fe65                	bnez	a2,93a4 <strcspn+0xc>
    93ae:	0785                	addi	a5,a5,1
    93b0:	b7ed                	j	939a <strcspn+0x2>
    93b2:	872e                	mv	a4,a1
    93b4:	bfdd                	j	93aa <strcspn+0x12>

000093b6 <strlen>:
    93b6:	87aa                	mv	a5,a0
    93b8:	0785                	addi	a5,a5,1
    93ba:	fff7c703          	lbu	a4,-1(a5)
    93be:	ff6d                	bnez	a4,93b8 <strlen+0x2>
    93c0:	40a78533          	sub	a0,a5,a0
    93c4:	157d                	addi	a0,a0,-1
    93c6:	8082                	ret

000093c8 <strspn>:
    93c8:	87aa                	mv	a5,a0
    93ca:	2394                	lbu	a3,0(a5)
    93cc:	ca81                	beqz	a3,93dc <strspn+0x14>
    93ce:	872e                	mv	a4,a1
    93d0:	a021                	j	93d8 <strspn+0x10>
    93d2:	00d60863          	beq	a2,a3,93e2 <strspn+0x1a>
    93d6:	0705                	addi	a4,a4,1
    93d8:	2310                	lbu	a2,0(a4)
    93da:	fe65                	bnez	a2,93d2 <strspn+0xa>
    93dc:	40a78533          	sub	a0,a5,a0
    93e0:	8082                	ret
    93e2:	0785                	addi	a5,a5,1
    93e4:	b7dd                	j	93ca <strspn+0x2>

000093e6 <__swbuf_r>:
    93e6:	1101                	addi	sp,sp,-32
    93e8:	cc22                	sw	s0,24(sp)
    93ea:	ca26                	sw	s1,20(sp)
    93ec:	c84a                	sw	s2,16(sp)
    93ee:	ce06                	sw	ra,28(sp)
    93f0:	c64e                	sw	s3,12(sp)
    93f2:	84aa                	mv	s1,a0
    93f4:	892e                	mv	s2,a1
    93f6:	8432                	mv	s0,a2
    93f8:	c501                	beqz	a0,9400 <__swbuf_r+0x1a>
    93fa:	4d1c                	lw	a5,24(a0)
    93fc:	e391                	bnez	a5,9400 <__swbuf_r+0x1a>
    93fe:	2101                	jal	97fe <__sinit>
    9400:	00002797          	auipc	a5,0x2
    9404:	c0c78793          	addi	a5,a5,-1012 # b00c <__sf_fake_stdin>
    9408:	06f41763          	bne	s0,a5,9476 <__swbuf_r+0x90>
    940c:	40c0                	lw	s0,4(s1)
    940e:	4c1c                	lw	a5,24(s0)
    9410:	c41c                	sw	a5,8(s0)
    9412:	245e                	lhu	a5,12(s0)
    9414:	8ba1                	andi	a5,a5,8
    9416:	c3c1                	beqz	a5,9496 <__swbuf_r+0xb0>
    9418:	481c                	lw	a5,16(s0)
    941a:	cfb5                	beqz	a5,9496 <__swbuf_r+0xb0>
    941c:	481c                	lw	a5,16(s0)
    941e:	4008                	lw	a0,0(s0)
    9420:	0ff97993          	andi	s3,s2,255
    9424:	0ff97913          	andi	s2,s2,255
    9428:	8d1d                	sub	a0,a0,a5
    942a:	485c                	lw	a5,20(s0)
    942c:	00f54663          	blt	a0,a5,9438 <__swbuf_r+0x52>
    9430:	85a2                	mv	a1,s0
    9432:	8526                	mv	a0,s1
    9434:	2475                	jal	96e0 <_fflush_r>
    9436:	e525                	bnez	a0,949e <__swbuf_r+0xb8>
    9438:	441c                	lw	a5,8(s0)
    943a:	0505                	addi	a0,a0,1
    943c:	17fd                	addi	a5,a5,-1
    943e:	c41c                	sw	a5,8(s0)
    9440:	401c                	lw	a5,0(s0)
    9442:	00178713          	addi	a4,a5,1
    9446:	c018                	sw	a4,0(s0)
    9448:	01378023          	sb	s3,0(a5)
    944c:	485c                	lw	a5,20(s0)
    944e:	00a78863          	beq	a5,a0,945e <__swbuf_r+0x78>
    9452:	245e                	lhu	a5,12(s0)
    9454:	8b85                	andi	a5,a5,1
    9456:	cb81                	beqz	a5,9466 <__swbuf_r+0x80>
    9458:	47a9                	li	a5,10
    945a:	00f91663          	bne	s2,a5,9466 <__swbuf_r+0x80>
    945e:	85a2                	mv	a1,s0
    9460:	8526                	mv	a0,s1
    9462:	2cbd                	jal	96e0 <_fflush_r>
    9464:	ed0d                	bnez	a0,949e <__swbuf_r+0xb8>
    9466:	40f2                	lw	ra,28(sp)
    9468:	4462                	lw	s0,24(sp)
    946a:	854a                	mv	a0,s2
    946c:	44d2                	lw	s1,20(sp)
    946e:	4942                	lw	s2,16(sp)
    9470:	49b2                	lw	s3,12(sp)
    9472:	6105                	addi	sp,sp,32
    9474:	8082                	ret
    9476:	00002797          	auipc	a5,0x2
    947a:	bb678793          	addi	a5,a5,-1098 # b02c <__sf_fake_stdout>
    947e:	00f41463          	bne	s0,a5,9486 <__swbuf_r+0xa0>
    9482:	4480                	lw	s0,8(s1)
    9484:	b769                	j	940e <__swbuf_r+0x28>
    9486:	00002797          	auipc	a5,0x2
    948a:	b6678793          	addi	a5,a5,-1178 # afec <__sf_fake_stderr>
    948e:	f8f410e3          	bne	s0,a5,940e <__swbuf_r+0x28>
    9492:	44c0                	lw	s0,12(s1)
    9494:	bfad                	j	940e <__swbuf_r+0x28>
    9496:	85a2                	mv	a1,s0
    9498:	8526                	mv	a0,s1
    949a:	2021                	jal	94a2 <__swsetup_r>
    949c:	d141                	beqz	a0,941c <__swbuf_r+0x36>
    949e:	597d                	li	s2,-1
    94a0:	b7d9                	j	9466 <__swbuf_r+0x80>

000094a2 <__swsetup_r>:
    94a2:	1141                	addi	sp,sp,-16
    94a4:	81418793          	addi	a5,gp,-2028 # 200000fc <_impure_ptr>
    94a8:	c226                	sw	s1,4(sp)
    94aa:	4384                	lw	s1,0(a5)
    94ac:	c422                	sw	s0,8(sp)
    94ae:	c04a                	sw	s2,0(sp)
    94b0:	c606                	sw	ra,12(sp)
    94b2:	892a                	mv	s2,a0
    94b4:	842e                	mv	s0,a1
    94b6:	c489                	beqz	s1,94c0 <__swsetup_r+0x1e>
    94b8:	4c9c                	lw	a5,24(s1)
    94ba:	e399                	bnez	a5,94c0 <__swsetup_r+0x1e>
    94bc:	8526                	mv	a0,s1
    94be:	2681                	jal	97fe <__sinit>
    94c0:	00002797          	auipc	a5,0x2
    94c4:	b4c78793          	addi	a5,a5,-1204 # b00c <__sf_fake_stdin>
    94c8:	02f41b63          	bne	s0,a5,94fe <__swsetup_r+0x5c>
    94cc:	40c0                	lw	s0,4(s1)
    94ce:	00c41703          	lh	a4,12(s0)
    94d2:	01071793          	slli	a5,a4,0x10
    94d6:	83c1                	srli	a5,a5,0x10
    94d8:	0087f693          	andi	a3,a5,8
    94dc:	eab5                	bnez	a3,9550 <__swsetup_r+0xae>
    94de:	0107f693          	andi	a3,a5,16
    94e2:	ee95                	bnez	a3,951e <__swsetup_r+0x7c>
    94e4:	47a5                	li	a5,9
    94e6:	00f92023          	sw	a5,0(s2)
    94ea:	04076713          	ori	a4,a4,64
    94ee:	a45a                	sh	a4,12(s0)
    94f0:	557d                	li	a0,-1
    94f2:	40b2                	lw	ra,12(sp)
    94f4:	4422                	lw	s0,8(sp)
    94f6:	4492                	lw	s1,4(sp)
    94f8:	4902                	lw	s2,0(sp)
    94fa:	0141                	addi	sp,sp,16
    94fc:	8082                	ret
    94fe:	00002797          	auipc	a5,0x2
    9502:	b2e78793          	addi	a5,a5,-1234 # b02c <__sf_fake_stdout>
    9506:	00f41463          	bne	s0,a5,950e <__swsetup_r+0x6c>
    950a:	4480                	lw	s0,8(s1)
    950c:	b7c9                	j	94ce <__swsetup_r+0x2c>
    950e:	00002797          	auipc	a5,0x2
    9512:	ade78793          	addi	a5,a5,-1314 # afec <__sf_fake_stderr>
    9516:	faf41ce3          	bne	s0,a5,94ce <__swsetup_r+0x2c>
    951a:	44c0                	lw	s0,12(s1)
    951c:	bf4d                	j	94ce <__swsetup_r+0x2c>
    951e:	8b91                	andi	a5,a5,4
    9520:	c785                	beqz	a5,9548 <__swsetup_r+0xa6>
    9522:	584c                	lw	a1,52(s0)
    9524:	c991                	beqz	a1,9538 <__swsetup_r+0x96>
    9526:	04440793          	addi	a5,s0,68
    952a:	00f58563          	beq	a1,a5,9534 <__swsetup_r+0x92>
    952e:	854a                	mv	a0,s2
    9530:	cdeff0ef          	jal	ra,8a0e <_free_r>
    9534:	02042a23          	sw	zero,52(s0)
    9538:	245e                	lhu	a5,12(s0)
    953a:	00042223          	sw	zero,4(s0)
    953e:	fdb7f793          	andi	a5,a5,-37
    9542:	a45e                	sh	a5,12(s0)
    9544:	481c                	lw	a5,16(s0)
    9546:	c01c                	sw	a5,0(s0)
    9548:	245e                	lhu	a5,12(s0)
    954a:	0087e793          	ori	a5,a5,8
    954e:	a45e                	sh	a5,12(s0)
    9550:	481c                	lw	a5,16(s0)
    9552:	eb99                	bnez	a5,9568 <__swsetup_r+0xc6>
    9554:	245e                	lhu	a5,12(s0)
    9556:	20000713          	li	a4,512
    955a:	2807f793          	andi	a5,a5,640
    955e:	00e78563          	beq	a5,a4,9568 <__swsetup_r+0xc6>
    9562:	85a2                	mv	a1,s0
    9564:	854a                	mv	a0,s2
    9566:	2195                	jal	99ca <__smakebuf_r>
    9568:	245e                	lhu	a5,12(s0)
    956a:	0017f713          	andi	a4,a5,1
    956e:	c31d                	beqz	a4,9594 <__swsetup_r+0xf2>
    9570:	485c                	lw	a5,20(s0)
    9572:	00042423          	sw	zero,8(s0)
    9576:	40f007b3          	neg	a5,a5
    957a:	cc1c                	sw	a5,24(s0)
    957c:	481c                	lw	a5,16(s0)
    957e:	4501                	li	a0,0
    9580:	fbad                	bnez	a5,94f2 <__swsetup_r+0x50>
    9582:	00c41783          	lh	a5,12(s0)
    9586:	0807f713          	andi	a4,a5,128
    958a:	d725                	beqz	a4,94f2 <__swsetup_r+0x50>
    958c:	0407e793          	ori	a5,a5,64
    9590:	a45e                	sh	a5,12(s0)
    9592:	bfb9                	j	94f0 <__swsetup_r+0x4e>
    9594:	8b89                	andi	a5,a5,2
    9596:	4701                	li	a4,0
    9598:	e391                	bnez	a5,959c <__swsetup_r+0xfa>
    959a:	4858                	lw	a4,20(s0)
    959c:	c418                	sw	a4,8(s0)
    959e:	bff9                	j	957c <__swsetup_r+0xda>

000095a0 <abort>:
    95a0:	1141                	addi	sp,sp,-16
    95a2:	4519                	li	a0,6
    95a4:	c606                	sw	ra,12(sp)
    95a6:	2b15                	jal	9ada <raise>
    95a8:	4505                	li	a0,1
    95aa:	7ba000ef          	jal	ra,9d64 <_exit>

000095ae <__sflush_r>:
    95ae:	25de                	lhu	a5,12(a1)
    95b0:	1101                	addi	sp,sp,-32
    95b2:	cc22                	sw	s0,24(sp)
    95b4:	ca26                	sw	s1,20(sp)
    95b6:	ce06                	sw	ra,28(sp)
    95b8:	c84a                	sw	s2,16(sp)
    95ba:	c64e                	sw	s3,12(sp)
    95bc:	0087f713          	andi	a4,a5,8
    95c0:	84aa                	mv	s1,a0
    95c2:	842e                	mv	s0,a1
    95c4:	ef61                	bnez	a4,969c <__sflush_r+0xee>
    95c6:	41d8                	lw	a4,4(a1)
    95c8:	00e04d63          	bgtz	a4,95e2 <__sflush_r+0x34>
    95cc:	41b8                	lw	a4,64(a1)
    95ce:	00e04a63          	bgtz	a4,95e2 <__sflush_r+0x34>
    95d2:	4501                	li	a0,0
    95d4:	40f2                	lw	ra,28(sp)
    95d6:	4462                	lw	s0,24(sp)
    95d8:	44d2                	lw	s1,20(sp)
    95da:	4942                	lw	s2,16(sp)
    95dc:	49b2                	lw	s3,12(sp)
    95de:	6105                	addi	sp,sp,32
    95e0:	8082                	ret
    95e2:	5458                	lw	a4,44(s0)
    95e4:	d77d                	beqz	a4,95d2 <__sflush_r+0x24>
    95e6:	0004a903          	lw	s2,0(s1)
    95ea:	01379693          	slli	a3,a5,0x13
    95ee:	0004a023          	sw	zero,0(s1)
    95f2:	0606dc63          	bgez	a3,966a <__sflush_r+0xbc>
    95f6:	4870                	lw	a2,84(s0)
    95f8:	245e                	lhu	a5,12(s0)
    95fa:	8b91                	andi	a5,a5,4
    95fc:	c799                	beqz	a5,960a <__sflush_r+0x5c>
    95fe:	405c                	lw	a5,4(s0)
    9600:	8e1d                	sub	a2,a2,a5
    9602:	585c                	lw	a5,52(s0)
    9604:	c399                	beqz	a5,960a <__sflush_r+0x5c>
    9606:	403c                	lw	a5,64(s0)
    9608:	8e1d                	sub	a2,a2,a5
    960a:	545c                	lw	a5,44(s0)
    960c:	500c                	lw	a1,32(s0)
    960e:	4681                	li	a3,0
    9610:	8526                	mv	a0,s1
    9612:	9782                	jalr	a5
    9614:	57fd                	li	a5,-1
    9616:	245a                	lhu	a4,12(s0)
    9618:	00f51d63          	bne	a0,a5,9632 <__sflush_r+0x84>
    961c:	4094                	lw	a3,0(s1)
    961e:	47f5                	li	a5,29
    9620:	06d7e963          	bltu	a5,a3,9692 <__sflush_r+0xe4>
    9624:	204007b7          	lui	a5,0x20400
    9628:	0785                	addi	a5,a5,1
    962a:	00d7d7b3          	srl	a5,a5,a3
    962e:	8b85                	andi	a5,a5,1
    9630:	c3ad                	beqz	a5,9692 <__sflush_r+0xe4>
    9632:	481c                	lw	a5,16(s0)
    9634:	00042223          	sw	zero,4(s0)
    9638:	c01c                	sw	a5,0(s0)
    963a:	01371793          	slli	a5,a4,0x13
    963e:	0007d863          	bgez	a5,964e <__sflush_r+0xa0>
    9642:	57fd                	li	a5,-1
    9644:	00f51463          	bne	a0,a5,964c <__sflush_r+0x9e>
    9648:	409c                	lw	a5,0(s1)
    964a:	e391                	bnez	a5,964e <__sflush_r+0xa0>
    964c:	c868                	sw	a0,84(s0)
    964e:	584c                	lw	a1,52(s0)
    9650:	0124a023          	sw	s2,0(s1)
    9654:	ddbd                	beqz	a1,95d2 <__sflush_r+0x24>
    9656:	04440793          	addi	a5,s0,68
    965a:	00f58563          	beq	a1,a5,9664 <__sflush_r+0xb6>
    965e:	8526                	mv	a0,s1
    9660:	baeff0ef          	jal	ra,8a0e <_free_r>
    9664:	02042a23          	sw	zero,52(s0)
    9668:	b7ad                	j	95d2 <__sflush_r+0x24>
    966a:	500c                	lw	a1,32(s0)
    966c:	4601                	li	a2,0
    966e:	4685                	li	a3,1
    9670:	8526                	mv	a0,s1
    9672:	9702                	jalr	a4
    9674:	57fd                	li	a5,-1
    9676:	862a                	mv	a2,a0
    9678:	f8f510e3          	bne	a0,a5,95f8 <__sflush_r+0x4a>
    967c:	409c                	lw	a5,0(s1)
    967e:	dfad                	beqz	a5,95f8 <__sflush_r+0x4a>
    9680:	4775                	li	a4,29
    9682:	00e78563          	beq	a5,a4,968c <__sflush_r+0xde>
    9686:	4759                	li	a4,22
    9688:	04e79363          	bne	a5,a4,96ce <__sflush_r+0x120>
    968c:	0124a023          	sw	s2,0(s1)
    9690:	b789                	j	95d2 <__sflush_r+0x24>
    9692:	04076713          	ori	a4,a4,64
    9696:	a45a                	sh	a4,12(s0)
    9698:	557d                	li	a0,-1
    969a:	bf2d                	j	95d4 <__sflush_r+0x26>
    969c:	0105a983          	lw	s3,16(a1)
    96a0:	f20989e3          	beqz	s3,95d2 <__sflush_r+0x24>
    96a4:	0005a903          	lw	s2,0(a1)
    96a8:	8b8d                	andi	a5,a5,3
    96aa:	0135a023          	sw	s3,0(a1)
    96ae:	41390933          	sub	s2,s2,s3
    96b2:	4701                	li	a4,0
    96b4:	e391                	bnez	a5,96b8 <__sflush_r+0x10a>
    96b6:	49d8                	lw	a4,20(a1)
    96b8:	c418                	sw	a4,8(s0)
    96ba:	f1205ce3          	blez	s2,95d2 <__sflush_r+0x24>
    96be:	541c                	lw	a5,40(s0)
    96c0:	500c                	lw	a1,32(s0)
    96c2:	86ca                	mv	a3,s2
    96c4:	864e                	mv	a2,s3
    96c6:	8526                	mv	a0,s1
    96c8:	9782                	jalr	a5
    96ca:	00a04763          	bgtz	a0,96d8 <__sflush_r+0x12a>
    96ce:	245e                	lhu	a5,12(s0)
    96d0:	0407e793          	ori	a5,a5,64
    96d4:	a45e                	sh	a5,12(s0)
    96d6:	b7c9                	j	9698 <__sflush_r+0xea>
    96d8:	99aa                	add	s3,s3,a0
    96da:	40a90933          	sub	s2,s2,a0
    96de:	bff1                	j	96ba <__sflush_r+0x10c>

000096e0 <_fflush_r>:
    96e0:	499c                	lw	a5,16(a1)
    96e2:	c3a5                	beqz	a5,9742 <_fflush_r+0x62>
    96e4:	1101                	addi	sp,sp,-32
    96e6:	cc22                	sw	s0,24(sp)
    96e8:	ce06                	sw	ra,28(sp)
    96ea:	842a                	mv	s0,a0
    96ec:	c511                	beqz	a0,96f8 <_fflush_r+0x18>
    96ee:	4d1c                	lw	a5,24(a0)
    96f0:	e781                	bnez	a5,96f8 <_fflush_r+0x18>
    96f2:	c62e                	sw	a1,12(sp)
    96f4:	2229                	jal	97fe <__sinit>
    96f6:	45b2                	lw	a1,12(sp)
    96f8:	00002797          	auipc	a5,0x2
    96fc:	91478793          	addi	a5,a5,-1772 # b00c <__sf_fake_stdin>
    9700:	00f59c63          	bne	a1,a5,9718 <_fflush_r+0x38>
    9704:	404c                	lw	a1,4(s0)
    9706:	00c59783          	lh	a5,12(a1)
    970a:	c79d                	beqz	a5,9738 <_fflush_r+0x58>
    970c:	8522                	mv	a0,s0
    970e:	4462                	lw	s0,24(sp)
    9710:	40f2                	lw	ra,28(sp)
    9712:	6105                	addi	sp,sp,32
    9714:	e9bff06f          	j	95ae <__sflush_r>
    9718:	00002797          	auipc	a5,0x2
    971c:	91478793          	addi	a5,a5,-1772 # b02c <__sf_fake_stdout>
    9720:	00f59463          	bne	a1,a5,9728 <_fflush_r+0x48>
    9724:	440c                	lw	a1,8(s0)
    9726:	b7c5                	j	9706 <_fflush_r+0x26>
    9728:	00002797          	auipc	a5,0x2
    972c:	8c478793          	addi	a5,a5,-1852 # afec <__sf_fake_stderr>
    9730:	fcf59be3          	bne	a1,a5,9706 <_fflush_r+0x26>
    9734:	444c                	lw	a1,12(s0)
    9736:	bfc1                	j	9706 <_fflush_r+0x26>
    9738:	40f2                	lw	ra,28(sp)
    973a:	4462                	lw	s0,24(sp)
    973c:	4501                	li	a0,0
    973e:	6105                	addi	sp,sp,32
    9740:	8082                	ret
    9742:	4501                	li	a0,0
    9744:	8082                	ret

00009746 <std>:
    9746:	1141                	addi	sp,sp,-16
    9748:	c422                	sw	s0,8(sp)
    974a:	c606                	sw	ra,12(sp)
    974c:	842a                	mv	s0,a0
    974e:	a54e                	sh	a1,12(a0)
    9750:	a572                	sh	a2,14(a0)
    9752:	00052023          	sw	zero,0(a0)
    9756:	00052223          	sw	zero,4(a0)
    975a:	00052423          	sw	zero,8(a0)
    975e:	06052223          	sw	zero,100(a0)
    9762:	00052823          	sw	zero,16(a0)
    9766:	00052a23          	sw	zero,20(a0)
    976a:	00052c23          	sw	zero,24(a0)
    976e:	4621                	li	a2,8
    9770:	4581                	li	a1,0
    9772:	05c50513          	addi	a0,a0,92
    9776:	9ebf60ef          	jal	ra,160 <memset>
    977a:	00000797          	auipc	a5,0x0
    977e:	3a078793          	addi	a5,a5,928 # 9b1a <__sread>
    9782:	d05c                	sw	a5,36(s0)
    9784:	00000797          	auipc	a5,0x0
    9788:	3c278793          	addi	a5,a5,962 # 9b46 <__swrite>
    978c:	d41c                	sw	a5,40(s0)
    978e:	00000797          	auipc	a5,0x0
    9792:	40078793          	addi	a5,a5,1024 # 9b8e <__sseek>
    9796:	d45c                	sw	a5,44(s0)
    9798:	00000797          	auipc	a5,0x0
    979c:	42678793          	addi	a5,a5,1062 # 9bbe <__sclose>
    97a0:	d000                	sw	s0,32(s0)
    97a2:	d81c                	sw	a5,48(s0)
    97a4:	40b2                	lw	ra,12(sp)
    97a6:	4422                	lw	s0,8(sp)
    97a8:	0141                	addi	sp,sp,16
    97aa:	8082                	ret

000097ac <_cleanup_r>:
    97ac:	00000597          	auipc	a1,0x0
    97b0:	f3458593          	addi	a1,a1,-204 # 96e0 <_fflush_r>
    97b4:	aa99                	j	990a <_fwalk_reent>

000097b6 <__sfmoreglue>:
    97b6:	1141                	addi	sp,sp,-16
    97b8:	c226                	sw	s1,4(sp)
    97ba:	06800613          	li	a2,104
    97be:	fff58493          	addi	s1,a1,-1
    97c2:	02c484b3          	mul	s1,s1,a2
    97c6:	c04a                	sw	s2,0(sp)
    97c8:	892e                	mv	s2,a1
    97ca:	c422                	sw	s0,8(sp)
    97cc:	c606                	sw	ra,12(sp)
    97ce:	07448593          	addi	a1,s1,116
    97d2:	ae4ff0ef          	jal	ra,8ab6 <_malloc_r>
    97d6:	842a                	mv	s0,a0
    97d8:	cd01                	beqz	a0,97f0 <__sfmoreglue+0x3a>
    97da:	00052023          	sw	zero,0(a0)
    97de:	01252223          	sw	s2,4(a0)
    97e2:	0531                	addi	a0,a0,12
    97e4:	c408                	sw	a0,8(s0)
    97e6:	06848613          	addi	a2,s1,104
    97ea:	4581                	li	a1,0
    97ec:	975f60ef          	jal	ra,160 <memset>
    97f0:	8522                	mv	a0,s0
    97f2:	40b2                	lw	ra,12(sp)
    97f4:	4422                	lw	s0,8(sp)
    97f6:	4492                	lw	s1,4(sp)
    97f8:	4902                	lw	s2,0(sp)
    97fa:	0141                	addi	sp,sp,16
    97fc:	8082                	ret

000097fe <__sinit>:
    97fe:	4d1c                	lw	a5,24(a0)
    9800:	e7a5                	bnez	a5,9868 <__sinit+0x6a>
    9802:	1141                	addi	sp,sp,-16
    9804:	c606                	sw	ra,12(sp)
    9806:	c422                	sw	s0,8(sp)
    9808:	00000797          	auipc	a5,0x0
    980c:	fa478793          	addi	a5,a5,-92 # 97ac <_cleanup_r>
    9810:	d51c                	sw	a5,40(a0)
    9812:	81c18793          	addi	a5,gp,-2020 # 20000104 <_global_impure_ptr>
    9816:	439c                	lw	a5,0(a5)
    9818:	04052423          	sw	zero,72(a0)
    981c:	04052623          	sw	zero,76(a0)
    9820:	04052823          	sw	zero,80(a0)
    9824:	00f51463          	bne	a0,a5,982c <__sinit+0x2e>
    9828:	4785                	li	a5,1
    982a:	cd1c                	sw	a5,24(a0)
    982c:	842a                	mv	s0,a0
    982e:	2835                	jal	986a <__sfp>
    9830:	c048                	sw	a0,4(s0)
    9832:	8522                	mv	a0,s0
    9834:	281d                	jal	986a <__sfp>
    9836:	c408                	sw	a0,8(s0)
    9838:	8522                	mv	a0,s0
    983a:	2805                	jal	986a <__sfp>
    983c:	c448                	sw	a0,12(s0)
    983e:	4048                	lw	a0,4(s0)
    9840:	4601                	li	a2,0
    9842:	4591                	li	a1,4
    9844:	f03ff0ef          	jal	ra,9746 <std>
    9848:	4408                	lw	a0,8(s0)
    984a:	4605                	li	a2,1
    984c:	45a5                	li	a1,9
    984e:	ef9ff0ef          	jal	ra,9746 <std>
    9852:	4448                	lw	a0,12(s0)
    9854:	4609                	li	a2,2
    9856:	45c9                	li	a1,18
    9858:	eefff0ef          	jal	ra,9746 <std>
    985c:	4785                	li	a5,1
    985e:	cc1c                	sw	a5,24(s0)
    9860:	40b2                	lw	ra,12(sp)
    9862:	4422                	lw	s0,8(sp)
    9864:	0141                	addi	sp,sp,16
    9866:	8082                	ret
    9868:	8082                	ret

0000986a <__sfp>:
    986a:	1141                	addi	sp,sp,-16
    986c:	81c18793          	addi	a5,gp,-2020 # 20000104 <_global_impure_ptr>
    9870:	c226                	sw	s1,4(sp)
    9872:	4384                	lw	s1,0(a5)
    9874:	c04a                	sw	s2,0(sp)
    9876:	c606                	sw	ra,12(sp)
    9878:	4c9c                	lw	a5,24(s1)
    987a:	c422                	sw	s0,8(sp)
    987c:	892a                	mv	s2,a0
    987e:	e781                	bnez	a5,9886 <__sfp+0x1c>
    9880:	8526                	mv	a0,s1
    9882:	f7dff0ef          	jal	ra,97fe <__sinit>
    9886:	04848493          	addi	s1,s1,72
    988a:	4480                	lw	s0,8(s1)
    988c:	40dc                	lw	a5,4(s1)
    988e:	17fd                	addi	a5,a5,-1
    9890:	0007d663          	bgez	a5,989c <__sfp+0x32>
    9894:	409c                	lw	a5,0(s1)
    9896:	cfb9                	beqz	a5,98f4 <__sfp+0x8a>
    9898:	4084                	lw	s1,0(s1)
    989a:	bfc5                	j	988a <__sfp+0x20>
    989c:	00c41703          	lh	a4,12(s0)
    98a0:	e739                	bnez	a4,98ee <__sfp+0x84>
    98a2:	77c1                	lui	a5,0xffff0
    98a4:	0785                	addi	a5,a5,1
    98a6:	06042223          	sw	zero,100(s0)
    98aa:	00042023          	sw	zero,0(s0)
    98ae:	00042223          	sw	zero,4(s0)
    98b2:	00042423          	sw	zero,8(s0)
    98b6:	c45c                	sw	a5,12(s0)
    98b8:	00042823          	sw	zero,16(s0)
    98bc:	00042a23          	sw	zero,20(s0)
    98c0:	00042c23          	sw	zero,24(s0)
    98c4:	4621                	li	a2,8
    98c6:	4581                	li	a1,0
    98c8:	05c40513          	addi	a0,s0,92
    98cc:	895f60ef          	jal	ra,160 <memset>
    98d0:	02042a23          	sw	zero,52(s0)
    98d4:	02042c23          	sw	zero,56(s0)
    98d8:	04042423          	sw	zero,72(s0)
    98dc:	04042623          	sw	zero,76(s0)
    98e0:	8522                	mv	a0,s0
    98e2:	40b2                	lw	ra,12(sp)
    98e4:	4422                	lw	s0,8(sp)
    98e6:	4492                	lw	s1,4(sp)
    98e8:	4902                	lw	s2,0(sp)
    98ea:	0141                	addi	sp,sp,16
    98ec:	8082                	ret
    98ee:	06840413          	addi	s0,s0,104
    98f2:	bf71                	j	988e <__sfp+0x24>
    98f4:	4591                	li	a1,4
    98f6:	854a                	mv	a0,s2
    98f8:	ebfff0ef          	jal	ra,97b6 <__sfmoreglue>
    98fc:	c088                	sw	a0,0(s1)
    98fe:	fd49                	bnez	a0,9898 <__sfp+0x2e>
    9900:	47b1                	li	a5,12
    9902:	00f92023          	sw	a5,0(s2)
    9906:	4401                	li	s0,0
    9908:	bfe1                	j	98e0 <__sfp+0x76>

0000990a <_fwalk_reent>:
    990a:	7179                	addi	sp,sp,-48
    990c:	d422                	sw	s0,40(sp)
    990e:	d04a                	sw	s2,32(sp)
    9910:	cc52                	sw	s4,24(sp)
    9912:	ca56                	sw	s5,20(sp)
    9914:	c85a                	sw	s6,16(sp)
    9916:	c65e                	sw	s7,12(sp)
    9918:	d606                	sw	ra,44(sp)
    991a:	d226                	sw	s1,36(sp)
    991c:	ce4e                	sw	s3,28(sp)
    991e:	8a2a                	mv	s4,a0
    9920:	8aae                	mv	s5,a1
    9922:	04850413          	addi	s0,a0,72
    9926:	4901                	li	s2,0
    9928:	4b05                	li	s6,1
    992a:	5bfd                	li	s7,-1
    992c:	ec09                	bnez	s0,9946 <_fwalk_reent+0x3c>
    992e:	50b2                	lw	ra,44(sp)
    9930:	5422                	lw	s0,40(sp)
    9932:	854a                	mv	a0,s2
    9934:	5492                	lw	s1,36(sp)
    9936:	5902                	lw	s2,32(sp)
    9938:	49f2                	lw	s3,28(sp)
    993a:	4a62                	lw	s4,24(sp)
    993c:	4ad2                	lw	s5,20(sp)
    993e:	4b42                	lw	s6,16(sp)
    9940:	4bb2                	lw	s7,12(sp)
    9942:	6145                	addi	sp,sp,48
    9944:	8082                	ret
    9946:	4404                	lw	s1,8(s0)
    9948:	00442983          	lw	s3,4(s0)
    994c:	19fd                	addi	s3,s3,-1
    994e:	0009d463          	bgez	s3,9956 <_fwalk_reent+0x4c>
    9952:	4000                	lw	s0,0(s0)
    9954:	bfe1                	j	992c <_fwalk_reent+0x22>
    9956:	24de                	lhu	a5,12(s1)
    9958:	00fb7b63          	bgeu	s6,a5,996e <_fwalk_reent+0x64>
    995c:	00e49783          	lh	a5,14(s1)
    9960:	01778763          	beq	a5,s7,996e <_fwalk_reent+0x64>
    9964:	85a6                	mv	a1,s1
    9966:	8552                	mv	a0,s4
    9968:	9a82                	jalr	s5
    996a:	00a96933          	or	s2,s2,a0
    996e:	06848493          	addi	s1,s1,104
    9972:	bfe9                	j	994c <_fwalk_reent+0x42>

00009974 <__swhatbuf_r>:
    9974:	7119                	addi	sp,sp,-128
    9976:	daa6                	sw	s1,116(sp)
    9978:	84ae                	mv	s1,a1
    997a:	00e59583          	lh	a1,14(a1)
    997e:	dca2                	sw	s0,120(sp)
    9980:	de86                	sw	ra,124(sp)
    9982:	8432                	mv	s0,a2
    9984:	0005db63          	bgez	a1,999a <__swhatbuf_r+0x26>
    9988:	24de                	lhu	a5,12(s1)
    998a:	0006a023          	sw	zero,0(a3)
    998e:	0807f793          	andi	a5,a5,128
    9992:	e39d                	bnez	a5,99b8 <__swhatbuf_r+0x44>
    9994:	40000793          	li	a5,1024
    9998:	a015                	j	99bc <__swhatbuf_r+0x48>
    999a:	0830                	addi	a2,sp,24
    999c:	c636                	sw	a3,12(sp)
    999e:	2471                	jal	9c2a <_fstat_r>
    99a0:	46b2                	lw	a3,12(sp)
    99a2:	fe0543e3          	bltz	a0,9988 <__swhatbuf_r+0x14>
    99a6:	4772                	lw	a4,28(sp)
    99a8:	67bd                	lui	a5,0xf
    99aa:	8ff9                	and	a5,a5,a4
    99ac:	7779                	lui	a4,0xffffe
    99ae:	97ba                	add	a5,a5,a4
    99b0:	0017b793          	seqz	a5,a5
    99b4:	c29c                	sw	a5,0(a3)
    99b6:	bff9                	j	9994 <__swhatbuf_r+0x20>
    99b8:	04000793          	li	a5,64
    99bc:	c01c                	sw	a5,0(s0)
    99be:	50f6                	lw	ra,124(sp)
    99c0:	5466                	lw	s0,120(sp)
    99c2:	54d6                	lw	s1,116(sp)
    99c4:	4501                	li	a0,0
    99c6:	6109                	addi	sp,sp,128
    99c8:	8082                	ret

000099ca <__smakebuf_r>:
    99ca:	25de                	lhu	a5,12(a1)
    99cc:	1101                	addi	sp,sp,-32
    99ce:	cc22                	sw	s0,24(sp)
    99d0:	ce06                	sw	ra,28(sp)
    99d2:	ca26                	sw	s1,20(sp)
    99d4:	c84a                	sw	s2,16(sp)
    99d6:	8b89                	andi	a5,a5,2
    99d8:	842e                	mv	s0,a1
    99da:	cf89                	beqz	a5,99f4 <__smakebuf_r+0x2a>
    99dc:	04740793          	addi	a5,s0,71
    99e0:	c01c                	sw	a5,0(s0)
    99e2:	c81c                	sw	a5,16(s0)
    99e4:	4785                	li	a5,1
    99e6:	c85c                	sw	a5,20(s0)
    99e8:	40f2                	lw	ra,28(sp)
    99ea:	4462                	lw	s0,24(sp)
    99ec:	44d2                	lw	s1,20(sp)
    99ee:	4942                	lw	s2,16(sp)
    99f0:	6105                	addi	sp,sp,32
    99f2:	8082                	ret
    99f4:	0074                	addi	a3,sp,12
    99f6:	0030                	addi	a2,sp,8
    99f8:	84aa                	mv	s1,a0
    99fa:	f7bff0ef          	jal	ra,9974 <__swhatbuf_r>
    99fe:	45a2                	lw	a1,8(sp)
    9a00:	892a                	mv	s2,a0
    9a02:	8526                	mv	a0,s1
    9a04:	8b2ff0ef          	jal	ra,8ab6 <_malloc_r>
    9a08:	e919                	bnez	a0,9a1e <__smakebuf_r+0x54>
    9a0a:	00c41783          	lh	a5,12(s0)
    9a0e:	2007f713          	andi	a4,a5,512
    9a12:	fb79                	bnez	a4,99e8 <__smakebuf_r+0x1e>
    9a14:	9bf1                	andi	a5,a5,-4
    9a16:	0027e793          	ori	a5,a5,2
    9a1a:	a45e                	sh	a5,12(s0)
    9a1c:	b7c1                	j	99dc <__smakebuf_r+0x12>
    9a1e:	00000797          	auipc	a5,0x0
    9a22:	d8e78793          	addi	a5,a5,-626 # 97ac <_cleanup_r>
    9a26:	d49c                	sw	a5,40(s1)
    9a28:	245e                	lhu	a5,12(s0)
    9a2a:	c008                	sw	a0,0(s0)
    9a2c:	c808                	sw	a0,16(s0)
    9a2e:	0807e793          	ori	a5,a5,128
    9a32:	a45e                	sh	a5,12(s0)
    9a34:	47a2                	lw	a5,8(sp)
    9a36:	c85c                	sw	a5,20(s0)
    9a38:	47b2                	lw	a5,12(sp)
    9a3a:	cb99                	beqz	a5,9a50 <__smakebuf_r+0x86>
    9a3c:	00e41583          	lh	a1,14(s0)
    9a40:	8526                	mv	a0,s1
    9a42:	2c29                	jal	9c5c <_isatty_r>
    9a44:	c511                	beqz	a0,9a50 <__smakebuf_r+0x86>
    9a46:	245e                	lhu	a5,12(s0)
    9a48:	9bf1                	andi	a5,a5,-4
    9a4a:	0017e793          	ori	a5,a5,1
    9a4e:	a45e                	sh	a5,12(s0)
    9a50:	245e                	lhu	a5,12(s0)
    9a52:	00f96933          	or	s2,s2,a5
    9a56:	01241623          	sh	s2,12(s0)
    9a5a:	b779                	j	99e8 <__smakebuf_r+0x1e>

00009a5c <memchr>:
    9a5c:	0ff5f593          	andi	a1,a1,255
    9a60:	962a                	add	a2,a2,a0
    9a62:	00c51463          	bne	a0,a2,9a6a <memchr+0xe>
    9a66:	4501                	li	a0,0
    9a68:	8082                	ret
    9a6a:	211c                	lbu	a5,0(a0)
    9a6c:	feb78ee3          	beq	a5,a1,9a68 <memchr+0xc>
    9a70:	0505                	addi	a0,a0,1
    9a72:	bfc5                	j	9a62 <memchr+0x6>

00009a74 <__malloc_lock>:
    9a74:	8082                	ret

00009a76 <__malloc_unlock>:
    9a76:	8082                	ret

00009a78 <_raise_r>:
    9a78:	47fd                	li	a5,31
    9a7a:	00b7f663          	bgeu	a5,a1,9a86 <_raise_r+0xe>
    9a7e:	47d9                	li	a5,22
    9a80:	c11c                	sw	a5,0(a0)
    9a82:	557d                	li	a0,-1
    9a84:	8082                	ret
    9a86:	417c                	lw	a5,68(a0)
    9a88:	1101                	addi	sp,sp,-32
    9a8a:	cc22                	sw	s0,24(sp)
    9a8c:	ce06                	sw	ra,28(sp)
    9a8e:	862e                	mv	a2,a1
    9a90:	842a                	mv	s0,a0
    9a92:	c791                	beqz	a5,9a9e <_raise_r+0x26>
    9a94:	00259713          	slli	a4,a1,0x2
    9a98:	97ba                	add	a5,a5,a4
    9a9a:	4398                	lw	a4,0(a5)
    9a9c:	eb19                	bnez	a4,9ab2 <_raise_r+0x3a>
    9a9e:	8522                	mv	a0,s0
    9aa0:	c632                	sw	a2,12(sp)
    9aa2:	289d                	jal	9b18 <_getpid_r>
    9aa4:	85aa                	mv	a1,a0
    9aa6:	8522                	mv	a0,s0
    9aa8:	4462                	lw	s0,24(sp)
    9aaa:	4632                	lw	a2,12(sp)
    9aac:	40f2                	lw	ra,28(sp)
    9aae:	6105                	addi	sp,sp,32
    9ab0:	a81d                	j	9ae6 <_kill_r>
    9ab2:	4685                	li	a3,1
    9ab4:	4501                	li	a0,0
    9ab6:	00d70863          	beq	a4,a3,9ac6 <_raise_r+0x4e>
    9aba:	56fd                	li	a3,-1
    9abc:	00d71963          	bne	a4,a3,9ace <_raise_r+0x56>
    9ac0:	47d9                	li	a5,22
    9ac2:	c01c                	sw	a5,0(s0)
    9ac4:	4505                	li	a0,1
    9ac6:	40f2                	lw	ra,28(sp)
    9ac8:	4462                	lw	s0,24(sp)
    9aca:	6105                	addi	sp,sp,32
    9acc:	8082                	ret
    9ace:	852e                	mv	a0,a1
    9ad0:	0007a023          	sw	zero,0(a5)
    9ad4:	9702                	jalr	a4
    9ad6:	4501                	li	a0,0
    9ad8:	b7fd                	j	9ac6 <_raise_r+0x4e>

00009ada <raise>:
    9ada:	81418793          	addi	a5,gp,-2028 # 200000fc <_impure_ptr>
    9ade:	85aa                	mv	a1,a0
    9ae0:	4388                	lw	a0,0(a5)
    9ae2:	f97ff06f          	j	9a78 <_raise_r>

00009ae6 <_kill_r>:
    9ae6:	1141                	addi	sp,sp,-16
    9ae8:	c422                	sw	s0,8(sp)
    9aea:	842a                	mv	s0,a0
    9aec:	852e                	mv	a0,a1
    9aee:	85b2                	mv	a1,a2
    9af0:	1fffb797          	auipc	a5,0x1fffb
    9af4:	9e07ac23          	sw	zero,-1544(a5) # 200044e8 <errno>
    9af8:	c606                	sw	ra,12(sp)
    9afa:	2c2d                	jal	9d34 <_kill>
    9afc:	57fd                	li	a5,-1
    9afe:	00f51963          	bne	a0,a5,9b10 <_kill_r+0x2a>
    9b02:	1fffb797          	auipc	a5,0x1fffb
    9b06:	9e678793          	addi	a5,a5,-1562 # 200044e8 <errno>
    9b0a:	439c                	lw	a5,0(a5)
    9b0c:	c391                	beqz	a5,9b10 <_kill_r+0x2a>
    9b0e:	c01c                	sw	a5,0(s0)
    9b10:	40b2                	lw	ra,12(sp)
    9b12:	4422                	lw	s0,8(sp)
    9b14:	0141                	addi	sp,sp,16
    9b16:	8082                	ret

00009b18 <_getpid_r>:
    9b18:	aaf5                	j	9d14 <_getpid>

00009b1a <__sread>:
    9b1a:	1141                	addi	sp,sp,-16
    9b1c:	c422                	sw	s0,8(sp)
    9b1e:	842e                	mv	s0,a1
    9b20:	00e59583          	lh	a1,14(a1)
    9b24:	c606                	sw	ra,12(sp)
    9b26:	2a69                	jal	9cc0 <_read_r>
    9b28:	00054963          	bltz	a0,9b3a <__sread+0x20>
    9b2c:	487c                	lw	a5,84(s0)
    9b2e:	97aa                	add	a5,a5,a0
    9b30:	c87c                	sw	a5,84(s0)
    9b32:	40b2                	lw	ra,12(sp)
    9b34:	4422                	lw	s0,8(sp)
    9b36:	0141                	addi	sp,sp,16
    9b38:	8082                	ret
    9b3a:	245e                	lhu	a5,12(s0)
    9b3c:	777d                	lui	a4,0xfffff
    9b3e:	177d                	addi	a4,a4,-1
    9b40:	8ff9                	and	a5,a5,a4
    9b42:	a45e                	sh	a5,12(s0)
    9b44:	b7fd                	j	9b32 <__sread+0x18>

00009b46 <__swrite>:
    9b46:	25de                	lhu	a5,12(a1)
    9b48:	1101                	addi	sp,sp,-32
    9b4a:	cc22                	sw	s0,24(sp)
    9b4c:	ca26                	sw	s1,20(sp)
    9b4e:	c84a                	sw	s2,16(sp)
    9b50:	c64e                	sw	s3,12(sp)
    9b52:	ce06                	sw	ra,28(sp)
    9b54:	1007f793          	andi	a5,a5,256
    9b58:	84aa                	mv	s1,a0
    9b5a:	842e                	mv	s0,a1
    9b5c:	8932                	mv	s2,a2
    9b5e:	89b6                	mv	s3,a3
    9b60:	c791                	beqz	a5,9b6c <__swrite+0x26>
    9b62:	00e59583          	lh	a1,14(a1)
    9b66:	4689                	li	a3,2
    9b68:	4601                	li	a2,0
    9b6a:	220d                	jal	9c8c <_lseek_r>
    9b6c:	245e                	lhu	a5,12(s0)
    9b6e:	777d                	lui	a4,0xfffff
    9b70:	177d                	addi	a4,a4,-1
    9b72:	8ff9                	and	a5,a5,a4
    9b74:	a45e                	sh	a5,12(s0)
    9b76:	00e41583          	lh	a1,14(s0)
    9b7a:	4462                	lw	s0,24(sp)
    9b7c:	40f2                	lw	ra,28(sp)
    9b7e:	86ce                	mv	a3,s3
    9b80:	864a                	mv	a2,s2
    9b82:	49b2                	lw	s3,12(sp)
    9b84:	4942                	lw	s2,16(sp)
    9b86:	8526                	mv	a0,s1
    9b88:	44d2                	lw	s1,20(sp)
    9b8a:	6105                	addi	sp,sp,32
    9b8c:	a825                	j	9bc4 <_write_r>

00009b8e <__sseek>:
    9b8e:	1141                	addi	sp,sp,-16
    9b90:	c422                	sw	s0,8(sp)
    9b92:	842e                	mv	s0,a1
    9b94:	00e59583          	lh	a1,14(a1)
    9b98:	c606                	sw	ra,12(sp)
    9b9a:	28cd                	jal	9c8c <_lseek_r>
    9b9c:	57fd                	li	a5,-1
    9b9e:	245a                	lhu	a4,12(s0)
    9ba0:	00f51a63          	bne	a0,a5,9bb4 <__sseek+0x26>
    9ba4:	77fd                	lui	a5,0xfffff
    9ba6:	17fd                	addi	a5,a5,-1
    9ba8:	8ff9                	and	a5,a5,a4
    9baa:	a45e                	sh	a5,12(s0)
    9bac:	40b2                	lw	ra,12(sp)
    9bae:	4422                	lw	s0,8(sp)
    9bb0:	0141                	addi	sp,sp,16
    9bb2:	8082                	ret
    9bb4:	6785                	lui	a5,0x1
    9bb6:	8fd9                	or	a5,a5,a4
    9bb8:	a45e                	sh	a5,12(s0)
    9bba:	c868                	sw	a0,84(s0)
    9bbc:	bfc5                	j	9bac <__sseek+0x1e>

00009bbe <__sclose>:
    9bbe:	00e59583          	lh	a1,14(a1)
    9bc2:	a825                	j	9bfa <_close_r>

00009bc4 <_write_r>:
    9bc4:	1141                	addi	sp,sp,-16
    9bc6:	c422                	sw	s0,8(sp)
    9bc8:	842a                	mv	s0,a0
    9bca:	852e                	mv	a0,a1
    9bcc:	85b2                	mv	a1,a2
    9bce:	8636                	mv	a2,a3
    9bd0:	1fffb797          	auipc	a5,0x1fffb
    9bd4:	9007ac23          	sw	zero,-1768(a5) # 200044e8 <errno>
    9bd8:	c606                	sw	ra,12(sp)
    9bda:	fb2fe0ef          	jal	ra,838c <_write>
    9bde:	57fd                	li	a5,-1
    9be0:	00f51963          	bne	a0,a5,9bf2 <_write_r+0x2e>
    9be4:	1fffb797          	auipc	a5,0x1fffb
    9be8:	90478793          	addi	a5,a5,-1788 # 200044e8 <errno>
    9bec:	439c                	lw	a5,0(a5)
    9bee:	c391                	beqz	a5,9bf2 <_write_r+0x2e>
    9bf0:	c01c                	sw	a5,0(s0)
    9bf2:	40b2                	lw	ra,12(sp)
    9bf4:	4422                	lw	s0,8(sp)
    9bf6:	0141                	addi	sp,sp,16
    9bf8:	8082                	ret

00009bfa <_close_r>:
    9bfa:	1141                	addi	sp,sp,-16
    9bfc:	c422                	sw	s0,8(sp)
    9bfe:	842a                	mv	s0,a0
    9c00:	852e                	mv	a0,a1
    9c02:	1fffb797          	auipc	a5,0x1fffb
    9c06:	8e07a323          	sw	zero,-1818(a5) # 200044e8 <errno>
    9c0a:	c606                	sw	ra,12(sp)
    9c0c:	20e5                	jal	9cf4 <_close>
    9c0e:	57fd                	li	a5,-1
    9c10:	00f51963          	bne	a0,a5,9c22 <_close_r+0x28>
    9c14:	1fffb797          	auipc	a5,0x1fffb
    9c18:	8d478793          	addi	a5,a5,-1836 # 200044e8 <errno>
    9c1c:	439c                	lw	a5,0(a5)
    9c1e:	c391                	beqz	a5,9c22 <_close_r+0x28>
    9c20:	c01c                	sw	a5,0(s0)
    9c22:	40b2                	lw	ra,12(sp)
    9c24:	4422                	lw	s0,8(sp)
    9c26:	0141                	addi	sp,sp,16
    9c28:	8082                	ret

00009c2a <_fstat_r>:
    9c2a:	1141                	addi	sp,sp,-16
    9c2c:	c422                	sw	s0,8(sp)
    9c2e:	842a                	mv	s0,a0
    9c30:	852e                	mv	a0,a1
    9c32:	85b2                	mv	a1,a2
    9c34:	1fffb797          	auipc	a5,0x1fffb
    9c38:	8a07aa23          	sw	zero,-1868(a5) # 200044e8 <errno>
    9c3c:	c606                	sw	ra,12(sp)
    9c3e:	20d9                	jal	9d04 <_fstat>
    9c40:	57fd                	li	a5,-1
    9c42:	00f51963          	bne	a0,a5,9c54 <_fstat_r+0x2a>
    9c46:	1fffb797          	auipc	a5,0x1fffb
    9c4a:	8a278793          	addi	a5,a5,-1886 # 200044e8 <errno>
    9c4e:	439c                	lw	a5,0(a5)
    9c50:	c391                	beqz	a5,9c54 <_fstat_r+0x2a>
    9c52:	c01c                	sw	a5,0(s0)
    9c54:	40b2                	lw	ra,12(sp)
    9c56:	4422                	lw	s0,8(sp)
    9c58:	0141                	addi	sp,sp,16
    9c5a:	8082                	ret

00009c5c <_isatty_r>:
    9c5c:	1141                	addi	sp,sp,-16
    9c5e:	c422                	sw	s0,8(sp)
    9c60:	842a                	mv	s0,a0
    9c62:	852e                	mv	a0,a1
    9c64:	1fffb797          	auipc	a5,0x1fffb
    9c68:	8807a223          	sw	zero,-1916(a5) # 200044e8 <errno>
    9c6c:	c606                	sw	ra,12(sp)
    9c6e:	285d                	jal	9d24 <_isatty>
    9c70:	57fd                	li	a5,-1
    9c72:	00f51963          	bne	a0,a5,9c84 <_isatty_r+0x28>
    9c76:	1fffb797          	auipc	a5,0x1fffb
    9c7a:	87278793          	addi	a5,a5,-1934 # 200044e8 <errno>
    9c7e:	439c                	lw	a5,0(a5)
    9c80:	c391                	beqz	a5,9c84 <_isatty_r+0x28>
    9c82:	c01c                	sw	a5,0(s0)
    9c84:	40b2                	lw	ra,12(sp)
    9c86:	4422                	lw	s0,8(sp)
    9c88:	0141                	addi	sp,sp,16
    9c8a:	8082                	ret

00009c8c <_lseek_r>:
    9c8c:	1141                	addi	sp,sp,-16
    9c8e:	c422                	sw	s0,8(sp)
    9c90:	842a                	mv	s0,a0
    9c92:	852e                	mv	a0,a1
    9c94:	85b2                	mv	a1,a2
    9c96:	8636                	mv	a2,a3
    9c98:	1fffb797          	auipc	a5,0x1fffb
    9c9c:	8407a823          	sw	zero,-1968(a5) # 200044e8 <errno>
    9ca0:	c606                	sw	ra,12(sp)
    9ca2:	204d                	jal	9d44 <_lseek>
    9ca4:	57fd                	li	a5,-1
    9ca6:	00f51963          	bne	a0,a5,9cb8 <_lseek_r+0x2c>
    9caa:	1fffb797          	auipc	a5,0x1fffb
    9cae:	83e78793          	addi	a5,a5,-1986 # 200044e8 <errno>
    9cb2:	439c                	lw	a5,0(a5)
    9cb4:	c391                	beqz	a5,9cb8 <_lseek_r+0x2c>
    9cb6:	c01c                	sw	a5,0(s0)
    9cb8:	40b2                	lw	ra,12(sp)
    9cba:	4422                	lw	s0,8(sp)
    9cbc:	0141                	addi	sp,sp,16
    9cbe:	8082                	ret

00009cc0 <_read_r>:
    9cc0:	1141                	addi	sp,sp,-16
    9cc2:	c422                	sw	s0,8(sp)
    9cc4:	842a                	mv	s0,a0
    9cc6:	852e                	mv	a0,a1
    9cc8:	85b2                	mv	a1,a2
    9cca:	8636                	mv	a2,a3
    9ccc:	1fffb797          	auipc	a5,0x1fffb
    9cd0:	8007ae23          	sw	zero,-2020(a5) # 200044e8 <errno>
    9cd4:	c606                	sw	ra,12(sp)
    9cd6:	28bd                	jal	9d54 <_read>
    9cd8:	57fd                	li	a5,-1
    9cda:	00f51963          	bne	a0,a5,9cec <_read_r+0x2c>
    9cde:	1fffb797          	auipc	a5,0x1fffb
    9ce2:	80a78793          	addi	a5,a5,-2038 # 200044e8 <errno>
    9ce6:	439c                	lw	a5,0(a5)
    9ce8:	c391                	beqz	a5,9cec <_read_r+0x2c>
    9cea:	c01c                	sw	a5,0(s0)
    9cec:	40b2                	lw	ra,12(sp)
    9cee:	4422                	lw	s0,8(sp)
    9cf0:	0141                	addi	sp,sp,16
    9cf2:	8082                	ret

00009cf4 <_close>:
    9cf4:	05800793          	li	a5,88
    9cf8:	1fffa717          	auipc	a4,0x1fffa
    9cfc:	7ef72823          	sw	a5,2032(a4) # 200044e8 <errno>
    9d00:	557d                	li	a0,-1
    9d02:	8082                	ret

00009d04 <_fstat>:
    9d04:	05800793          	li	a5,88
    9d08:	1fffa717          	auipc	a4,0x1fffa
    9d0c:	7ef72023          	sw	a5,2016(a4) # 200044e8 <errno>
    9d10:	557d                	li	a0,-1
    9d12:	8082                	ret

00009d14 <_getpid>:
    9d14:	05800793          	li	a5,88
    9d18:	1fffa717          	auipc	a4,0x1fffa
    9d1c:	7cf72823          	sw	a5,2000(a4) # 200044e8 <errno>
    9d20:	557d                	li	a0,-1
    9d22:	8082                	ret

00009d24 <_isatty>:
    9d24:	05800793          	li	a5,88
    9d28:	1fffa717          	auipc	a4,0x1fffa
    9d2c:	7cf72023          	sw	a5,1984(a4) # 200044e8 <errno>
    9d30:	4501                	li	a0,0
    9d32:	8082                	ret

00009d34 <_kill>:
    9d34:	05800793          	li	a5,88
    9d38:	1fffa717          	auipc	a4,0x1fffa
    9d3c:	7af72823          	sw	a5,1968(a4) # 200044e8 <errno>
    9d40:	557d                	li	a0,-1
    9d42:	8082                	ret

00009d44 <_lseek>:
    9d44:	05800793          	li	a5,88
    9d48:	1fffa717          	auipc	a4,0x1fffa
    9d4c:	7af72023          	sw	a5,1952(a4) # 200044e8 <errno>
    9d50:	557d                	li	a0,-1
    9d52:	8082                	ret

00009d54 <_read>:
    9d54:	05800793          	li	a5,88
    9d58:	1fffa717          	auipc	a4,0x1fffa
    9d5c:	78f72823          	sw	a5,1936(a4) # 200044e8 <errno>
    9d60:	557d                	li	a0,-1
    9d62:	8082                	ret

00009d64 <_exit>:
    9d64:	a001                	j	9d64 <_exit>
    9d66:	0000                	unimp
    9d68:	ffff                	0xffff
    9d6a:	ffff                	0xffff
    9d6c:	ffff                	0xffff
    9d6e:	ffff                	0xffff
    9d70:	0001                	nop
    9d72:	0000                	unimp
    9d74:	0001                	nop
    9d76:	0000                	unimp
    9d78:	2020                	lbu	s0,2(s0)
    9d7a:	2020                	lbu	s0,2(s0)
    9d7c:	2020                	lbu	s0,2(s0)
    9d7e:	2020                	lbu	s0,2(s0)
    9d80:	2020                	lbu	s0,2(s0)
    9d82:	2020                	lbu	s0,2(s0)
    9d84:	4c54                	lw	a3,28(s0)
    9d86:	5f4c                	lw	a1,60(a4)
    9d88:	324e                	lhu	a1,36(a2)
    9d8a:	00003233          	snez	tp,zero
    9d8e:	0000                	unimp
    9d90:	17d6                	slli	a5,a5,0x35
    9d92:	0000                	unimp
    9d94:	16cc                	addi	a1,sp,868
    9d96:	0000                	unimp
    9d98:	1562                	slli	a0,a0,0x38
    9d9a:	0000                	unimp
    9d9c:	173c                	addi	a5,sp,936
    9d9e:	0000                	unimp
    9da0:	1562                	slli	a0,a0,0x38
    9da2:	0000                	unimp
    9da4:	165e                	slli	a2,a2,0x37
    9da6:	0000                	unimp
    9da8:	15be                	slli	a1,a1,0x2f
    9daa:	0000                	unimp
    9dac:	1562                	slli	a0,a0,0x38
    9dae:	0000                	unimp
    9db0:	16a4                	addi	s1,sp,872
    9db2:	0000                	unimp
    9db4:	16ba                	slli	a3,a3,0x2e
    9db6:	0000                	unimp
    9db8:	17d0                	addi	a2,sp,996
    9dba:	0000                	unimp
    9dbc:	1668                	addi	a0,sp,812
	...

00009dc0 <MyCfgDescr>:
    9dc0:	0209 0043 0102 8000 0932 0004 0100 0202     ..C.....2.......
    9dd0:	0001 2405 1000 0501 0124 0100 2404 0202     ...$....$....$..
    9de0:	2405 0006 0701 8105 4003 0100 0409 0001     .$.......@......
    9df0:	0a02 0000 0700 0205 4002 0000 0507 0283     .........@......
    9e00:	0040 0000                                   @...

00009e04 <MyDevDescr>:
    9e04:	0112 0110 ffff 40ff 1a86 fe0c 0001 0201     .......@........
    9e14:	0100 0000                                   ....

00009e18 <MyManuInfo>:
    9e18:	030e 0077 0063 0068 002e 0063 006e 0000     ..w.c.h...c.n...

00009e28 <MyProdInfo>:
    9e28:	0316 0055 0053 0042 0020 0053 0065 0072     ..U.S.B. .S.e.r.
    9e38:	0069 0061 006c 0000                         i.a.l...

00009e40 <MySerNumInfo>:
    9e40:	0316 0030 0031 0032 0033 0034 0035 0036     ..0.1.2.3.4.5.6.
    9e50:	0037 0038 0039 0000                         7.8.9...

00009e58 <cfg>:
    9e58:	0000 0000 1d20 0000 1d54 0000 1cd6 0000     .... ...T.......
    9e68:	1cd2 0000 0002 0000 0002 0000 1000 0000     ................
    9e78:	0028 0000 0064 0000 0040 0000 0010 0000     (...d...@.......
	...

00009eac <__func__.3666>:
    9eac:	666c 5f73 6462 725f 6165 0064               lfs_bd_read.

00009eb8 <__func__.3712>:
    9eb8:	666c 5f73 6462 665f 756c 6873 0000 0000     lfs_bd_flush....

00009ec8 <__func__.3723>:
    9ec8:	666c 5f73 6462 735f 6e79 0063               lfs_bd_sync.

00009ed4 <__func__.3735>:
    9ed4:	666c 5f73 6462 705f 6f72 0067               lfs_bd_prog.

00009ee0 <__func__.3745>:
    9ee0:	666c 5f73 6462 655f 6172 6573 0000 0000     lfs_bd_erase....

00009ef0 <__func__.4022>:
    9ef0:	666c 5f73 6964 5f72 6567 7374 696c 6563     lfs_dir_getslice
    9f00:	0000 0000                                   ....

00009f04 <__func__.4106>:
    9f04:	666c 5f73 6964 5f72 7274 7661 7265 6573     lfs_dir_traverse
    9f14:	0000 0000                                   ....

00009f18 <__func__.4337>:
    9f18:	666c 5f73 6964 5f72 6f63 706d 6361 0074     lfs_dir_compact.

00009f28 <__func__.4377>:
    9f28:	666c 5f73 6964 5f72 6572 6f6c 6163 6974     lfs_dir_relocati
    9f38:	676e 6f63 6d6d 7469 0000 0000               ngcommit....

00009f44 <__func__.4434>:
    9f44:	666c 5f73 6964 5f72 726f 6870 6e61 6e69     lfs_dir_orphanin
    9f54:	6367 6d6f 696d 0074                         gcommit.

00009f5c <__func__.4678>:
    9f5c:	666c 5f73 6966 656c 725f 6165 5f64 0000     lfs_file_read_..

00009f6c <__func__.4706>:
    9f6c:	666c 5f73 6966 656c 775f 6972 6574 005f     lfs_file_write_.

00009f7c <__func__.4732>:
    9f7c:	666c 5f73 6966 656c 745f 7572 636e 7461     lfs_file_truncat
    9f8c:	5f65 0000                                   e_..

00009f90 <__func__.4776>:
    9f90:	666c 5f73 6572 6f6d 6576 005f               lfs_remove_.

00009f9c <__func__.4798>:
    9f9c:	666c 5f73 6572 616e 656d 005f               lfs_rename_.

00009fa8 <__func__.4840>:
    9fa8:	666c 5f73 6e69 7469 0000 0000               lfs_init....

00009fb4 <__func__.4853>:
    9fb4:	666c 5f73 6f66 6d72 7461 005f               lfs_format_.

00009fc0 <__func__.4978>:
    9fc0:	666c 5f73 7366 705f 6572 6f70 7072 6168     lfs_fs_preporpha
    9fd0:	736e 0000                                   ns..

00009fd4 <__func__.4995>:
    9fd4:	666c 5f73 7366 645f 6d65 766f 0065 0000     lfs_fs_demove...

00009fe4 <__func__.5126>:
    9fe4:	666c 5f73 6966 656c 6f5f 6570 006e 0000     lfs_file_open...

00009ff4 <__func__.5141>:
    9ff4:	666c 5f73 6966 656c 635f 6f6c 6573 0000     lfs_file_close..

0000a004 <__func__.5155>:
    a004:	666c 5f73 6966 656c 725f 6165 0064 0000     lfs_file_read...

0000a014 <__func__.5164>:
    a014:	666c 5f73 6966 656c 775f 6972 6574 0000     lfs_file_write..

0000a024 <__func__.5173>:
    a024:	666c 5f73 6966 656c 735f 6565 006b 0000     lfs_file_seek...

0000a034 <__func__.5181>:
    a034:	666c 5f73 6966 656c 745f 7572 636e 7461     lfs_file_truncat
    a044:	0065 0000                                   e...

0000a048 <__func__.5212>:
    a048:	666c 5f73 6964 5f72 706f 6e65 0000 0000     lfs_dir_open....

0000a058 <defaults.4606>:
	...
    a064:	7325 253a 3a64 7265 6f72 3a72 4e20 206f     %s:%d:error: No 
    a074:	6f6d 6572 6620 6572 2065 7073 6361 2065     more free space 
    a084:	7830 6c25 2578 0a73 0000 0000 6370 6361     0x%lx%s.....pcac
    a094:	6568 3e2d 6c62 636f 206b 203c 666c 2d73     he->block < lfs-
    a0a4:	623e 6f6c 6b63 635f 756f 746e 0000 0000     >block_count....
    a0b4:	6c62 636f 206b 3d3d 2820 6c28 7366 625f     block == ((lfs_b
    a0c4:	6f6c 6b63 745f 2d29 2932 7c20 207c 6c62     lock_t)-2) || bl
    a0d4:	636f 206b 203c 666c 2d73 623e 6f6c 6b63     ock < lfs->block
    a0e4:	635f 756f 746e 0000 666f 2066 202b 6973     _count..off + si
    a0f4:	657a 3c20 203d 666c 2d73 633e 6766 3e2d     ze <= lfs->cfg->
    a104:	6c62 636f 5f6b 6973 657a 0000 6370 6361     block_size..pcac
    a114:	6568 3e2d 6c62 636f 206b 3d3d 2820 6c28     he->block == ((l
    a124:	7366 625f 6f6c 6b63 745f 2d29 2931 0000     fs_block_t)-1)..
    a134:	7265 2072 3d3c 3020 0000 0000 2e2e 552f     err <= 0....../U
    a144:	6573 2f72 4146 2f54 7273 2f63 666c 2e73     ser/FAT/src/lfs.
    a154:	0063 0000 6c21 7366 3e2d 6c62 636f 5f6b     c...!lfs->block_
    a164:	6f63 6e75 2074 7c7c 6220 6f6c 6b63 3c20     count || block <
    a174:	6c20 7366 3e2d 6c62 636f 5f6b 6f63 6e75      lfs->block_coun
    a184:	0074 0000 6f63 6d6d 7469 6f2e 6666 2520     t...commit.off %
    a194:	6c20 7366 3e2d 6663 2d67 703e 6f72 5f67      lfs->cfg->prog_
    a1a4:	6973 657a 3d20 203d 0030 0000 7325 253a     size == 0...%s:%
    a1b4:	3a64 6177 6e72 203a 7553 6570 6272 6f6c     d:warn: Superblo
    a1c4:	6b63 3020 2578 786c 6820 7361 6220 6365     ck 0x%lx has bec
    a1d4:	6d6f 2065 6e75 7277 7469 6261 656c 7325     ome unwritable%s
    a1e4:	000a 0000 7325 253a 3a64 7265 6f72 3a72     ....%s:%d:error:
    a1f4:	4320 726f 7572 7470 6465 6420 7269 7020      Corrupted dir p
    a204:	6961 2072 7461 7b20 7830 6c25 2c78 3020     air at {0x%lx, 0
    a214:	2578 786c 257d 0a73 0000 0000 2e2e 0000     x%lx}%s.........
    a224:	002f 0000 6c21 7366 6d5f 696c 7473 695f     /...!lfs_mlist_i
    a234:	6f73 6570 286e 666c 2d73 6d3e 696c 7473     sopen(lfs->mlist
    a244:	202c 7328 7274 6375 2074 666c 5f73 6c6d     , (struct lfs_ml
    a254:	7369 2a74 6429 7269 0029 0000 7325 253a     ist*)dir)...%s:%
    a264:	3a64 6564 7562 3a67 5220 6c65 636f 7461     d:debug: Relocat
    a274:	6e69 2067 307b 2578 786c 202c 7830 6c25     ing {0x%lx, 0x%l
    a284:	7d78 2d20 203e 307b 2578 786c 202c 7830     x} -> {0x%lx, 0x
    a294:	6c25 7d78 7325 000a 7325 253a 3a64 6564     %lx}%s..%s:%d:de
    a2a4:	7562 3a67 4620 7869 6e69 2067 6f6d 6576     bug: Fixing move
    a2b4:	7720 6968 656c 7220 6c65 636f 7461 6e69      while relocatin
    a2c4:	2067 307b 2578 786c 202c 7830 6c25 7d78     g {0x%lx, 0x%lx}
    a2d4:	3020 2578 7868 250a 0a73 0000 2821 6168      0x%hx.%s...!(ha
    a2e4:	7073 7261 6e65 2074 2626 6520 7272 3d20     sparent && err =
    a2f4:	203d 464c 5f53 5245 5f52 4f4e 4e45 2954     = LFS_ERR_NOENT)
    a304:	0000 0000 002e 0000 6964 2d72 633e 756f     ........dir->cou
    a314:	746e 3e20 3020 0000 6470 7269 0000 0000     nt > 0..pdir....
    a324:	7325 253a 3a64 6177 6e72 203a 6e55 6261     %s:%d:warn: Unab
    a334:	656c 7420 206f 7073 696c 2074 307b 2578     le to split {0x%
    a344:	786c 202c 7830 6c25 7d78 7325 000a 0000     lx, 0x%lx}%s....
    a354:	7325 253a 3a64 6564 7562 3a67 4520 7078     %s:%d:debug: Exp
    a364:	6e61 6964 676e 7320 7075 7265 6c62 636f     anding superbloc
    a374:	206b 7461 7220 7665 2520 756c 7325 000a     k at rev %lu%s..
    a384:	7325 253a 3a64 6177 6e72 203a 6e55 6261     %s:%d:warn: Unab
    a394:	656c 7420 206f 7865 6170 646e 7320 7075     le to expand sup
    a3a4:	7265 6c62 636f 256b 0a73 0000 7073 3c20     erblock%s...sp <
    a3b4:	3320 0000 666c 5f73 6c6d 7369 5f74 7369      3..lfs_mlist_is
    a3c4:	706f 6e65 6c28 7366 3e2d 6c6d 7369 2c74     open(lfs->mlist,
    a3d4:	2820 7473 7572 7463 6c20 7366 6d5f 696c      (struct lfs_mli
    a3e4:	7473 292a 6966 656c 0029 0000 6c21 7366     st*)file)...!lfs
    a3f4:	6d5f 696c 7473 695f 6f73 6570 286e 666c     _mlist_isopen(lf
    a404:	2d73 6d3e 696c 7473 202c 7328 7274 6375     s->mlist, (struc
    a414:	2074 666c 5f73 6c6d 7369 2a74 6629 6c69     t lfs_mlist*)fil
    a424:	2965 0000 6628 6c69 2d65 663e 616c 7367     e)..(file->flags
    a434:	2620 4c20 5346 4f5f 525f 4f44 4c4e 2959      & LFS_O_RDONLY)
    a444:	3d20 203d 464c 5f53 5f4f 4452 4e4f 594c      == LFS_O_RDONLY
    a454:	0000 0000 7325 253a 3a64 6564 7562 3a67     ....%s:%d:debug:
    a464:	4220 6461 6220 6f6c 6b63 6120 2074 7830      Bad block at 0x
    a474:	6c25 2578 0a73 0000 6628 6c69 2d65 663e     %lx%s...(file->f
    a484:	616c 7367 2620 4c20 5346 4f5f 575f 4f52     lags & LFS_O_WRO
    a494:	4c4e 2959 3d20 203d 464c 5f53 5f4f 5257     NLY) == LFS_O_WR
    a4a4:	4e4f 594c 0000 0000 6663 2d67 623e 6f6c     ONLY....cfg->blo
    a4b4:	6b63 635f 756f 746e 2120 203d 0030 0000     ck_count != 0...
    a4c4:	696c 7474 656c 7366 0000 0000 7325 253a     littlefs....%s:%
    a4d4:	3a64 6564 7562 3a67 4620 7869 6e69 2067     d:debug: Fixing 
    a4e4:	6168 666c 6f2d 7072 6168 206e 307b 2578     half-orphan {0x%
    a4f4:	786c 202c 7830 6c25 7d78 2d20 203e 307b     lx, 0x%lx} -> {0
    a504:	2578 786c 202c 7830 6c25 7d78 7325 000a     x%lx, 0x%lx}%s..
    a514:	7325 253a 3a64 6564 7562 3a67 4620 7869     %s:%d:debug: Fix
    a524:	6e69 2067 6f6d 6576 7720 6968 656c 6620     ing move while f
    a534:	7869 6e69 2067 726f 6870 6e61 2073 307b     ixing orphans {0
    a544:	2578 786c 202c 7830 6c25 7d78 3020 2578     x%lx, 0x%lx} 0x%
    a554:	7868 250a 0a73 0000 7325 253a 3a64 6564     hx.%s...%s:%d:de
    a564:	7562 3a67 4620 7869 6e69 2067 726f 6870     bug: Fixing orph
    a574:	6e61 7b20 7830 6c25 2c78 3020 2578 786c     an {0x%lx, 0x%lx
    a584:	257d 0a73 0000 0000 7325 253a 3a64 6564     }%s.....%s:%d:de
    a594:	7562 3a67 5220 7765 6972 6974 676e 7320     bug: Rewriting s
    a5a4:	7075 7265 6c62 636f 206b 307b 2578 786c     uperblock {0x%lx
    a5b4:	202c 7830 6c25 7d78 7325 000a 7325 253a     , 0x%lx}%s..%s:%
    a5c4:	3a64 6564 7562 3a67 4620 7869 6e69 2067     d:debug: Fixing 
    a5d4:	6f6d 6576 7b20 7830 6c25 2c78 3020 2578     move {0x%lx, 0x%
    a5e4:	786c 207d 7830 6825 2578 0a73 0000 0000     lx} 0x%hx%s.....
    a5f4:	666c 5f73 6174 5f67 7974 6570 2833 666c     lfs_tag_type3(lf
    a604:	2d73 673e 6964 6b73 742e 6761 2029 3d3d     s->gdisk.tag) ==
    a614:	4c20 5346 545f 5059 5f45 4544 454c 4554      LFS_TYPE_DELETE
    a624:	0000 0000 666c 5f73 6174 5f67 6973 657a     ....lfs_tag_size
    a634:	6c28 7366 3e2d 7367 6174 6574 742e 6761     (lfs->gstate.tag
    a644:	2029 203e 7830 3030 2030 7c7c 6f20 7072     ) > 0x000 || orp
    a654:	6168 736e 3e20 203d 0030 0000 666c 5f73     hans >= 0...lfs_
    a664:	6174 5f67 6973 657a 6c28 7366 3e2d 7367     tag_size(lfs->gs
    a674:	6174 6574 742e 6761 2029 203c 7830 6631     tate.tag) < 0x1f
    a684:	2066 7c7c 6f20 7072 6168 736e 3c20 203d     f || orphans <= 
    a694:	0030 0000 666c 2d73 633e 6766 3e2d 6572     0...lfs->cfg->re
    a6a4:	6461 2120 203d 2828 6f76 6469 2a20 3029     ad != ((void *)0
    a6b4:	0029 0000 666c 2d73 633e 6766 3e2d 7270     )...lfs->cfg->pr
    a6c4:	676f 2120 203d 2828 6f76 6469 2a20 3029     og != ((void *)0
    a6d4:	0029 0000 666c 2d73 633e 6766 3e2d 7265     )...lfs->cfg->er
    a6e4:	7361 2065 3d21 2820 7628 696f 2064 292a     ase != ((void *)
    a6f4:	2930 0000 666c 2d73 633e 6766 3e2d 7973     0)..lfs->cfg->sy
    a704:	636e 2120 203d 2828 6f76 6469 2a20 3029     nc != ((void *)0
    a714:	0029 0000 666c 2d73 633e 6766 3e2d 6572     )...lfs->cfg->re
    a724:	6461 735f 7a69 2065 3d21 3020 0000 0000     ad_size != 0....
    a734:	666c 2d73 633e 6766 3e2d 7270 676f 735f     lfs->cfg->prog_s
    a744:	7a69 2065 3d21 3020 0000 0000 666c 2d73     ize != 0....lfs-
    a754:	633e 6766 3e2d 6163 6863 5f65 6973 657a     >cfg->cache_size
    a764:	2120 203d 0030 0000 666c 2d73 633e 6766      != 0...lfs->cfg
    a774:	3e2d 6163 6863 5f65 6973 657a 2520 6c20     ->cache_size % l
    a784:	7366 3e2d 6663 2d67 723e 6165 5f64 6973     fs->cfg->read_si
    a794:	657a 3d20 203d 0030 666c 2d73 633e 6766     ze == 0.lfs->cfg
    a7a4:	3e2d 6163 6863 5f65 6973 657a 2520 6c20     ->cache_size % l
    a7b4:	7366 3e2d 6663 2d67 703e 6f72 5f67 6973     fs->cfg->prog_si
    a7c4:	657a 3d20 203d 0030 666c 2d73 633e 6766     ze == 0.lfs->cfg
    a7d4:	3e2d 6c62 636f 5f6b 6973 657a 2520 6c20     ->block_size % l
    a7e4:	7366 3e2d 6663 2d67 633e 6361 6568 735f     fs->cfg->cache_s
    a7f4:	7a69 2065 3d3d 3020 0000 0000 666c 2d73     ize == 0....lfs-
    a804:	633e 6766 3e2d 6c62 636f 5f6b 6973 657a     >cfg->block_size
    a814:	3e20 203d 3231 0038 666c 2d73 633e 6766      >= 128.lfs->cfg
    a824:	3e2d 6c62 636f 5f6b 7963 6c63 7365 2120     ->block_cycles !
    a834:	203d 0030 666c 2d73 633e 6766 3e2d 6f63     = 0.lfs->cfg->co
    a844:	706d 6361 5f74 6874 6572 6873 3d20 203d     mpact_thresh == 
    a854:	2030 7c7c 6c20 7366 3e2d 6663 2d67 633e     0 || lfs->cfg->c
    a864:	6d6f 6170 7463 745f 7268 7365 2068 3d3e     ompact_thresh >=
    a874:	6c20 7366 3e2d 6663 2d67 623e 6f6c 6b63      lfs->cfg->block
    a884:	735f 7a69 2f65 0032 666c 2d73 633e 6766     _size/2.lfs->cfg
    a894:	3e2d 6f63 706d 6361 5f74 6874 6572 6873     ->compact_thresh
    a8a4:	3d20 203d 6c28 7366 735f 7a69 5f65 2974      == (lfs_size_t)
    a8b4:	312d 7c20 207c 666c 2d73 633e 6766 3e2d     -1 || lfs->cfg->
    a8c4:	6f63 706d 6361 5f74 6874 6572 6873 3c20     compact_thresh <
    a8d4:	203d 666c 2d73 633e 6766 3e2d 6c62 636f     = lfs->cfg->bloc
    a8e4:	5f6b 6973 657a 0000 6c21 7366 3e2d 6663     k_size..!lfs->cf
    a8f4:	2d67 6d3e 7465 6461 7461 5f61 616d 2078     g->metadata_max 
    a904:	7c7c 6c20 7366 3e2d 6663 2d67 6d3e 7465     || lfs->cfg->met
    a914:	6461 7461 5f61 616d 2078 2025 666c 2d73     adata_max % lfs-
    a924:	633e 6766 3e2d 6572 6461 735f 7a69 2065     >cfg->read_size 
    a934:	3d3d 3020 0000 0000 6c21 7366 3e2d 6663     == 0....!lfs->cf
    a944:	2d67 6d3e 7465 6461 7461 5f61 616d 2078     g->metadata_max 
    a954:	7c7c 6c20 7366 3e2d 6663 2d67 6d3e 7465     || lfs->cfg->met
    a964:	6461 7461 5f61 616d 2078 2025 666c 2d73     adata_max % lfs-
    a974:	633e 6766 3e2d 7270 676f 735f 7a69 2065     >cfg->prog_size 
    a984:	3d3d 3020 0000 0000 6c21 7366 3e2d 6663     == 0....!lfs->cf
    a994:	2d67 6d3e 7465 6461 7461 5f61 616d 2078     g->metadata_max 
    a9a4:	7c7c 6c20 7366 3e2d 6663 2d67 623e 6f6c     || lfs->cfg->blo
    a9b4:	6b63 735f 7a69 2065 2025 666c 2d73 633e     ck_size % lfs->c
    a9c4:	6766 3e2d 656d 6174 6164 6174 6d5f 7861     fg->metadata_max
    a9d4:	3d20 203d 0030 0000 666c 2d73 633e 6766      == 0...lfs->cfg
    a9e4:	3e2d 6f6c 6b6f 6861 6165 5f64 6973 657a     ->lookahead_size
    a9f4:	3e20 3020 0000 0000 666c 2d73 633e 6766      > 0....lfs->cfg
    aa04:	3e2d 616e 656d 6d5f 7861 3c20 203d 3532     ->name_max <= 25
    aa14:	0035 0000 666c 2d73 633e 6766 3e2d 6966     5...lfs->cfg->fi
    aa24:	656c 6d5f 7861 3c20 203d 3132 3734 3834     le_max <= 214748
    aa34:	3633 3734 0000 0000 666c 2d73 633e 6766     3647....lfs->cfg
    aa44:	3e2d 7461 7274 6d5f 7861 3c20 203d 3031     ->attr_max <= 10
    aa54:	3232 0000 666c 2d73 633e 6766 3e2d 656d     22..lfs->cfg->me
    aa64:	6174 6164 6174 6d5f 7861 3c20 203d 666c     tadata_max <= lf
    aa74:	2d73 633e 6766 3e2d 6c62 636f 5f6b 6973     s->cfg->block_si
    aa84:	657a 0000 666c 2d73 633e 6766 3e2d 6e69     ze..lfs->cfg->in
    aa94:	696c 656e 6d5f 7861 3d20 203d 6c28 7366     line_max == (lfs
    aaa4:	735f 7a69 5f65 2974 312d 7c20 207c 666c     _size_t)-1 || lf
    aab4:	2d73 633e 6766 3e2d 6e69 696c 656e 6d5f     s->cfg->inline_m
    aac4:	7861 3c20 203d 666c 2d73 633e 6766 3e2d     ax <= lfs->cfg->
    aad4:	6163 6863 5f65 6973 657a 0000 666c 2d73     cache_size..lfs-
    aae4:	633e 6766 3e2d 6e69 696c 656e 6d5f 7861     >cfg->inline_max
    aaf4:	3d20 203d 6c28 7366 735f 7a69 5f65 2974      == (lfs_size_t)
    ab04:	312d 7c20 207c 666c 2d73 633e 6766 3e2d     -1 || lfs->cfg->
    ab14:	6e69 696c 656e 6d5f 7861 3c20 203d 666c     inline_max <= lf
    ab24:	2d73 613e 7474 5f72 616d 0078 666c 2d73     s->attr_max.lfs-
    ab34:	633e 6766 3e2d 6e69 696c 656e 6d5f 7861     >cfg->inline_max
    ab44:	3d20 203d 6c28 7366 735f 7a69 5f65 2974      == (lfs_size_t)
    ab54:	312d 7c20 207c 666c 2d73 633e 6766 3e2d     -1 || lfs->cfg->
    ab64:	6e69 696c 656e 6d5f 7861 3c20 203d 2828     inline_max <= ((
    ab74:	666c 2d73 633e 6766 3e2d 656d 6174 6164     lfs->cfg->metada
    ab84:	6174 6d5f 7861 2029 203f 666c 2d73 633e     ta_max) ? lfs->c
    ab94:	6766 3e2d 656d 6174 6164 6174 6d5f 7861     fg->metadata_max
    aba4:	3a20 6c20 7366 3e2d 6663 2d67 623e 6f6c      : lfs->cfg->blo
    abb4:	6b63 735f 7a69 2965 382f 0000 7325 253a     ck_size)/8..%s:%
    abc4:	3a64 7265 6f72 3a72 4920 766e 6c61 6469     d:error: Invalid
    abd4:	7620 7265 6973 6e6f 7620 6825 2e75 6825      version v%hu.%h
    abe4:	2075 3d21 7620 6825 2e75 6825 2575 0a73     u != v%hu.%hu%s.
    abf4:	0000 0000 7325 253a 3a64 6564 7562 3a67     ....%s:%d:debug:
    ac04:	4620 756f 646e 6f20 646c 7265 6d20 6e69      Found older min
    ac14:	726f 7620 7265 6973 6e6f 7620 6825 2e75     or version v%hu.
    ac24:	6825 2075 203c 2576 7568 252e 7568 7325     %hu < v%hu.%hu%s
    ac34:	000a 0000 7325 253a 3a64 7265 6f72 3a72     ....%s:%d:error:
    ac44:	5520 736e 7075 6f70 7472 6465 6e20 6d61      Unsupported nam
    ac54:	5f65 616d 2078 2528 756c 3e20 2520 756c     e_max (%lu > %lu
    ac64:	2529 0a73 0000 0000 7325 253a 3a64 7265     )%s.....%s:%d:er
    ac74:	6f72 3a72 5520 736e 7075 6f70 7472 6465     ror: Unsupported
    ac84:	6620 6c69 5f65 616d 2078 2528 756c 3e20      file_max (%lu >
    ac94:	2520 756c 2529 0a73 0000 0000 7325 253a      %lu)%s.....%s:%
    aca4:	3a64 7265 6f72 3a72 5520 736e 7075 6f70     d:error: Unsuppo
    acb4:	7472 6465 6120 7474 5f72 616d 2078 2528     rted attr_max (%
    acc4:	756c 3e20 2520 756c 2529 0a73 0000 0000     lu > %lu)%s.....
    acd4:	7325 253a 3a64 7265 6f72 3a72 4920 766e     %s:%d:error: Inv
    ace4:	6c61 6469 6220 6f6c 6b63 6320 756f 746e     alid block count
    acf4:	2820 6c25 2075 3d21 2520 756c 2529 0a73      (%lu != %lu)%s.
    ad04:	0000 0000 7325 253a 3a64 7265 6f72 3a72     ....%s:%d:error:
    ad14:	4920 766e 6c61 6469 6220 6f6c 6b63 7320      Invalid block s
    ad24:	7a69 2065 2528 756c 2120 203d 6c25 2975     ize (%lu != %lu)
    ad34:	7325 000a 7325 253a 3a64 6564 7562 3a67     %s..%s:%d:debug:
    ad44:	4620 756f 646e 7020 6e65 6964 676e 6720      Found pending g
    ad54:	7473 7461 2065 7830 3025 6c38 2578 3830     state 0x%08lx%08
    ad64:	786c 3025 6c38 2578 0a73 0000 666c 5f73     lx%08lx%s...lfs_
    ad74:	6174 5f67 7974 6570 2833 6174 2967 3d20     tag_type3(tag) =
    ad84:	203d 464c 5f53 5954 4550 445f 5249 0000     = LFS_TYPE_DIR..
    ad94:	7270 7665 6174 2067 3d21 4c20 5346 455f     prevtag != LFS_E
    ada4:	5252 4e5f 454f 544e 2620 2026 666c 5f73     RR_NOENT && lfs_
    adb4:	6174 5f67 7974 6570 2833 7270 7665 6174     tag_type3(prevta
    adc4:	2967 3d20 203d 464c 5f53 5954 4550 445f     g) == LFS_TYPE_D
    add4:	5249 0000 7325 253a 3a64 6177 6e72 203a     IR..%s:%d:warn: 
    ade4:	7943 6c63 2065 6564 6574 7463 6465 6920     Cycle detected i
    adf4:	206e 6174 6c69 6c20 7369 2574 0a73 0000     n tail list%s...

0000ae04 <rtable.3322>:
    ae04:	0000 0000 1064 1db7 20c8 3b6e 30ac 26d9     ....d.... n;.0.&
    ae14:	4190 76dc 51f4 6b6b 6158 4db2 713c 5005     .A.v.QkkXa.M<q.P
    ae24:	8320 edb8 9344 f00f a3e8 d6d6 b38c cb61      ...D.........a.
    ae34:	c2b0 9b64 d2d4 86d3 e278 a00a f21c bdbd     ..d.....x.......
    ae44:	6e49 7469 6169 696c 6973 676e 2e2e 0d2e     Initialising....
    ae54:	0000 0000 7453 7261 6974 676e 6d20 6961     ....Starting mai
    ae64:	206e 6f6c 706f 0d2e 0000 0000               n loop......

0000ae70 <__clz_tab>:
    ae70:	0100 0202 0303 0303 0404 0404 0404 0404     ................
    ae80:	0505 0505 0505 0505 0505 0505 0505 0505     ................
    ae90:	0606 0606 0606 0606 0606 0606 0606 0606     ................
    aea0:	0606 0606 0606 0606 0606 0606 0606 0606     ................
    aeb0:	0707 0707 0707 0707 0707 0707 0707 0707     ................
    aec0:	0707 0707 0707 0707 0707 0707 0707 0707     ................
    aed0:	0707 0707 0707 0707 0707 0707 0707 0707     ................
    aee0:	0707 0707 0707 0707 0707 0707 0707 0707     ................
    aef0:	0808 0808 0808 0808 0808 0808 0808 0808     ................
    af00:	0808 0808 0808 0808 0808 0808 0808 0808     ................
    af10:	0808 0808 0808 0808 0808 0808 0808 0808     ................
    af20:	0808 0808 0808 0808 0808 0808 0808 0808     ................
    af30:	0808 0808 0808 0808 0808 0808 0808 0808     ................
    af40:	0808 0808 0808 0808 0808 0808 0808 0808     ................
    af50:	0808 0808 0808 0808 0808 0808 0808 0808     ................
    af60:	0808 0808 0808 0808 0808 0808 0808 0808     ................
    af70:	202c 7566 636e 6974 6e6f 203a 0000 0000     , function: ....
    af80:	7361 6573 7472 6f69 206e 2522 2273 6620     assertion "%s" f
    af90:	6961 656c 3a64 6620 6c69 2065 2522 2273     ailed: file "%s"
    afa0:	202c 696c 656e 2520 2564 2573 0a73 0000     , line %d%s%s...
    afb0:	2d23 2b30 0020 0000 6c68 004c 6665 4567     #-0+ ...hlL.efgE
    afc0:	4746 0000 3130 3332 3534 3736 3938 4241     FG..0123456789AB
    afd0:	4443 4645 0000 0000 3130 3332 3534 3736     CDEF....01234567
    afe0:	3938 6261 6463 6665 0000 0000               89abcdef....

0000afec <__sf_fake_stderr>:
	...

0000b00c <__sf_fake_stdin>:
	...

0000b02c <__sf_fake_stdout>:
	...
